id,pg,genes,uniquecontrast,logfc,pvalue,adjpval,significant,plate
25,PG_00000,G_00000,SRB-9000000.001.Pw00_vs_DMSO,1.1539494616050738,0.04073240904116234,0.17605296753871752,1,Pw00
27,PG_00001,G_00001,SRB-9000000.001.Pw00_vs_DMSO,1.3069356214624714,0.7231056486081548,1.0,0,Pw00
29,PG_00002,G_00002,SRB-9000000.001.Pw00_vs_DMSO,0.8717860421076358,0.24885157107970998,1.0,0,Pw00
31,PG_00003,G_00003,SRB-9000000.001.Pw00_vs_DMSO,1.2126024739222683,0.20290105606697553,0.7680337441008459,0,Pw00
33,PG_00004,G_00004,SRB-9000000.001.Pw00_vs_DMSO,1.318773242404675,0.978244722048734,1.0,0,Pw00
35,PG_00005,G_00005,SRB-9000000.001.Pw00_vs_DMSO,1.02153473240757,0.7476069037498583,1.0,0,Pw00
37,PG_00006,G_00006,SRB-9000000.001.Pw00_vs_DMSO,1.4936625758451016,0.49250097958485217,1.0,0,Pw00
39,PG_00007,G_00007,SRB-9000000.001.Pw00_vs_DMSO,0.19174334397156936,0.0006810206672592765,0.003235560877734784,0,Pw00
41,PG_00008,G_00008,SRB-9000000.001.Pw00_vs_DMSO,1.232338029087888,0.7968088137652207,0.8928121261800054,0,Pw00
43,PG_00009,G_00009,SRB-9000000.001.Pw00_vs_DMSO,-0.9195069010934305,0.6554552511797056,0.9802298770484397,0,Pw00
45,PG_00010,G_00010,SRB-9000000.001.Pw00_vs_DMSO,1.3644637228640193,0.6273756906316292,0.8289732401987442,0,Pw00
47,PG_00011,G_00011,SRB-9000000.001.Pw00_vs_DMSO,1.4258610724592424,0.9611784226381695,1.0,0,Pw00
49,PG_00012,G_00012,SRB-9000000.001.Pw00_vs_DMSO,0.4997910920275817,0.7028650671369047,1.0,0,Pw00
51,PG_00013,G_00013,SRB-9000000.001.Pw00_vs_DMSO,0.31465348873399973,0.0754083864428357,0.1749004845161404,0,Pw00
53,PG_00014,G_00014,SRB-9000000.001.Pw00_vs_DMSO,2.306714649838657,0.8698924403251042,1.0,0,Pw00
55,PG_00015,G_00015,SRB-9000000.001.Pw00_vs_DMSO,0.15534061624245663,0.43351024252324427,1.0,0,Pw00
57,PG_00016,G_00016,SRB-9000000.001.Pw00_vs_DMSO,-0.9065472371021981,0.5370755792070027,1.0,0,Pw00
59,PG_00017,G_00017,SRB-9000000.001.Pw00_vs_DMSO,-0.7468335145267248,0.6095500121502386,1.0,0,Pw00
61,PG_00018,G_00018,SRB-9000000.001.Pw00_vs_DMSO,1.5016156561961655,0.5922796941055244,0.9153899660113474,0,Pw00
63,PG_00019,G_00019,SRB-9000000.001.Pw00_vs_DMSO,0.4823954667955971,0.051446174600827684,0.25639760312635496,0,Pw00
65,PG_00020,G_00020,SRB-9000000.001.Pw00_vs_DMSO,-2.510492203383661,0.14026487871757282,0.47532276708009114,0,Pw00
67,PG_00021,G_00021,SRB-9000000.001.Pw00_vs_DMSO,-0.9610629919248707,0.5854075892449635,1.0,0,Pw00
69,PG_00022,G_00022,SRB-9000000.001.Pw00_vs_DMSO,-0.8948076028264002,0.9834465966109367,1.0,0,Pw00
71,PG_00023,G_00023,SRB-9000000.001.Pw00_vs_DMSO,2.126150709520519,0.6518189450127002,1.0,0,Pw00
73,PG_00024,G_00024,SRB-9000000.001.Pw00_vs_DMSO,2.732134253042159,0.3752674996838369,0.6718683278738775,0,Pw00
75,PG_00025,G_00025,SRB-9000000.001.Pw00_vs_DMSO,-2.561841220793476,0.9247943285662489,1.0,0,Pw00
77,PG_00026,G_00026,SRB-9000000.001.Pw00_vs_DMSO,1.4100072218587172,0.8495563807024622,1.0,0,Pw00
79,PG_00027,G_00027,SRB-9000000.001.Pw00_vs_DMSO,0.5268012159769755,0.34610325640346606,1.0,0,Pw00
81,PG_00028,G_00028,SRB-9000000.001.Pw00_vs_DMSO,0.9379094001651546,0.2779681216371679,1.0,0,Pw00
83,PG_00029,G_00029,SRB-9000000.001.Pw00_vs_DMSO,1.3472078631934337,0.9657600903200344,1.0,0,Pw00
85,PG_00030,G_00030,SRB-9000000.001.Pw00_vs_DMSO,1.8384749230509936,0.7739421588876654,0.797075182436308,0,Pw00
87,PG_00031,G_00031,SRB-9000000.001.Pw00_vs_DMSO,2.3984216095658457,0.7553262667488272,1.0,0,Pw00
89,PG_00032,G_00032,SRB-9000000.001.Pw00_vs_DMSO,0.07187951987216931,0.9653976550316676,1.0,0,Pw00
91,PG_00033,G_00033,SRB-9000000.001.Pw00_vs_DMSO,0.8972680941083451,0.9880704940258921,1.0,0,Pw00
93,PG_00034,G_00034,SRB-9000000.001.Pw00_vs_DMSO,1.1933425177000647,0.9178557661683036,1.0,0,Pw00
95,PG_00035,G_00035,SRB-9000000.001.Pw00_vs_DMSO,-1.7382759269629866,0.4723909757360599,1.0,0,Pw00
97,PG_00036,G_00036,SRB-9000000.001.Pw00_vs_DMSO,-1.6783272991766556,0.16179720040997053,0.6998706547058431,0,Pw00
99,PG_00037,G_00037,SRB-9000000.001.Pw00_vs_DMSO,-1.4783173216451495,0.2353027525301055,0.5822456757659639,0,Pw00
101,PG_00038,G_00038,SRB-9000000.001.Pw00_vs_DMSO,-2.0306427307035215,0.7332917158612404,1.0,0,Pw00
103,PG_00039,G_00039,SRB-9000000.001.Pw00_vs_DMSO,-1.2597872271068,0.4411646469466341,1.0,0,Pw00
105,PG_00040,G_00040,SRB-9000000.001.Pw00_vs_DMSO,-0.7844010152308631,0.9414486378941129,1.0,0,Pw00
107,PG_00041,G_00041,SRB-9000000.001.Pw00_vs_DMSO,1.9774026769387407,0.692660838928962,0.7773834513622009,0,Pw00
109,PG_00042,G_00042,SRB-9000000.001.Pw00_vs_DMSO,-3.5969478387230707,0.2714251871624718,1.0,0,Pw00
111,PG_00043,G_00043,SRB-9000000.001.Pw00_vs_DMSO,-1.91820080488804,0.6363394428232306,1.0,0,Pw00
113,PG_00044,G_00044,SRB-9000000.001.Pw00_vs_DMSO,0.5767061410535186,0.38742822883366923,1.0,0,Pw00
115,PG_00045,G_00045,SRB-9000000.001.Pw00_vs_DMSO,1.4997066447207534,0.11128638364791985,0.4642313656854493,0,Pw00
117,PG_00046,G_00046,SRB-9000000.001.Pw00_vs_DMSO,-0.678098302463988,0.3234961431942269,1.0,0,Pw00
119,PG_00047,G_00047,SRB-9000000.001.Pw00_vs_DMSO,2.5454584919595376,0.3359967213589331,0.9869522624859612,0,Pw00
121,PG_00048,G_00048,SRB-9000000.001.Pw00_vs_DMSO,-0.15975496343480972,0.7644027928786469,1.0,0,Pw00
123,PG_00049,G_00049,SRB-9000000.001.Pw00_vs_DMSO,1.5950873477395957,0.5465863976975853,1.0,0,Pw00
125,PG_00050,G_00050,SRB-9000000.001.Pw00_vs_DMSO,1.1977057381656329,0.592620668304944,1.0,0,Pw00
127,PG_00051,G_00051,SRB-9000000.001.Pw00_vs_DMSO,-0.5101554932757203,0.4162366775655772,0.47362621848519937,0,Pw00
129,PG_00052,G_00052,SRB-9000000.001.Pw00_vs_DMSO,0.2536621937624798,0.0979980449053062,0.42584586984160194,0,Pw00
131,PG_00053,G_00053,SRB-9000000.001.Pw00_vs_DMSO,-2.428404710035676,0.4529748542039698,1.0,0,Pw00
133,PG_00054,G_00054,SRB-9000000.001.Pw00_vs_DMSO,-1.0661945806718103,0.5051824157391284,1.0,0,Pw00
135,PG_00055,G_00055,SRB-9000000.001.Pw00_vs_DMSO,3.6759861905578823,0.5437106428943147,1.0,0,Pw00
137,PG_00056,G_00056,SRB-9000000.001.Pw00_vs_DMSO,-2.6171493061275366,0.24038315232544674,0.8775250972537343,0,Pw00
139,PG_00057,G_00057,SRB-9000000.001.Pw00_vs_DMSO,0.04701877996359857,0.7343611086715898,1.0,0,Pw00
141,PG_00058,G_00058,SRB-9000000.001.Pw00_vs_DMSO,1.5746576190264832,0.5139647016479618,1.0,0,Pw00
143,PG_00059,G_00059,SRB-9000000.001.Pw00_vs_DMSO,3.0255714009066246,0.2906192924006823,0.813733236932696,0,Pw00
145,PG_00000,G_00000,SRB-9000000.001.Pw01_vs_DMSO,-1.7649177517868124,0.02104677469965155,0.056086794616309284,1,Pw01
147,PG_00001,G_00001,SRB-9000000.001.Pw01_vs_DMSO,2.1266923468096754,0.19443749298285193,0.3888241681622671,0,Pw01
149,PG_00002,G_00002,SRB-9000000.001.Pw01_vs_DMSO,0.07885628151048568,0.6553893600807575,1.0,0,Pw01
151,PG_00003,G_00003,SRB-9000000.001.Pw01_vs_DMSO,0.5481227999887257,0.7273303730350468,1.0,0,Pw01
153,PG_00004,G_00004,SRB-9000000.001.Pw01_vs_DMSO,2.16281799381654,0.14760089449774677,0.32358746472018685,0,Pw01
155,PG_00005,G_00005,SRB-9000000.001.Pw01_vs_DMSO,0.4586208781752642,0.6705999102891258,1.0,0,Pw01
157,PG_00006,G_00006,SRB-9000000.001.Pw01_vs_DMSO,0.8008678441364355,0.23225279461223963,0.36260015709902427,0,Pw01
159,PG_00007,G_00007,SRB-9000000.001.Pw01_vs_DMSO,0.9099031594816676,0.7917901825363693,1.0,0,Pw01
161,PG_00008,G_00008,SRB-9000000.001.Pw01_vs_DMSO,-0.8118989191397952,0.12842171024892304,0.16132694152854812,0,Pw01
163,PG_00009,G_00009,SRB-9000000.001.Pw01_vs_DMSO,1.0564748439610558,0.48239795937516433,0.8144480692291284,0,Pw01
165,PG_00010,G_00010,SRB-9000000.001.Pw01_vs_DMSO,-0.39055972276145423,0.23724540930367088,1.0,0,Pw01
167,PG_00011,G_00011,SRB-9000000.001.Pw01_vs_DMSO,1.7431834196513185,0.4646180885559729,1.0,0,Pw01
169,PG_00012,G_00012,SRB-9000000.001.Pw01_vs_DMSO,-0.8596893811891296,0.31165925778155457,0.8517151736216613,0,Pw01
171,PG_00013,G_00013,SRB-9000000.001.Pw01_vs_DMSO,-0.6038196573055156,0.333912600333062,0.7927683445750361,0,Pw01
173,PG_00014,G_00014,SRB-9000000.001.Pw01_vs_DMSO,0.10713825708319025,0.5582617011485986,1.0,0,Pw01
175,PG_00015,G_00015,SRB-9000000.001.Pw01_vs_DMSO,-0.785322990959326,0.6468327861677627,0.907705109857536,0,Pw01
177,PG_00016,G_00016,SRB-9000000.001.Pw01_vs_DMSO,-1.0779146878194612,0.49438931353251114,0.9493455213781342,0,Pw01
179,PG_00017,G_00017,SRB-9000000.001.Pw01_vs_DMSO,1.128412459341026,0.5584232586064697,1.0,0,Pw01
181,PG_00018,G_00018,SRB-9000000.001.Pw01_vs_DMSO,0.4366115282193632,0.7827201180443785,1.0,0,Pw01
183,PG_00019,G_00019,SRB-9000000.001.Pw01_vs_DMSO,2.7269141745952807,0.09214283671261934,0.3461406698638268,0,Pw01
185,PG_00020,G_00020,SRB-9000000.001.Pw01_vs_DMSO,-0.5020230046825829,0.7659532021347328,1.0,0,Pw01
187,PG_00021,G_00021,SRB-9000000.001.Pw01_vs_DMSO,-0.32151971053929135,0.8373142520227143,1.0,0,Pw01
189,PG_00022,G_00022,SRB-9000000.001.Pw01_vs_DMSO,0.2706733931525147,0.22285072908019707,0.7045101408333211,0,Pw01
191,PG_00023,G_00023,SRB-9000000.001.Pw01_vs_DMSO,0.09754699500744901,0.48248258111235914,0.9401442208425922,0,Pw01
193,PG_00024,G_00024,SRB-9000000.001.Pw01_vs_DMSO,-1.3197795428618901,0.7775345242631633,0.8623054063846797,0,Pw01
195,PG_00025,G_00025,SRB-9000000.001.Pw01_vs_DMSO,3.6294183452106275,0.4793965814908888,1.0,0,Pw01
197,PG_00026,G_00026,SRB-9000000.001.Pw01_vs_DMSO,0.49766977431959303,0.07691453790799004,0.16528419901418173,0,Pw01
199,PG_00027,G_00027,SRB-9000000.001.Pw01_vs_DMSO,0.018486215335741487,0.8677008871220158,1.0,0,Pw01
201,PG_00028,G_00028,SRB-9000000.001.Pw01_vs_DMSO,-0.21495871887716184,0.9082905744744636,1.0,0,Pw01
203,PG_00029,G_00029,SRB-9000000.001.Pw01_vs_DMSO,-0.7683424731713122,0.2335411330610517,0.4105243556531563,0,Pw01
205,PG_00030,G_00030,SRB-9000000.001.Pw01_vs_DMSO,-0.264018185573649,0.1256083572099519,0.40330862178380883,0,Pw01
207,PG_00031,G_00031,SRB-9000000.001.Pw01_vs_DMSO,1.3994483195649141,0.2974704429466728,0.7559729509460164,0,Pw01
209,PG_00032,G_00032,SRB-9000000.001.Pw01_vs_DMSO,-1.2079236387399752,0.3835332948088239,1.0,0,Pw01
211,PG_00033,G_00033,SRB-9000000.001.Pw01_vs_DMSO,-2.3048413491056943,0.5810362881336865,1.0,0,Pw01
213,PG_00034,G_00034,SRB-9000000.001.Pw01_vs_DMSO,-1.0014304228274038,0.8399684883545296,1.0,0,Pw01
215,PG_00035,G_00035,SRB-9000000.001.Pw01_vs_DMSO,-0.08269174407625088,0.9520588077983279,1.0,0,Pw01
217,PG_00036,G_00036,SRB-9000000.001.Pw01_vs_DMSO,1.5328759999095598,0.013310723771763545,0.05082145963521004,1,Pw01
219,PG_00037,G_00037,SRB-9000000.001.Pw01_vs_DMSO,1.3929609356931956,0.3158835775048077,1.0,0,Pw01
221,PG_00038,G_00038,SRB-9000000.001.Pw01_vs_DMSO,0.4467117652852207,0.5957673257633432,1.0,0,Pw01
223,PG_00039,G_00039,SRB-9000000.001.Pw01_vs_DMSO,2.8151037830814554,0.10638810563108357,0.45795948126834923,0,Pw01
225,PG_00040,G_00040,SRB-9000000.001.Pw01_vs_DMSO,-0.03834861238105717,0.8652151017801382,1.0,0,Pw01
227,PG_00041,G_00041,SRB-9000000.001.Pw01_vs_DMSO,0.11704792214521681,0.020235607776731213,0.06231966636867992,0,Pw01
229,PG_00042,G_00042,SRB-9000000.001.Pw01_vs_DMSO,-2.0348477487729384,0.4541136842559572,0.9907606204680386,0,Pw01
231,PG_00043,G_00043,SRB-9000000.001.Pw01_vs_DMSO,-1.1074874645427493,0.9030436013402302,1.0,0,Pw01
233,PG_00044,G_00044,SRB-9000000.001.Pw01_vs_DMSO,1.018414202662548,0.2125525755964841,0.6398825538862702,0,Pw01
235,PG_00045,G_00045,SRB-9000000.001.Pw01_vs_DMSO,1.2466357402634032,0.28953794056693194,0.8352177150432614,0,Pw01
237,PG_00046,G_00046,SRB-9000000.001.Pw01_vs_DMSO,1.126425281716502,0.30305136143685973,1.0,0,Pw01
239,PG_00047,G_00047,SRB-9000000.001.Pw01_vs_DMSO,-0.8122896858223788,0.7946855591963237,1.0,0,Pw01
241,PG_00048,G_00048,SRB-9000000.001.Pw01_vs_DMSO,-0.5494388085791836,0.039141952606892357,0.0677094377987771,0,Pw01
243,PG_00049,G_00049,SRB-9000000.001.Pw01_vs_DMSO,-0.4584827013347271,0.10620827377440988,0.32466770450038535,0,Pw01
245,PG_00050,G_00050,SRB-9000000.001.Pw01_vs_DMSO,-0.4455706978737264,0.41835666035323926,0.7899690187930913,0,Pw01
247,PG_00051,G_00051,SRB-9000000.001.Pw01_vs_DMSO,-0.49704296761866645,0.057147254421896915,0.06602432650321041,0,Pw01
249,PG_00052,G_00052,SRB-9000000.001.Pw01_vs_DMSO,-0.18587230474119212,0.09253185830715308,0.09815214996879243,0,Pw01
251,PG_00053,G_00053,SRB-9000000.001.Pw01_vs_DMSO,0.5746786296642574,0.46155302699737905,1.0,0,Pw01
253,PG_00054,G_00054,SRB-9000000.001.Pw01_vs_DMSO,0.5177494150748715,0.6847309973559639,1.0,0,Pw01
255,PG_00055,G_00055,SRB-9000000.001.Pw01_vs_DMSO,-0.37505112633025794,0.8393071006302559,1.0,0,Pw01
257,PG_00056,G_00056,SRB-9000000.001.Pw01_vs_DMSO,2.1103304503509843,0.0478373586165304,0.06952611369421977,1,Pw01
259,PG_00057,G_00057,SRB-9000000.001.Pw01_vs_DMSO,-0.8663658014381175,0.39935078070105573,1.0,0,Pw01
261,PG_00058,G_00058,SRB-9000000.001.Pw01_vs_DMSO,1.0001875116608439,0.2917935302029821,0.5706496466234402,0,Pw01
263,PG_00059,G_00059,SRB-9000000.001.Pw01_vs_DMSO,-0.35059857914349996,0.25869991003723974,0.6338405750478159,0,Pw01
265,PG_00000,G_00000,SRB-9000001.001.Pw00_vs_DMSO,-0.7108929912463993,0.4173201821169807,1.0,0,Pw00
267,PG_00001,G_00001,SRB-9000001.001.Pw00_vs_DMSO,2.2690389419678474,0.44469115413711724,1.0,0,Pw00
269,PG_00002,G_00002,SRB-9000001.001.Pw00_vs_DMSO,-0.852174676211821,0.9712402827430878,1.0,0,Pw00
271,PG_00003,G_00003,SRB-9000001.001.Pw00_vs_DMSO,0.10975810663939005,0.9075348223944151,1.0,0,Pw00
273,PG_00004,G_00004,SRB-9000001.001.Pw00_vs_DMSO,-3.729113579716052,0.3252333575838856,1.0,0,Pw00
275,PG_00005,G_00005,SRB-9000001.001.Pw00_vs_DMSO,-0.6187189954635617,0.02441652178846578,0.09623046494940668,0,Pw00
277,PG_00006,G_00006,SRB-9000001.001.Pw00_vs_DMSO,-0.13987068134514496,0.549510265633318,1.0,0,Pw00
279,PG_00007,G_00007,SRB-9000001.001.Pw00_vs_DMSO,-1.5436799752868446,0.10419587938825461,0.48986959041683653,0,Pw00
281,PG_00008,G_00008,SRB-9000001.001.Pw00_vs_DMSO,-0.35475340744303085,0.17653357504084402,0.6128324763599393,0,Pw00
283,PG_00009,G_00009,SRB-9000001.001.Pw00_vs_DMSO,-0.9953405228130114,0.16966870515933707,0.28028004689160335,0,Pw00
285,PG_00010,G_00010,SRB-9000001.001.Pw00_vs_DMSO,-0.5225163531974957,0.829409520296409,1.0,0,Pw00
287,PG_00011,G_00011,SRB-9000001.001.Pw00_vs_DMSO,1.8494094888599946,0.7384835159750497,1.0,0,Pw00
289,PG_00012,G_00012,SRB-9000001.001.Pw00_vs_DMSO,1.8229068029526803,0.8844289117011488,1.0,0,Pw00
291,PG_00013,G_00013,SRB-9000001.001.Pw00_vs_DMSO,0.7191828259981554,0.9332482059996339,1.0,0,Pw00
293,PG_00014,G_00014,SRB-9000001.001.Pw00_vs_DMSO,0.3601287641388902,0.7267562432095207,1.0,0,Pw00
295,PG_00015,G_00015,SRB-9000001.001.Pw00_vs_DMSO,-0.7203243683616047,0.8505248823635472,1.0,0,Pw00
297,PG_00016,G_00016,SRB-9000001.001.Pw00_vs_DMSO,0.9906469476523521,0.18963777195681902,0.4340962565013059,0,Pw00
299,PG_00017,G_00017,SRB-9000001.001.Pw00_vs_DMSO,1.8562633138938844,0.7311995640194376,0.7428417110504189,0,Pw00
301,PG_00018,G_00018,SRB-9000001.001.Pw00_vs_DMSO,-1.9585896273560088,0.7853741919997799,0.8574120353084779,0,Pw00
303,PG_00019,G_00019,SRB-9000001.001.Pw00_vs_DMSO,-0.40372246005618573,0.8399995709239394,1.0,0,Pw00
305,PG_00020,G_00020,SRB-9000001.001.Pw00_vs_DMSO,-2.349536607688284,0.08873935031403664,0.22469679017617655,0,Pw00
307,PG_00021,G_00021,SRB-9000001.001.Pw00_vs_DMSO,-0.73145716285214,0.5181828147026157,1.0,0,Pw00
309,PG_00022,G_00022,SRB-9000001.001.Pw00_vs_DMSO,0.24065065294589508,0.0252546041376862,0.09710604079758046,0,Pw00
311,PG_00023,G_00023,SRB-9000001.001.Pw00_vs_DMSO,-3.791741455433364,0.8554666321381448,0.8948250707523554,0,Pw00
313,PG_00024,G_00024,SRB-9000001.001.Pw00_vs_DMSO,-1.7823010727793518,0.2131811961034833,0.5238540900809385,0,Pw00
315,PG_00025,G_00025,SRB-9000001.001.Pw00_vs_DMSO,2.0373430032564133,0.8209050053865915,1.0,0,Pw00
317,PG_00026,G_00026,SRB-9000001.001.Pw00_vs_DMSO,0.48732536262899245,0.8809315281446527,1.0,0,Pw00
319,PG_00027,G_00027,SRB-9000001.001.Pw00_vs_DMSO,0.8470472189115823,0.5160130190439148,1.0,0,Pw00
321,PG_00028,G_00028,SRB-9000001.001.Pw00_vs_DMSO,-0.3986851072253001,0.06386830404780053,0.13157500831161648,0,Pw00
323,PG_00029,G_00029,SRB-9000001.001.Pw00_vs_DMSO,-0.07824833157068688,0.43175233014937703,0.5164109818751136,0,Pw00
325,PG_00030,G_00030,SRB-9000001.001.Pw00_vs_DMSO,0.7223785889806833,0.8853547407889056,1.0,0,Pw00
327,PG_00031,G_00031,SRB-9000001.001.Pw00_vs_DMSO,0.9465428129190027,0.5685694369998184,0.901286468424131,0,Pw00
329,PG_00032,G_00032,SRB-9000001.001.Pw00_vs_DMSO,2.2042665140317084,0.6324231425052882,1.0,0,Pw00
331,PG_00033,G_00033,SRB-9000001.001.Pw00_vs_DMSO,1.0352516181447498,0.16195725267674216,0.5928153844666486,0,Pw00
333,PG_00034,G_00034,SRB-9000001.001.Pw00_vs_DMSO,0.8043422091162066,0.040678845272649505,0.17680901197011617,0,Pw00
335,PG_00035,G_00035,SRB-9000001.001.Pw00_vs_DMSO,-0.05392731260731451,0.09389171938358092,0.41402036264669284,0,Pw00
337,PG_00036,G_00036,SRB-9000001.001.Pw00_vs_DMSO,0.45840549095363714,0.7483791337630021,1.0,0,Pw00
339,PG_00037,G_00037,SRB-9000001.001.Pw00_vs_DMSO,-0.4118794607687757,0.14068193460710457,0.6875121743621424,0,Pw00
341,PG_00038,G_00038,SRB-9000001.001.Pw00_vs_DMSO,-0.44010639765247944,0.1472130200435809,0.7282820996102533,0,Pw00
343,PG_00039,G_00039,SRB-9000001.001.Pw00_vs_DMSO,0.4791585878141048,0.28823135844832787,1.0,0,Pw00
345,PG_00040,G_00040,SRB-9000001.001.Pw00_vs_DMSO,-0.5951678050686734,0.3981903784985193,1.0,0,Pw00
347,PG_00041,G_00041,SRB-9000001.001.Pw00_vs_DMSO,-0.9969767276186584,0.24289665919519493,0.7096140191789652,0,Pw00
349,PG_00042,G_00042,SRB-9000001.001.Pw00_vs_DMSO,-3.422621409703681,0.7262964857135827,1.0,0,Pw00
351,PG_00043,G_00043,SRB-9000001.001.Pw00_vs_DMSO,0.4184745913823439,0.991124150158921,1.0,0,Pw00
353,PG_00044,G_00044,SRB-9000001.001.Pw00_vs_DMSO,-0.8502645690089621,0.8432317409940684,1.0,0,Pw00
355,PG_00045,G_00045,SRB-9000001.001.Pw00_vs_DMSO,-0.5844867560312251,0.7849911144402718,1.0,0,Pw00
357,PG_00046,G_00046,SRB-9000001.001.Pw00_vs_DMSO,0.5521387279796169,0.932515050358568,1.0,0,Pw00
359,PG_00047,G_00047,SRB-9000001.001.Pw00_vs_DMSO,-0.05228517731542137,0.6569890508602715,1.0,0,Pw00
361,PG_00048,G_00048,SRB-9000001.001.Pw00_vs_DMSO,-3.904734691273182,0.20075824005312742,0.7509911724702539,0,Pw00
363,PG_00049,G_00049,SRB-9000001.001.Pw00_vs_DMSO,-2.006292343312783,0.2527594259124251,1.0,0,Pw00
365,PG_00050,G_00050,SRB-9000001.001.Pw00_vs_DMSO,-0.5974492409793362,0.30712918831465674,0.32999790726450395,0,Pw00
367,PG_00051,G_00051,SRB-9000001.001.Pw00_vs_DMSO,0.9962500296184219,0.312855700605382,0.5010780269810448,0,Pw00
369,PG_00052,G_00052,SRB-9000001.001.Pw00_vs_DMSO,-0.40427550379121724,0.031621605456017554,0.06503834925559464,0,Pw00
371,PG_00053,G_00053,SRB-9000001.001.Pw00_vs_DMSO,1.1789291201330203,0.3281372516869421,0.49951768862774804,0,Pw00
373,PG_00054,G_00054,SRB-9000001.001.Pw00_vs_DMSO,-0.6028540375483753,0.8733491103850045,1.0,0,Pw00
375,PG_00055,G_00055,SRB-9000001.001.Pw00_vs_DMSO,-0.10609126461538682,0.81365763305587,1.0,0,Pw00
377,PG_00056,G_00056,SRB-9000001.001.Pw00_vs_DMSO,-4.625410209515747,0.3695384359447636,1.0,0,Pw00
379,PG_00057,G_00057,SRB-9000001.001.Pw00_vs_DMSO,-1.3764418160125858,0.998210380730375,1.0,0,Pw00
381,PG_00058,G_00058,SRB-9000001.001.Pw00_vs_DMSO,2.193010501089385,0.2965743213169713,0.396093132180893,0,Pw00
383,PG_00059,G_00059,SRB-9000001.001.Pw00_vs_DMSO,2.754852321067872,0.675133598426758,1.0,0,Pw00
385,PG_00000,G_00000,SRB-9000001.001.Pw01_vs_DMSO,2.4788355783082463,0.471021136559589,1.0,0,Pw01
387,PG_00001,G_00001,SRB-9000001.001.Pw01_vs_DMSO,-1.3524419383733297,0.4962085618241303,1.0,0,Pw01
389,PG_00002,G_00002,SRB-9000001.001.Pw01_vs_DMSO,-3.2803263267253078,0.24981391662130029,0.7129614992498065,0,Pw01
391,PG_00003,G_00003,SRB-9000001.001.Pw01_vs_DMSO,-0.5151176204499579,0.7825093814786104,1.0,0,Pw01
393,PG_00004,G_00004,SRB-9000001.001.Pw01_vs_DMSO,0.2567162011950188,0.7046879426884943,1.0,0,Pw01
395,PG_00005,G_00005,SRB-9000001.001.Pw01_vs_DMSO,0.8976797515511736,0.7329530075579251,1.0,0,Pw01
397,PG_00006,G_00006,SRB-9000001.001.Pw01_vs_DMSO,2.1138340278894847,0.20117785793141438,0.4566162518015121,0,Pw01
399,PG_00007,G_00007,SRB-9000001.001.Pw01_vs_DMSO,-1.0131341994789744,0.04218495930400945,0.18245960128953673,1,Pw01
401,PG_00008,G_00008,SRB-9000001.001.Pw01_vs_DMSO,-0.5368501634524652,0.7993297741869434,1.0,0,Pw01
403,PG_00009,G_00009,SRB-9000001.001.Pw01_vs_DMSO,0.8090712472940453,0.9207491739949856,1.0,0,Pw01
405,PG_00010,G_00010,SRB-9000001.001.Pw01_vs_DMSO,2.7853728153846165,0.4365735116427812,1.0,0,Pw01
407,PG_00011,G_00011,SRB-9000001.001.Pw01_vs_DMSO,0.20835658427480766,0.8375986044265042,1.0,0,Pw01
409,PG_00012,G_00012,SRB-9000001.001.Pw01_vs_DMSO,-1.1554335968889666,0.9426867055377199,1.0,0,Pw01
411,PG_00013,G_00013,SRB-9000001.001.Pw01_vs_DMSO,-0.38435214297740367,0.5650309874747194,1.0,0,Pw01
413,PG_00014,G_00014,SRB-9000001.001.Pw01_vs_DMSO,0.7091880119496097,0.4927933520973081,1.0,0,Pw01
415,PG_00015,G_00015,SRB-9000001.001.Pw01_vs_DMSO,1.5865917482846092,0.6630349663472073,1.0,0,Pw01
417,PG_00016,G_00016,SRB-9000001.001.Pw01_vs_DMSO,0.6019689913392686,0.9919579944622869,1.0,0,Pw01
419,PG_00017,G_00017,SRB-9000001.001.Pw01_vs_DMSO,-0.16013844183728265,0.41631460058495634,0.6313180786635776,0,Pw01
421,PG_00018,G_00018,SRB-9000001.001.Pw01_vs_DMSO,1.9932607930386,0.1396294123015662,0.2539465762201846,0,Pw01
423,PG_00019,G_00019,SRB-9000001.001.Pw01_vs_DMSO,0.2803713099485256,0.7633600283307755,1.0,0,Pw01
425,PG_00020,G_00020,SRB-9000001.001.Pw01_vs_DMSO,-3.264218211223623,0.5628104981610087,1.0,0,Pw01
427,PG_00021,G_00021,SRB-9000001.001.Pw01_vs_DMSO,1.80573175587018,0.09421521963454851,0.12712457638341845,0,Pw01
429,PG_00022,G_00022,SRB-9000001.001.Pw01_vs_DMSO,1.088082007811955,0.873875688333669,1.0,0,Pw01
431,PG_00023,G_00023,SRB-9000001.001.Pw01_vs_DMSO,-2.5753470499546323,0.3393608863749068,1.0,0,Pw01
433,PG_00024,G_00024,SRB-9000001.001.Pw01_vs_DMSO,1.2052031172799071,0.45307661602125465,1.0,0,Pw01
435,PG_00025,G_00025,SRB-9000001.001.Pw01_vs_DMSO,0.04540389477390515,0.6317815044813652,1.0,0,Pw01
437,PG_00026,G_00026,SRB-9000001.001.Pw01_vs_DMSO,-1.4423280225341317,0.5171479376761734,0.7142644909355739,0,Pw01
439,PG_00027,G_00027,SRB-9000001.001.Pw01_vs_DMSO,0.7907768417085468,0.9483673793915702,1.0,0,Pw01
441,PG_00028,G_00028,SRB-9000001.001.Pw01_vs_DMSO,1.4963767094335039,0.16523286738174733,0.5048412244482395,0,Pw01
443,PG_00029,G_00029,SRB-9000001.001.Pw01_vs_DMSO,2.032549291554602,0.4440599408085636,0.5171541425472846,0,Pw01
445,PG_00030,G_00030,SRB-9000001.001.Pw01_vs_DMSO,1.1976572885887964,0.19021056333136246,0.7636693107429668,0,Pw01
447,PG_00031,G_00031,SRB-9000001.001.Pw01_vs_DMSO,-1.0587154574295634,0.8170611707968519,1.0,0,Pw01
449,PG_00032,G_00032,SRB-9000001.001.Pw01_vs_DMSO,1.1497646515299833,0.666339949067079,1.0,0,Pw01
451,PG_00033,G_00033,SRB-9000001.001.Pw01_vs_DMSO,-0.18534776169432043,0.23976636751978014,0.8742664459141507,0,Pw01
453,PG_00034,G_00034,SRB-9000001.001.Pw01_vs_DMSO,-0.16080732453085708,0.8428071828328283,1.0,0,Pw01
455,PG_00035,G_00035,SRB-9000001.001.Pw01_vs_DMSO,0.8797719136963116,0.1906085445479053,0.8508356075466366,0,Pw01
457,PG_00036,G_00036,SRB-9000001.001.Pw01_vs_DMSO,-1.1527000574525106,0.5895274681362827,1.0,0,Pw01
459,PG_00037,G_00037,SRB-9000001.001.Pw01_vs_DMSO,0.7389286776897502,0.06855824278154656,0.1486656984952439,0,Pw01
461,PG_00038,G_00038,SRB-9000001.001.Pw01_vs_DMSO,0.55802309806563,0.7648424883666911,1.0,0,Pw01
463,PG_00039,G_00039,SRB-9000001.001.Pw01_vs_DMSO,0.5300224369553972,0.2701695646065123,0.45699651311981715,0,Pw01
465,PG_00040,G_00040,SRB-9000001.001.Pw01_vs_DMSO,1.6648736473493868,0.09551890924070622,0.44863929736583436,0,Pw01
467,PG_00041,G_00041,SRB-9000001.001.Pw01_vs_DMSO,2.5110372877944735,0.22761121660092834,0.4471651523131474,0,Pw01
469,PG_00042,G_00042,SRB-9000001.001.Pw01_vs_DMSO,0.011383636368906271,0.10053729511266404,0.3871051777812424,0,Pw01
471,PG_00043,G_00043,SRB-9000001.001.Pw01_vs_DMSO,0.11751151218455247,0.7119233614991454,1.0,0,Pw01
473,PG_00044,G_00044,SRB-9000001.001.Pw01_vs_DMSO,0.03186178300224872,0.9212512664739594,1.0,0,Pw01
475,PG_00045,G_00045,SRB-9000001.001.Pw01_vs_DMSO,0.11600526758171906,0.5651095148710165,1.0,0,Pw01
477,PG_00046,G_00046,SRB-9000001.001.Pw01_vs_DMSO,-1.3066338221876872,0.5113041716722495,1.0,0,Pw01
479,PG_00047,G_00047,SRB-9000001.001.Pw01_vs_DMSO,-1.0224834014006174,0.32862754675013267,1.0,0,Pw01
481,PG_00048,G_00048,SRB-9000001.001.Pw01_vs_DMSO,3.6775811099216247,0.08592354204267007,0.40037251512946725,0,Pw01
483,PG_00049,G_00049,SRB-9000001.001.Pw01_vs_DMSO,-0.29137547561729443,0.2445439541645082,0.6965856995092349,0,Pw01
485,PG_00050,G_00050,SRB-9000001.001.Pw01_vs_DMSO,-1.7545921339447281,0.8096613992090338,1.0,0,Pw01
487,PG_00051,G_00051,SRB-9000001.001.Pw01_vs_DMSO,-0.9808792770713008,0.3005728356486226,0.8814207477026977,0,Pw01
489,PG_00052,G_00052,SRB-9000001.001.Pw01_vs_DMSO,1.7981692329122902,0.47701593977564405,0.9625524736126687,0,Pw01
491,PG_00053,G_00053,SRB-9000001.001.Pw01_vs_DMSO,1.0923754790862192,0.43602052670425007,1.0,0,Pw01
493,PG_00054,G_00054,SRB-9000001.001.Pw01_vs_DMSO,0.4885319027152752,0.7566912159270008,0.7756018795186643,0,Pw01
495,PG_00055,G_00055,SRB-9000001.001.Pw01_vs_DMSO,-0.3682218621497436,0.04749118870501875,0.14895031363000283,0,Pw01
497,PG_00056,G_00056,SRB-9000001.001.Pw01_vs_DMSO,-0.5218437848061923,0.2100608611915828,0.5339951450521158,0,Pw01
499,PG_00057,G_00057,SRB-9000001.001.Pw01_vs_DMSO,-0.11344740187085522,0.565257136474324,1.0,0,Pw01
501,PG_00058,G_00058,SRB-9000001.001.Pw01_vs_DMSO,-0.5083304321307589,0.35927879976967214,1.0,0,Pw01
503,PG_00059,G_00059,SRB-9000001.001.Pw01_vs_DMSO,0.6771413570426367,0.3647017916408628,1.0,0,Pw01
505,PG_00000,G_00000,SRB-9000002.001.Pw00_vs_DMSO,-0.4324834827746685,0.5452416357957343,1.0,0,Pw00
507,PG_00001,G_00001,SRB-9000002.001.Pw00_vs_DMSO,-1.8187561310488731,0.7841646012130186,0.976903946474821,0,Pw00
509,PG_00002,G_00002,SRB-9000002.001.Pw00_vs_DMSO,2.229230110223824,0.2393084692875375,0.43970043203455234,0,Pw00
511,PG_00003,G_00003,SRB-9000002.001.Pw00_vs_DMSO,1.7489808297634966,0.48301038679997865,0.8407404059558626,0,Pw00
513,PG_00004,G_00004,SRB-9000002.001.Pw00_vs_DMSO,-1.2565796357627348,0.1671929022985127,0.5372172685466386,0,Pw00
515,PG_00005,G_00005,SRB-9000002.001.Pw00_vs_DMSO,-0.006281549259029108,0.7979947233077732,1.0,0,Pw00
517,PG_00006,G_00006,SRB-9000002.001.Pw00_vs_DMSO,0.32972524565778405,0.6745756112343416,0.8525995095343206,0,Pw00
519,PG_00007,G_00007,SRB-9000002.001.Pw00_vs_DMSO,0.4067605209440672,0.24089712611214079,0.30637672866489446,0,Pw00
521,PG_00008,G_00008,SRB-9000002.001.Pw00_vs_DMSO,-1.3528128446614796,0.9257878709346307,1.0,0,Pw00
523,PG_00009,G_00009,SRB-9000002.001.Pw00_vs_DMSO,0.22941947437568538,0.88592393207274,1.0,0,Pw00
525,PG_00010,G_00010,SRB-9000002.001.Pw00_vs_DMSO,0.07161276552908936,0.8196473515124966,1.0,0,Pw00
527,PG_00011,G_00011,SRB-9000002.001.Pw00_vs_DMSO,0.36123256583850594,0.08032124582217526,0.35542560376594406,0,Pw00
529,PG_00012,G_00012,SRB-9000002.001.Pw00_vs_DMSO,-3.407454889734815,0.7511002398087517,1.0,0,Pw00
531,PG_00013,G_00013,SRB-9000002.001.Pw00_vs_DMSO,-0.11616979555740078,0.8423597594383935,1.0,0,Pw00
533,PG_00014,G_00014,SRB-9000002.001.Pw00_vs_DMSO,0.9340299731763917,0.2547763496605192,1.0,0,Pw00
535,PG_00015,G_00015,SRB-9000002.001.Pw00_vs_DMSO,0.1574092929268927,0.5901992013840848,1.0,0,Pw00
537,PG_00016,G_00016,SRB-9000002.001.Pw00_vs_DMSO,-0.7213648073098413,0.39108633150561783,0.9586764993971529,0,Pw00
539,PG_00017,G_00017,SRB-9000002.001.Pw00_vs_DMSO,2.218349535893369,0.8109899693776123,1.0,0,Pw00
541,PG_00018,G_00018,SRB-9000002.001.Pw00_vs_DMSO,-2.7961141530818745,0.5562163855577007,0.9452417728274092,0,Pw00
543,PG_00019,G_00019,SRB-9000002.001.Pw00_vs_DMSO,-0.25808627429633035,0.8997687311239765,1.0,0,Pw00
545,PG_00020,G_00020,SRB-9000002.001.Pw00_vs_DMSO,-1.4986142842619856,0.2431209925485848,0.48037074211980724,0,Pw00
547,PG_00021,G_00021,SRB-9000002.001.Pw00_vs_DMSO,1.5981957200182708,0.631739446935884,1.0,0,Pw00
549,PG_00022,G_00022,SRB-9000002.001.Pw00_vs_DMSO,-0.7741724119007359,0.08458127941851525,0.24175548546122785,0,Pw00
551,PG_00023,G_00023,SRB-9000002.001.Pw00_vs_DMSO,1.9094403577737675,0.14433901905145352,0.6047435171433105,0,Pw00
553,PG_00024,G_00024,SRB-9000002.001.Pw00_vs_DMSO,1.4128097054507707,0.5914493365866911,1.0,0,Pw00
555,PG_00025,G_00025,SRB-9000002.001.Pw00_vs_DMSO,1.5130302060692977,0.690044972368879,1.0,0,Pw00
557,PG_00026,G_00026,SRB-9000002.001.Pw00_vs_DMSO,-0.7221998437188255,0.061792931129494036,0.24343554848249901,0,Pw00
559,PG_00027,G_00027,SRB-9000002.001.Pw00_vs_DMSO,1.2982875314323827,0.7783659845322403,1.0,0,Pw00
561,PG_00028,G_00028,SRB-9000002.001.Pw00_vs_DMSO,1.1365688294635121,0.004658892285495194,0.022251122876834766,1,Pw00
563,PG_00029,G_00029,SRB-9000002.001.Pw00_vs_DMSO,0.3876915340598919,0.17544749548885397,0.45972540396001693,0,Pw00
565,PG_00030,G_00030,SRB-9000002.001.Pw00_vs_DMSO,0.1285023461344035,0.3408657251023259,1.0,0,Pw00
567,PG_00031,G_00031,SRB-9000002.001.Pw00_vs_DMSO,-1.3940505211596392,0.9425190235585907,1.0,0,Pw00
569,PG_00032,G_00032,SRB-9000002.001.Pw00_vs_DMSO,1.605677369547479,0.21822555069164282,0.2729217095870059,0,Pw00
571,PG_00033,G_00033,SRB-9000002.001.Pw00_vs_DMSO,3.164914144486005,0.027343043553705,0.0780986183386296,1,Pw00
573,PG_00034,G_00034,SRB-9000002.001.Pw00_vs_DMSO,0.18459827822886535,0.330389369992435,1.0,0,Pw00
575,PG_00035,G_00035,SRB-9000002.001.Pw00_vs_DMSO,-1.1041430954924625,0.4566832133679084,1.0,0,Pw00
577,PG_00036,G_00036,SRB-9000002.001.Pw00_vs_DMSO,1.0425711436771383,0.49854191967082984,1.0,0,Pw00
579,PG_00037,G_00037,SRB-9000002.001.Pw00_vs_DMSO,1.7035316367754363,0.5942030538999048,1.0,0,Pw00
581,PG_00038,G_00038,SRB-9000002.001.Pw00_vs_DMSO,0.2712892477142965,0.5878031165478308,1.0,0,Pw00
583,PG_00039,G_00039,SRB-9000002.001.Pw00_vs_DMSO,-0.9935934918428316,0.5230101740909083,1.0,0,Pw00
585,PG_00040,G_00040,SRB-9000002.001.Pw00_vs_DMSO,-0.21377303176871926,0.13977506202330553,0.27671340706865505,0,Pw00
587,PG_00041,G_00041,SRB-9000002.001.Pw00_vs_DMSO,1.2773880566908231,0.0021585235555837408,0.004958640514646801,1,Pw00
589,PG_00042,G_00042,SRB-9000002.001.Pw00_vs_DMSO,2.377239447609386,0.5160438755685975,1.0,0,Pw00
591,PG_00043,G_00043,SRB-9000002.001.Pw00_vs_DMSO,0.5417617528193268,0.8339180669165362,1.0,0,Pw00
593,PG_00044,G_00044,SRB-9000002.001.Pw00_vs_DMSO,-0.08131397356691507,0.5909743543785145,1.0,0,Pw00
595,PG_00045,G_00045,SRB-9000002.001.Pw00_vs_DMSO,0.4387919075341148,0.5949877403511669,1.0,0,Pw00
597,PG_00046,G_00046,SRB-9000002.001.Pw00_vs_DMSO,0.49739367983669425,0.7746185651467071,1.0,0,Pw00
599,PG_00047,G_00047,SRB-9000002.001.Pw00_vs_DMSO,0.58733694080331,0.5896158124215279,1.0,0,Pw00
601,PG_00048,G_00048,SRB-9000002.001.Pw00_vs_DMSO,0.06357519442013053,0.34640839527958384,0.5910571347148673,0,Pw00
603,PG_00049,G_00049,SRB-9000002.001.Pw00_vs_DMSO,-1.6788981551661721,0.5212353349490098,1.0,0,Pw00
605,PG_00050,G_00050,SRB-9000002.001.Pw00_vs_DMSO,-0.5131733540790251,0.8241404524413907,1.0,0,Pw00
607,PG_00051,G_00051,SRB-9000002.001.Pw00_vs_DMSO,-2.0273797710956165,0.09037413210806083,0.1893177195433175,0,Pw00
609,PG_00052,G_00052,SRB-9000002.001.Pw00_vs_DMSO,-1.1261997450054673,0.6249307128628973,0.7961217851743577,0,Pw00
611,PG_00053,G_00053,SRB-9000002.001.Pw00_vs_DMSO,0.13244269130071987,0.4386264874382617,1.0,0,Pw00
613,PG_00054,G_00054,SRB-9000002.001.Pw00_vs_DMSO,-4.337780221269893,0.3829377442813126,1.0,0,Pw00
615,PG_00055,G_00055,SRB-9000002.001.Pw00_vs_DMSO,0.34816277093206194,0.5782542910071448,1.0,0,Pw00
617,PG_00056,G_00056,SRB-9000002.001.Pw00_vs_DMSO,-0.5816353353160941,0.7645735751593213,1.0,0,Pw00
619,PG_00057,G_00057,SRB-9000002.001.Pw00_vs_DMSO,2.337444039722279,0.9472731082976814,1.0,0,Pw00
621,PG_00058,G_00058,SRB-9000002.001.Pw00_vs_DMSO,0.31737280360032816,0.3939325588428527,1.0,0,Pw00
623,PG_00059,G_00059,SRB-9000002.001.Pw00_vs_DMSO,0.6927041478539521,0.4047245836241191,0.8396989288626785,0,Pw00
625,PG_00000,G_00000,SRB-9000002.001.Pw01_vs_DMSO,-0.9149384367307857,0.4601472723503028,0.8181454699117814,0,Pw01
627,PG_00001,G_00001,SRB-9000002.001.Pw01_vs_DMSO,1.6817331666282005,0.43085503116835533,1.0,0,Pw01
629,PG_00002,G_00002,SRB-9000002.001.Pw01_vs_DMSO,-2.748068469767851,0.035559229515071185,0.07339800750917365,1,Pw01
631,PG_00003,G_00003,SRB-9000002.001.Pw01_vs_DMSO,-0.9855384993407579,0.1697393169933315,0.6582602484638522,0,Pw01
633,PG_00004,G_00004,SRB-9000002.001.Pw01_vs_DMSO,1.5181199787729607,0.495950533090652,1.0,0,Pw01
635,PG_00005,G_00005,SRB-9000002.001.Pw01_vs_DMSO,1.5906279346473844,0.037621401402729675,0.17756656230222673,1,Pw01
637,PG_00006,G_00006,SRB-9000002.001.Pw01_vs_DMSO,0.15616791795544205,0.44724163443656895,1.0,0,Pw01
639,PG_00007,G_00007,SRB-9000002.001.Pw01_vs_DMSO,-2.4706564221820204,0.19436142024217293,0.7970321997882168,0,Pw01
641,PG_00008,G_00008,SRB-9000002.001.Pw01_vs_DMSO,-1.0064133444846342,0.4810179575137606,0.8274738659882723,0,Pw01
643,PG_00009,G_00009,SRB-9000002.001.Pw01_vs_DMSO,-0.936514508206468,0.9737538704122712,1.0,0,Pw01
645,PG_00010,G_00010,SRB-9000002.001.Pw01_vs_DMSO,-1.1832104248047248,0.19653137086967792,0.5234080724534259,0,Pw01
647,PG_00011,G_00011,SRB-9000002.001.Pw01_vs_DMSO,2.2881138777515986,0.4192646197392553,1.0,0,Pw01
649,PG_00012,G_00012,SRB-9000002.001.Pw01_vs_DMSO,-0.49695947839004123,0.9432897723504656,1.0,0,Pw01
651,PG_00013,G_00013,SRB-9000002.001.Pw01_vs_DMSO,1.1666901568527854,0.35259599788328483,0.9576634586540091,0,Pw01
653,PG_00014,G_00014,SRB-9000002.001.Pw01_vs_DMSO,-1.2653668452475204,0.2100665699744784,0.7436684119646866,0,Pw01
655,PG_00015,G_00015,SRB-9000002.001.Pw01_vs_DMSO,1.1314893773283625,0.24837712004083037,0.6810383333259621,0,Pw01
657,PG_00016,G_00016,SRB-9000002.001.Pw01_vs_DMSO,0.09460934487056488,0.933346941315982,1.0,0,Pw01
659,PG_00017,G_00017,SRB-9000002.001.Pw01_vs_DMSO,-0.8956176507949116,0.722735089832507,1.0,0,Pw01
661,PG_00018,G_00018,SRB-9000002.001.Pw01_vs_DMSO,3.3711282324571776,0.46725042686156887,1.0,0,Pw01
663,PG_00019,G_00019,SRB-9000002.001.Pw01_vs_DMSO,-0.19429237733938795,0.18848985988633157,0.7207175820133729,0,Pw01
665,PG_00020,G_00020,SRB-9000002.001.Pw01_vs_DMSO,1.970407468459951,0.3082787982224097,0.43307561107184867,0,Pw01
667,PG_00021,G_00021,SRB-9000002.001.Pw01_vs_DMSO,2.465428221263629,0.43254288779729966,0.8281591936694966,0,Pw01
669,PG_00022,G_00022,SRB-9000002.001.Pw01_vs_DMSO,2.2353764404993623,0.8347782732788848,1.0,0,Pw01
671,PG_00023,G_00023,SRB-9000002.001.Pw01_vs_DMSO,0.17150219042950798,0.2777644501599839,0.5738108168393591,0,Pw01
673,PG_00024,G_00024,SRB-9000002.001.Pw01_vs_DMSO,1.6371121060057374,0.5171059167831054,1.0,0,Pw01
675,PG_00025,G_00025,SRB-9000002.001.Pw01_vs_DMSO,0.998006268245018,0.5949782658293019,1.0,0,Pw01
677,PG_00026,G_00026,SRB-9000002.001.Pw01_vs_DMSO,2.0480769816926294,0.05971176226655722,0.24393661254243335,0,Pw01
679,PG_00027,G_00027,SRB-9000002.001.Pw01_vs_DMSO,-2.778420378066249,0.3912594152568325,1.0,0,Pw01
681,PG_00028,G_00028,SRB-9000002.001.Pw01_vs_DMSO,-0.07388354990255594,0.18770162166425236,0.9094779674681858,0,Pw01
683,PG_00029,G_00029,SRB-9000002.001.Pw01_vs_DMSO,-0.7811004670895598,0.8804346581995911,1.0,0,Pw01
685,PG_00030,G_00030,SRB-9000002.001.Pw01_vs_DMSO,-1.3365556941605963,0.012588723667639424,0.05449668283776825,1,Pw01
687,PG_00031,G_00031,SRB-9000002.001.Pw01_vs_DMSO,0.5150662760340241,0.10635603593840808,0.2572885580334669,0,Pw01
689,PG_00032,G_00032,SRB-9000002.001.Pw01_vs_DMSO,1.478441804805134,0.6715468144103657,1.0,0,Pw01
691,PG_00033,G_00033,SRB-9000002.001.Pw01_vs_DMSO,-0.40892675233283576,0.5321405321568227,1.0,0,Pw01
693,PG_00034,G_00034,SRB-9000002.001.Pw01_vs_DMSO,0.9892442482691288,0.23336282973745856,0.4660686877226537,0,Pw01
695,PG_00035,G_00035,SRB-9000002.001.Pw01_vs_DMSO,0.2741455070065053,0.4499891285270025,1.0,0,Pw01
697,PG_00036,G_00036,SRB-9000002.001.Pw01_vs_DMSO,0.3478612565591228,0.6857157608091418,1.0,0,Pw01
699,PG_00037,G_00037,SRB-9000002.001.Pw01_vs_DMSO,3.485542084280906,0.9557906971241147,1.0,0,Pw01
701,PG_00038,G_00038,SRB-9000002.001.Pw01_vs_DMSO,2.4833085578011755,0.8559164947221247,1.0,0,Pw01
703,PG_00039,G_00039,SRB-9000002.001.Pw01_vs_DMSO,1.6803126767158076,0.809704371566939,1.0,0,Pw01
705,PG_00040,G_00040,SRB-9000002.001.Pw01_vs_DMSO,3.9047468271195362,0.7784415662172511,1.0,0,Pw01
707,PG_00041,G_00041,SRB-9000002.001.Pw01_vs_DMSO,-0.15421012400022707,0.5404389562294007,1.0,0,Pw01
709,PG_00042,G_00042,SRB-9000002.001.Pw01_vs_DMSO,0.2965881258204711,0.27296906963890183,0.34747331307515805,0,Pw01
711,PG_00043,G_00043,SRB-9000002.001.Pw01_vs_DMSO,1.9945329088506019,0.5716512309532364,0.9888953423266673,0,Pw01
713,PG_00044,G_00044,SRB-9000002.001.Pw01_vs_DMSO,-0.8399036965427956,0.12085191834252601,0.515772173577346,0,Pw01
715,PG_00045,G_00045,SRB-9000002.001.Pw01_vs_DMSO,1.4728403496656668,0.9236027342771503,1.0,0,Pw01
717,PG_00046,G_00046,SRB-9000002.001.Pw01_vs_DMSO,-0.9023987085417069,0.6342122285675871,1.0,0,Pw01
719,PG_00047,G_00047,SRB-9000002.001.Pw01_vs_DMSO,2.7535434807484505,0.3123346225933105,1.0,0,Pw01
721,PG_00048,G_00048,SRB-9000002.001.Pw01_vs_DMSO,0.4510583012270587,0.09906760861902254,0.24617478482862776,0,Pw01
723,PG_00049,G_00049,SRB-9000002.001.Pw01_vs_DMSO,-0.9406714657009969,0.6269960308794337,1.0,0,Pw01
725,PG_00050,G_00050,SRB-9000002.001.Pw01_vs_DMSO,-2.6491596067285035,0.3868743816026769,0.800352456173315,0,Pw01
727,PG_00051,G_00051,SRB-9000002.001.Pw01_vs_DMSO,-0.2078902139696201,0.16656864321526138,0.21249016214973507,0,Pw01
729,PG_00052,G_00052,SRB-9000002.001.Pw01_vs_DMSO,0.0021149459215404755,0.4440212404615499,0.6660762986546052,0,Pw01
731,PG_00053,G_00053,SRB-9000002.001.Pw01_vs_DMSO,1.5501731427688594,0.3154967852206052,1.0,0,Pw01
733,PG_00054,G_00054,SRB-9000002.001.Pw01_vs_DMSO,-0.8345317185708296,0.6780461188461451,0.9923704093643719,0,Pw01
735,PG_00055,G_00055,SRB-9000002.001.Pw01_vs_DMSO,-3.224758063833634,0.7006514900362825,1.0,0,Pw01
737,PG_00056,G_00056,SRB-9000002.001.Pw01_vs_DMSO,1.7302875438776018,0.6225670345318031,1.0,0,Pw01
739,PG_00057,G_00057,SRB-9000002.001.Pw01_vs_DMSO,0.21206144758727002,0.26286914976408526,0.6376078494679628,0,Pw01
741,PG_00058,G_00058,SRB-9000002.001.Pw01_vs_DMSO,-1.3510632157888702,0.9710850837112599,1.0,0,Pw01
743,PG_00059,G_00059,SRB-9000002.001.Pw01_vs_DMSO,1.201633110180735,0.27475893763781617,1.0,0,Pw01
745,PG_00000,G_00000,SRB-9000003.001.Pw00_vs_DMSO,1.5663946374846138,0.9592492293965462,1.0,0,Pw00
747,PG_00001,G_00001,SRB-9000003.001.Pw00_vs_DMSO,2.2190104119084033,0.5061344926212886,1.0,0,Pw00
749,PG_00002,G_00002,SRB-9000003.001.Pw00_vs_DMSO,-0.012442243162741892,0.43459172347933234,1.0,0,Pw00
751,PG_00003,G_00003,SRB-9000003.001.Pw00_vs_DMSO,-0.682426788612844,0.6380681534992074,1.0,0,Pw00
753,PG_00004,G_00004,SRB-9000003.001.Pw00_vs_DMSO,1.1466009804632702,0.044005853118178194,0.08448817910216624,1,Pw00
755,PG_00005,G_00005,SRB-9000003.001.Pw00_vs_DMSO,-0.9382680251955331,0.5285330996373854,1.0,0,Pw00
757,PG_00006,G_00006,SRB-9000003.001.Pw00_vs_DMSO,-1.5348524043295604,0.0900167929763867,0.4256688636695545,0,Pw00
759,PG_00007,G_00007,SRB-9000003.001.Pw00_vs_DMSO,1.3056381682926754,0.20781818643815353,0.7716755231520401,0,Pw00
761,PG_00008,G_00008,SRB-9000003.001.Pw00_vs_DMSO,1.2205778668098919,0.7161491551097766,1.0,0,Pw00
763,PG_00009,G_00009,SRB-9000003.001.Pw00_vs_DMSO,2.352201769035468,0.8588826953206807,1.0,0,Pw00
765,PG_00010,G_00010,SRB-9000003.001.Pw00_vs_DMSO,-2.6531603542359137,0.8704602495884994,1.0,0,Pw00
767,PG_00011,G_00011,SRB-9000003.001.Pw00_vs_DMSO,-0.8103337587196155,0.8558645716856846,1.0,0,Pw00
769,PG_00012,G_00012,SRB-9000003.001.Pw00_vs_DMSO,0.4988193761465128,0.5726866180359348,0.9407685758609267,0,Pw00
771,PG_00013,G_00013,SRB-9000003.001.Pw00_vs_DMSO,1.8139191330093543,0.8067557706236337,1.0,0,Pw00
773,PG_00014,G_00014,SRB-9000003.001.Pw00_vs_DMSO,-0.83613461619059,0.25469725523897135,1.0,0,Pw00
775,PG_00015,G_00015,SRB-9000003.001.Pw00_vs_DMSO,-1.473787349092218,0.0002531999460690163,0.0010727502665187733,1,Pw00
777,PG_00016,G_00016,SRB-9000003.001.Pw00_vs_DMSO,2.599888098579266,0.4598104507352221,1.0,0,Pw00
779,PG_00017,G_00017,SRB-9000003.001.Pw00_vs_DMSO,1.206523732253323,0.8718877790375006,1.0,0,Pw00
781,PG_00018,G_00018,SRB-9000003.001.Pw00_vs_DMSO,1.3213786825441438,0.20973868078751462,0.7600348992642302,0,Pw00
783,PG_00019,G_00019,SRB-9000003.001.Pw00_vs_DMSO,1.9808881990676523,0.40352100693229054,1.0,0,Pw00
785,PG_00020,G_00020,SRB-9000003.001.Pw00_vs_DMSO,1.0566130170812893,0.4667123475529178,1.0,0,Pw00
787,PG_00021,G_00021,SRB-9000003.001.Pw00_vs_DMSO,-0.8214114858320194,0.17035855266912756,0.7458131419054609,0,Pw00
789,PG_00022,G_00022,SRB-9000003.001.Pw00_vs_DMSO,-2.6715677835042864,0.746070088953214,1.0,0,Pw00
791,PG_00023,G_00023,SRB-9000003.001.Pw00_vs_DMSO,2.1029708351283514,0.03624619375997696,0.08873498205030986,1,Pw00
793,PG_00024,G_00024,SRB-9000003.001.Pw00_vs_DMSO,1.0024329333190807,0.710438110710258,1.0,0,Pw00
795,PG_00025,G_00025,SRB-9000003.001.Pw00_vs_DMSO,-0.8080923158307851,0.8450830144678778,1.0,0,Pw00
797,PG_00026,G_00026,SRB-9000003.001.Pw00_vs_DMSO,-1.7871483255462097,0.22813338862500743,0.9975858661275255,0,Pw00
799,PG_00027,G_00027,SRB-9000003.001.Pw00_vs_DMSO,0.0826761808779954,0.5866676940326844,1.0,0,Pw00
801,PG_00028,G_00028,SRB-9000003.001.Pw00_vs_DMSO,0.8767945509766939,0.4352333449473407,0.6949078022844597,0,Pw00
803,PG_00029,G_00029,SRB-9000003.001.Pw00_vs_DMSO,-0.22104813911194054,0.9128115285510177,1.0,0,Pw00
805,PG_00030,G_00030,SRB-9000003.001.Pw00_vs_DMSO,0.2554075225993072,0.8605892284730778,1.0,0,Pw00
807,PG_00031,G_00031,SRB-9000003.001.Pw00_vs_DMSO,-0.6319025436659622,0.8947591163096096,1.0,0,Pw00
809,PG_00032,G_00032,SRB-9000003.001.Pw00_vs_DMSO,-0.12042060304946264,0.9820574065109566,1.0,0,Pw00
811,PG_00033,G_00033,SRB-9000003.001.Pw00_vs_DMSO,0.6010252932878405,0.21499753069560834,0.7803410761018582,0,Pw00
813,PG_00034,G_00034,SRB-9000003.001.Pw00_vs_DMSO,-1.0656893325543837,0.9063921012340255,1.0,0,Pw00
815,PG_00035,G_00035,SRB-9000003.001.Pw00_vs_DMSO,2.4117061357884224,0.7909979691103314,1.0,0,Pw00
817,PG_00036,G_00036,SRB-9000003.001.Pw00_vs_DMSO,0.46713418963728215,0.516134649399831,0.6107672332749622,0,Pw00
819,PG_00037,G_00037,SRB-9000003.001.Pw00_vs_DMSO,0.882756317604058,0.1036762064032859,0.4609629684316731,0,Pw00
821,PG_00038,G_00038,SRB-9000003.001.Pw00_vs_DMSO,3.09683564694391,0.42493969890472905,0.7016103838183322,0,Pw00
823,PG_00039,G_00039,SRB-9000003.001.Pw00_vs_DMSO,-0.07268733848779554,0.869935456908005,1.0,0,Pw00
825,PG_00040,G_00040,SRB-9000003.001.Pw00_vs_DMSO,0.7820631817473335,0.6352756654319176,1.0,0,Pw00
827,PG_00041,G_00041,SRB-9000003.001.Pw00_vs_DMSO,1.8489313918506594,0.844103291050754,1.0,0,Pw00
829,PG_00042,G_00042,SRB-9000003.001.Pw00_vs_DMSO,1.2191991435500529,0.47677125471915405,0.47822083577115865,0,Pw00
831,PG_00043,G_00043,SRB-9000003.001.Pw00_vs_DMSO,0.1128792293081845,0.6659857410665647,1.0,0,Pw00
833,PG_00044,G_00044,SRB-9000003.001.Pw00_vs_DMSO,-0.4272804960359228,0.9890967136910591,1.0,0,Pw00
835,PG_00045,G_00045,SRB-9000003.001.Pw00_vs_DMSO,-2.3072591848337094,0.6070303817093896,1.0,0,Pw00
837,PG_00046,G_00046,SRB-9000003.001.Pw00_vs_DMSO,0.6800811031781145,0.5675493120913943,1.0,0,Pw00
839,PG_00047,G_00047,SRB-9000003.001.Pw00_vs_DMSO,-0.14170349565152457,0.260371881331383,0.8621792565875925,0,Pw00
841,PG_00048,G_00048,SRB-9000003.001.Pw00_vs_DMSO,-0.746021623761798,0.07744082936447304,0.23804505749169785,0,Pw00
843,PG_00049,G_00049,SRB-9000003.001.Pw00_vs_DMSO,-0.8388805351624833,0.09102444664768039,0.18060447571255114,0,Pw00
845,PG_00050,G_00050,SRB-9000003.001.Pw00_vs_DMSO,0.6848782244949018,0.30049767496207413,0.9862202867767885,0,Pw00
847,PG_00051,G_00051,SRB-9000003.001.Pw00_vs_DMSO,0.21343937646986394,0.2819809749340421,0.7636695849314129,0,Pw00
849,PG_00052,G_00052,SRB-9000003.001.Pw00_vs_DMSO,0.2897888169107773,0.6730415024387139,1.0,0,Pw00
851,PG_00053,G_00053,SRB-9000003.001.Pw00_vs_DMSO,-0.014791721464383172,0.32439275573014414,1.0,0,Pw00
853,PG_00054,G_00054,SRB-9000003.001.Pw00_vs_DMSO,1.7354621735157092,0.38194085103454095,1.0,0,Pw00
855,PG_00055,G_00055,SRB-9000003.001.Pw00_vs_DMSO,3.155780669373704,0.024945958819673493,0.10590348992173079,1,Pw00
857,PG_00056,G_00056,SRB-9000003.001.Pw00_vs_DMSO,-1.006334180336622,0.2706896560561759,0.41617851823515223,0,Pw00
859,PG_00057,G_00057,SRB-9000003.001.Pw00_vs_DMSO,-0.46129161193566015,0.6268306800970022,1.0,0,Pw00
861,PG_00058,G_00058,SRB-9000003.001.Pw00_vs_DMSO,1.663996703192764,0.6185941328775484,0.7567557734277961,0,Pw00
863,PG_00059,G_00059,SRB-9000003.001.Pw00_vs_DMSO,0.5983154921797215,0.345935761877463,1.0,0,Pw00
865,PG_00000,G_00000,SRB-9000003.001.Pw01_vs_DMSO,-1.185947912690594,0.5093723936247653,1.0,0,Pw01
867,PG_00001,G_00001,SRB-9000003.001.Pw01_vs_DMSO,0.040884916608504324,0.15638360830775302,0.3582154055174177,0,Pw01
869,PG_00002,G_00002,SRB-9000003.001.Pw01_vs_DMSO,0.3487812590138758,0.5308796534962262,1.0,0,Pw01
871,PG_00003,G_00003,SRB-9000003.001.Pw01_vs_DMSO,-1.4920784476768616,0.033101759650438815,0.03502584640692771,1,Pw01
873,PG_00004,G_00004,SRB-9000003.001.Pw01_vs_DMSO,0.9828178315458764,0.5468982250298369,1.0,0,Pw01
875,PG_00005,G_00005,SRB-9000003.001.Pw01_vs_DMSO,2.1033716307856807,0.5373993174431074,0.650418740689854,0,Pw01
877,PG_00006,G_00006,SRB-9000003.001.Pw01_vs_DMSO,0.8708154454391892,0.03372590367930214,0.07269378833747409,0,Pw01
879,PG_00007,G_00007,SRB-9000003.001.Pw01_vs_DMSO,-2.318989623616635,0.0110077534037944,0.015558239388382931,1,Pw01
881,PG_00008,G_00008,SRB-9000003.001.Pw01_vs_DMSO,-1.6725287691458508,0.6647237160757546,1.0,0,Pw01
883,PG_00009,G_00009,SRB-9000003.001.Pw01_vs_DMSO,-0.6393102759178796,0.8600623609660344,1.0,0,Pw01
885,PG_00010,G_00010,SRB-9000003.001.Pw01_vs_DMSO,0.05939904943380869,0.07602499182244143,0.2609327489352216,0,Pw01
887,PG_00011,G_00011,SRB-9000003.001.Pw01_vs_DMSO,-1.66430391846636,0.8292592870641082,1.0,0,Pw01
889,PG_00012,G_00012,SRB-9000003.001.Pw01_vs_DMSO,1.0757628673888227,0.12583496658464324,0.5430463991619928,0,Pw01
891,PG_00013,G_00013,SRB-9000003.001.Pw01_vs_DMSO,-0.40230197945047036,0.9426203992924694,1.0,0,Pw01
893,PG_00014,G_00014,SRB-9000003.001.Pw01_vs_DMSO,0.33747839148329123,0.9949171892758628,1.0,0,Pw01
895,PG_00015,G_00015,SRB-9000003.001.Pw01_vs_DMSO,1.7354914686751954,0.059835825391184275,0.18660094962185916,0,Pw01
897,PG_00016,G_00016,SRB-9000003.001.Pw01_vs_DMSO,-0.10040651453163757,0.616498038933367,1.0,0,Pw01
899,PG_00017,G_00017,SRB-9000003.001.Pw01_vs_DMSO,-0.07663940858328287,0.7471782070108923,1.0,0,Pw01
901,PG_00018,G_00018,SRB-9000003.001.Pw01_vs_DMSO,-1.0905589624735885,0.8711282492710324,1.0,0,Pw01
903,PG_00019,G_00019,SRB-9000003.001.Pw01_vs_DMSO,-1.554638150993002,0.556064993763938,1.0,0,Pw01
905,PG_00020,G_00020,SRB-9000003.001.Pw01_vs_DMSO,2.3622645431776017,0.1927536574734879,0.6428908628706136,0,Pw01
907,PG_00021,G_00021,SRB-9000003.001.Pw01_vs_DMSO,2.5777166084924104,0.5205627579090446,1.0,0,Pw01
909,PG_00022,G_00022,SRB-9000003.001.Pw01_vs_DMSO,0.6997928194002425,0.7280097819940096,1.0,0,Pw01
911,PG_00023,G_00023,SRB-9000003.001.Pw01_vs_DMSO,-1.2566408321610392,0.17377605601107987,0.7052292466875693,0,Pw01
913,PG_00024,G_00024,SRB-9000003.001.Pw01_vs_DMSO,-0.12301466626059647,0.9502384610292036,1.0,0,Pw01
915,PG_00025,G_00025,SRB-9000003.001.Pw01_vs_DMSO,-0.2157953274380964,0.9377667355544992,1.0,0,Pw01
917,PG_00026,G_00026,SRB-9000003.001.Pw01_vs_DMSO,-0.5718236307296329,0.0497623917844659,0.1671944081327335,0,Pw01
919,PG_00027,G_00027,SRB-9000003.001.Pw01_vs_DMSO,1.0674134824067902,0.9139182119342336,1.0,0,Pw01
921,PG_00028,G_00028,SRB-9000003.001.Pw01_vs_DMSO,0.3700094986393304,0.20130032973526976,0.6651789907649254,0,Pw01
923,PG_00029,G_00029,SRB-9000003.001.Pw01_vs_DMSO,3.4261999139050214,0.7135816619537928,1.0,0,Pw01
925,PG_00030,G_00030,SRB-9000003.001.Pw01_vs_DMSO,-2.611145603973129,0.5458982923484377,1.0,0,Pw01
927,PG_00031,G_00031,SRB-9000003.001.Pw01_vs_DMSO,-1.2770228932555496,0.8012390797445694,1.0,0,Pw01
929,PG_00032,G_00032,SRB-9000003.001.Pw01_vs_DMSO,-0.6799366709798329,0.9538655426963152,1.0,0,Pw01
931,PG_00033,G_00033,SRB-9000003.001.Pw01_vs_DMSO,-1.1576399051715653,0.6309290352665309,1.0,0,Pw01
933,PG_00034,G_00034,SRB-9000003.001.Pw01_vs_DMSO,-1.3952949136216648,0.2500642915773608,0.356947563019458,0,Pw01
935,PG_00035,G_00035,SRB-9000003.001.Pw01_vs_DMSO,-1.1351738443947488,0.7627800741640862,1.0,0,Pw01
937,PG_00036,G_00036,SRB-9000003.001.Pw01_vs_DMSO,-0.8175719070184146,0.8461618571081412,1.0,0,Pw01
939,PG_00037,G_00037,SRB-9000003.001.Pw01_vs_DMSO,-0.0018388295949226551,0.14379049597904742,0.5836710076522589,0,Pw01
941,PG_00038,G_00038,SRB-9000003.001.Pw01_vs_DMSO,0.5847635023270779,0.2790420920955398,0.4540625150317211,0,Pw01
943,PG_00039,G_00039,SRB-9000003.001.Pw01_vs_DMSO,1.930587468178938,0.6273539273127458,1.0,0,Pw01
945,PG_00040,G_00040,SRB-9000003.001.Pw01_vs_DMSO,-0.6618255920603886,0.2885221297892239,1.0,0,Pw01
947,PG_00041,G_00041,SRB-9000003.001.Pw01_vs_DMSO,-1.1756139255088636,0.6499075975680456,1.0,0,Pw01
949,PG_00042,G_00042,SRB-9000003.001.Pw01_vs_DMSO,-0.6739792140831271,0.972391237187505,1.0,0,Pw01
951,PG_00043,G_00043,SRB-9000003.001.Pw01_vs_DMSO,0.6645133165177562,0.7014299480356,1.0,0,Pw01
953,PG_00044,G_00044,SRB-9000003.001.Pw01_vs_DMSO,-1.8997169562764773,0.005686135343840182,0.012917072901338998,1,Pw01
955,PG_00045,G_00045,SRB-9000003.001.Pw01_vs_DMSO,-0.5352974686550624,0.19510977072145208,0.7344603875361048,0,Pw01
957,PG_00046,G_00046,SRB-9000003.001.Pw01_vs_DMSO,-2.304909651202551,0.1991786379575476,0.7420977031738818,0,Pw01
959,PG_00047,G_00047,SRB-9000003.001.Pw01_vs_DMSO,0.13692068245003963,0.4101197205847076,1.0,0,Pw01
961,PG_00048,G_00048,SRB-9000003.001.Pw01_vs_DMSO,-2.326892078504984,0.6913999224285285,1.0,0,Pw01
963,PG_00049,G_00049,SRB-9000003.001.Pw01_vs_DMSO,0.48212911167181155,0.9731362769134293,1.0,0,Pw01
965,PG_00050,G_00050,SRB-9000003.001.Pw01_vs_DMSO,-1.26931255383147,0.9396778775706935,1.0,0,Pw01
967,PG_00051,G_00051,SRB-9000003.001.Pw01_vs_DMSO,0.6383464219659208,0.6969005032718776,1.0,0,Pw01
969,PG_00052,G_00052,SRB-9000003.001.Pw01_vs_DMSO,-0.5237784908820975,0.5723358113483347,1.0,0,Pw01
971,PG_00053,G_00053,SRB-9000003.001.Pw01_vs_DMSO,0.9002406122443886,0.9109560767377144,1.0,0,Pw01
973,PG_00054,G_00054,SRB-9000003.001.Pw01_vs_DMSO,1.791794798925275,0.7644418274188685,1.0,0,Pw01
975,PG_00055,G_00055,SRB-9000003.001.Pw01_vs_DMSO,-1.439264274034334,0.49923209203455915,1.0,0,Pw01
977,PG_00056,G_00056,SRB-9000003.001.Pw01_vs_DMSO,1.1420001871964778,0.08329534531173471,0.164939725485957,0,Pw01
979,PG_00057,G_00057,SRB-9000003.001.Pw01_vs_DMSO,-1.7135052068476575,0.6722369377242076,1.0,0,Pw01
981,PG_00058,G_00058,SRB-9000003.001.Pw01_vs_DMSO,-0.25639595081908095,0.7255933624817005,1.0,0,Pw01
983,PG_00059,G_00059,SRB-9000003.001.Pw01_vs_DMSO,-0.6417029369703836,0.40088869814269107,0.7095090503465576,0,Pw01
985,PG_00000,G_00000,SRB-9000004.001.Pw00_vs_DMSO,3.697524022046108,0.5627720687404313,0.751565316681678,0,Pw00
987,PG_00001,G_00001,SRB-9000004.001.Pw00_vs_DMSO,-0.13519238955015833,0.8123741856891943,1.0,0,Pw00
989,PG_00002,G_00002,SRB-9000004.001.Pw00_vs_DMSO,1.226701287163042,0.31400503745627406,1.0,0,Pw00
991,PG_00003,G_00003,SRB-9000004.001.Pw00_vs_DMSO,0.15170279847679877,0.894353572296747,1.0,0,Pw00
993,PG_00004,G_00004,SRB-9000004.001.Pw00_vs_DMSO,-0.283526727973469,0.42536119752095847,0.7806423264174699,0,Pw00
995,PG_00005,G_00005,SRB-9000004.001.Pw00_vs_DMSO,0.4092287823662031,0.9686815998470097,1.0,0,Pw00
997,PG_00006,G_00006,SRB-9000004.001.Pw00_vs_DMSO,3.4527577351831598,0.012137895469824864,0.05987767769750981,1,Pw00
999,PG_00007,G_00007,SRB-9000004.001.Pw00_vs_DMSO,-0.4465254235532046,0.1820659671459161,0.5099582711210106,0,Pw00
1001,PG_00008,G_00008,SRB-9000004.001.Pw00_vs_DMSO,-0.7356829298204237,0.0029076842732931475,0.01173715783723158,0,Pw00
1003,PG_00009,G_00009,SRB-9000004.001.Pw00_vs_DMSO,2.0130287178919444,0.18129959449880823,0.2617537549797392,0,Pw00
1005,PG_00010,G_00010,SRB-9000004.001.Pw00_vs_DMSO,-2.8006431623918644,0.37306983549903894,0.8279106254510512,0,Pw00
1007,PG_00011,G_00011,SRB-9000004.001.Pw00_vs_DMSO,-0.4206795992372788,0.12419745120499763,0.4271558947876083,0,Pw00
1009,PG_00012,G_00012,SRB-9000004.001.Pw00_vs_DMSO,-1.6516687358229927,0.2790923041014654,0.9917485119629686,0,Pw00
1011,PG_00013,G_00013,SRB-9000004.001.Pw00_vs_DMSO,0.8138168953635545,0.07012397993561231,0.22096544347543087,0,Pw00
1013,PG_00014,G_00014,SRB-9000004.001.Pw00_vs_DMSO,1.044692983056462,0.4999365108747503,1.0,0,Pw00
1015,PG_00015,G_00015,SRB-9000004.001.Pw00_vs_DMSO,-2.972140744099704,0.5910028554144201,0.8337098605219501,0,Pw00
1017,PG_00016,G_00016,SRB-9000004.001.Pw00_vs_DMSO,-1.6077959220075333,0.0910105149888563,0.15764820048608774,0,Pw00
1019,PG_00017,G_00017,SRB-9000004.001.Pw00_vs_DMSO,2.7468692054518153,0.6810651174121185,1.0,0,Pw00
1021,PG_00018,G_00018,SRB-9000004.001.Pw00_vs_DMSO,-1.3945438409709605,0.16905570550282084,0.33104537058082323,0,Pw00
1023,PG_00019,G_00019,SRB-9000004.001.Pw00_vs_DMSO,1.4222848935231656,0.8489150879729481,1.0,0,Pw00
1025,PG_00020,G_00020,SRB-9000004.001.Pw00_vs_DMSO,-0.41041333184466133,0.8344964719401129,1.0,0,Pw00
1027,PG_00021,G_00021,SRB-9000004.001.Pw00_vs_DMSO,1.9331494094934056,0.3692823695417466,0.44996352696387565,0,Pw00
1029,PG_00022,G_00022,SRB-9000004.001.Pw00_vs_DMSO,-0.7306376457743112,0.08351678563876612,0.14046221640569514,0,Pw00
1031,PG_00023,G_00023,SRB-9000004.001.Pw00_vs_DMSO,0.817553982515502,0.6449007891649392,0.8898750285753897,0,Pw00
1033,PG_00024,G_00024,SRB-9000004.001.Pw00_vs_DMSO,1.4765058604414998,0.6953638365923323,1.0,0,Pw00
1035,PG_00025,G_00025,SRB-9000004.001.Pw00_vs_DMSO,1.503778595718157,0.5103571849262747,0.6793625738347636,0,Pw00
1037,PG_00026,G_00026,SRB-9000004.001.Pw00_vs_DMSO,-3.696582664401679,0.5359094405699746,1.0,0,Pw00
1039,PG_00027,G_00027,SRB-9000004.001.Pw00_vs_DMSO,0.47307126185082965,0.12178616207420442,0.3984617154725757,0,Pw00
1041,PG_00028,G_00028,SRB-9000004.001.Pw00_vs_DMSO,-1.7943525734523615,0.5780205997890021,0.8521285115308653,0,Pw00
1043,PG_00029,G_00029,SRB-9000004.001.Pw00_vs_DMSO,0.5037952865991173,0.7320092528606028,1.0,0,Pw00
1045,PG_00030,G_00030,SRB-9000004.001.Pw00_vs_DMSO,2.118924753159649,0.3079699628713047,0.9734138602457348,0,Pw00
1047,PG_00031,G_00031,SRB-9000004.001.Pw00_vs_DMSO,-2.1126979717569725,0.2527226006400246,0.7076420537942689,0,Pw00
1049,PG_00032,G_00032,SRB-9000004.001.Pw00_vs_DMSO,-1.5957093621621845,0.5135965869445974,1.0,0,Pw00
1051,PG_00033,G_00033,SRB-9000004.001.Pw00_vs_DMSO,-1.0625561518714892,0.01732635955294193,0.07775855650834672,1,Pw00
1053,PG_00034,G_00034,SRB-9000004.001.Pw00_vs_DMSO,-0.39435832682389926,0.9218122164179683,1.0,0,Pw00
1055,PG_00035,G_00035,SRB-9000004.001.Pw00_vs_DMSO,2.039697731304271,0.6784433292831383,0.7284818662591196,0,Pw00
1057,PG_00036,G_00036,SRB-9000004.001.Pw00_vs_DMSO,1.2411474215068368,0.35421387178065755,0.6523788371471846,0,Pw00
1059,PG_00037,G_00037,SRB-9000004.001.Pw00_vs_DMSO,0.794500930107527,0.3883814541989828,1.0,0,Pw00
1061,PG_00038,G_00038,SRB-9000004.001.Pw00_vs_DMSO,0.191641493878683,0.8384393691618386,1.0,0,Pw00
1063,PG_00039,G_00039,SRB-9000004.001.Pw00_vs_DMSO,0.39224813193682095,0.5736016994471548,1.0,0,Pw00
1065,PG_00040,G_00040,SRB-9000004.001.Pw00_vs_DMSO,-0.07309241417317319,0.9678897712214874,1.0,0,Pw00
1067,PG_00041,G_00041,SRB-9000004.001.Pw00_vs_DMSO,0.006399311730131956,0.43827726046007087,1.0,0,Pw00
1069,PG_00042,G_00042,SRB-9000004.001.Pw00_vs_DMSO,-2.525280749501352,0.6981267364928211,1.0,0,Pw00
1071,PG_00043,G_00043,SRB-9000004.001.Pw00_vs_DMSO,-0.1778413728346737,0.19071958136721057,0.3850838000696504,0,Pw00
1073,PG_00044,G_00044,SRB-9000004.001.Pw00_vs_DMSO,0.2268924380197236,0.8201115276495955,1.0,0,Pw00
1075,PG_00045,G_00045,SRB-9000004.001.Pw00_vs_DMSO,0.8929099870203413,0.7673043293689572,1.0,0,Pw00
1077,PG_00046,G_00046,SRB-9000004.001.Pw00_vs_DMSO,0.6676367067272115,0.5556475728490439,1.0,0,Pw00
1079,PG_00047,G_00047,SRB-9000004.001.Pw00_vs_DMSO,-1.4641217233110053,0.9923317951418884,1.0,0,Pw00
1081,PG_00048,G_00048,SRB-9000004.001.Pw00_vs_DMSO,0.5100441753652967,0.691220173751742,1.0,0,Pw00
1083,PG_00049,G_00049,SRB-9000004.001.Pw00_vs_DMSO,0.9646075371642822,0.5653060268558537,1.0,0,Pw00
1085,PG_00050,G_00050,SRB-9000004.001.Pw00_vs_DMSO,-0.13908905708417874,0.9709169853551418,1.0,0,Pw00
1087,PG_00051,G_00051,SRB-9000004.001.Pw00_vs_DMSO,0.1580081256716152,0.6032044420196832,0.8900003012579006,0,Pw00
1089,PG_00052,G_00052,SRB-9000004.001.Pw00_vs_DMSO,0.3697013389549122,0.5605858778333519,1.0,0,Pw00
1091,PG_00053,G_00053,SRB-9000004.001.Pw00_vs_DMSO,-0.439275410728446,0.7250090149255092,1.0,0,Pw00
1093,PG_00054,G_00054,SRB-9000004.001.Pw00_vs_DMSO,-0.6716237790932488,0.8356589314239055,1.0,0,Pw00
1095,PG_00055,G_00055,SRB-9000004.001.Pw00_vs_DMSO,-1.995428574605585,0.8413817098459626,1.0,0,Pw00
1097,PG_00056,G_00056,SRB-9000004.001.Pw00_vs_DMSO,2.366463977758226,0.8276684239476635,1.0,0,Pw00
1099,PG_00057,G_00057,SRB-9000004.001.Pw00_vs_DMSO,2.819075576137254,0.686311984764722,1.0,0,Pw00
1101,PG_00058,G_00058,SRB-9000004.001.Pw00_vs_DMSO,-1.2268244272718758,0.41345906227382145,1.0,0,Pw00
1103,PG_00059,G_00059,SRB-9000004.001.Pw00_vs_DMSO,0.9312212857751507,0.1672341717466717,0.7634342917715066,0,Pw00
1105,PG_00000,G_00000,SRB-9000004.001.Pw01_vs_DMSO,-0.10389720972347441,0.8950180405422532,1.0,0,Pw01
1107,PG_00001,G_00001,SRB-9000004.001.Pw01_vs_DMSO,-0.400842100020777,0.6774376839498515,1.0,0,Pw01
1109,PG_00002,G_00002,SRB-9000004.001.Pw01_vs_DMSO,-0.5477067180345558,0.1929388193508507,0.4774428870690629,0,Pw01
1111,PG_00003,G_00003,SRB-9000004.001.Pw01_vs_DMSO,1.28436252453501,0.5172876759590513,0.9414421145501616,0,Pw01
1113,PG_00004,G_00004,SRB-9000004.001.Pw01_vs_DMSO,-0.19812482238982218,0.34627884197077724,1.0,0,Pw01
1115,PG_00005,G_00005,SRB-9000004.001.Pw01_vs_DMSO,0.12311959005000007,0.8552886575119687,1.0,0,Pw01
1117,PG_00006,G_00006,SRB-9000004.001.Pw01_vs_DMSO,0.4532055678227336,0.4860966467748122,1.0,0,Pw01
1119,PG_00007,G_00007,SRB-9000004.001.Pw01_vs_DMSO,-0.16828455291167888,0.2170224107426237,0.45380404759836374,0,Pw01
1121,PG_00008,G_00008,SRB-9000004.001.Pw01_vs_DMSO,-1.2140789514395534,0.2843999294372825,0.7114663664022057,0,Pw01
1123,PG_00009,G_00009,SRB-9000004.001.Pw01_vs_DMSO,3.666175762011898,0.2499244962079836,0.4308283835713417,0,Pw01
1125,PG_00010,G_00010,SRB-9000004.001.Pw01_vs_DMSO,0.06280895794935137,0.0774627617575935,0.25836604618715037,0,Pw01
1127,PG_00011,G_00011,SRB-9000004.001.Pw01_vs_DMSO,-0.8908151893719667,0.7896342368128707,1.0,0,Pw01
1129,PG_00012,G_00012,SRB-9000004.001.Pw01_vs_DMSO,-0.09519386243188639,0.5248926340458614,1.0,0,Pw01
1131,PG_00013,G_00013,SRB-9000004.001.Pw01_vs_DMSO,-0.6907347811086196,0.24064675950592623,0.6182233257173781,0,Pw01
1133,PG_00014,G_00014,SRB-9000004.001.Pw01_vs_DMSO,1.5396534708858645,0.9144313596167413,1.0,0,Pw01
1135,PG_00015,G_00015,SRB-9000004.001.Pw01_vs_DMSO,-0.018040728988521597,0.7216488072354437,1.0,0,Pw01
1137,PG_00016,G_00016,SRB-9000004.001.Pw01_vs_DMSO,-1.2127908844448634,0.268552359168631,0.936151505139364,0,Pw01
1139,PG_00017,G_00017,SRB-9000004.001.Pw01_vs_DMSO,0.5145475541761637,0.8638957406125779,1.0,0,Pw01
1141,PG_00018,G_00018,SRB-9000004.001.Pw01_vs_DMSO,-2.3015921467868705,0.6032457373688298,1.0,0,Pw01
1143,PG_00019,G_00019,SRB-9000004.001.Pw01_vs_DMSO,-0.16806581694993764,0.34907457429388966,0.730924294697084,0,Pw01
1145,PG_00020,G_00020,SRB-9000004.001.Pw01_vs_DMSO,0.312631258294122,0.5226614765880739,0.9106586809494155,0,Pw01
1147,PG_00021,G_00021,SRB-9000004.001.Pw01_vs_DMSO,-0.24355830278863883,0.17495718815071873,0.34581167223736026,0,Pw01
1149,PG_00022,G_00022,SRB-9000004.001.Pw01_vs_DMSO,-2.466168521418922,0.02311644206239794,0.10760363910599526,1,Pw01
1151,PG_00023,G_00023,SRB-9000004.001.Pw01_vs_DMSO,-0.20468822653683394,0.6876734955444386,1.0,0,Pw01
1153,PG_00024,G_00024,SRB-9000004.001.Pw01_vs_DMSO,1.1604851189938035,0.3076029492182255,0.4373461592216503,0,Pw01
1155,PG_00025,G_00025,SRB-9000004.001.Pw01_vs_DMSO,0.52198556899234,0.6774922156673895,1.0,0,Pw01
1157,PG_00026,G_00026,SRB-9000004.001.Pw01_vs_DMSO,1.8610403984318116,0.6197486765837021,1.0,0,Pw01
1159,PG_00027,G_00027,SRB-9000004.001.Pw01_vs_DMSO,0.8813976429070765,0.9534760422465323,1.0,0,Pw01
1161,PG_00028,G_00028,SRB-9000004.001.Pw01_vs_DMSO,3.6455875948658383,0.9166336680321847,1.0,0,Pw01
1163,PG_00029,G_00029,SRB-9000004.001.Pw01_vs_DMSO,2.6139555307474787,0.4487416140044614,1.0,0,Pw01
1165,PG_00030,G_00030,SRB-9000004.001.Pw01_vs_DMSO,-0.6210053504616339,0.35484884479813483,0.7636665911414489,0,Pw01
1167,PG_00031,G_00031,SRB-9000004.001.Pw01_vs_DMSO,-0.6032296080939052,0.5730591618943706,1.0,0,Pw01
1169,PG_00032,G_00032,SRB-9000004.001.Pw01_vs_DMSO,0.3888168251627647,0.6986783749837011,1.0,0,Pw01
1171,PG_00033,G_00033,SRB-9000004.001.Pw01_vs_DMSO,1.4170517244451413,0.45266595165648094,1.0,0,Pw01
1173,PG_00034,G_00034,SRB-9000004.001.Pw01_vs_DMSO,2.7043891437284264,0.031223704196737537,0.10547373425005063,1,Pw01
1175,PG_00035,G_00035,SRB-9000004.001.Pw01_vs_DMSO,0.48165361323366174,0.9544289981665847,1.0,0,Pw01
1177,PG_00036,G_00036,SRB-9000004.001.Pw01_vs_DMSO,-0.2591434980726443,0.42078773389594254,0.7749736838859627,0,Pw01
1179,PG_00037,G_00037,SRB-9000004.001.Pw01_vs_DMSO,-1.6760961229841271,0.4474649217519178,0.9656628551986931,0,Pw01
1181,PG_00038,G_00038,SRB-9000004.001.Pw01_vs_DMSO,0.44291025677871465,0.0798611551445993,0.3546688652205531,0,Pw01
1183,PG_00039,G_00039,SRB-9000004.001.Pw01_vs_DMSO,0.451014462804609,0.48740125204718293,1.0,0,Pw01
1185,PG_00040,G_00040,SRB-9000004.001.Pw01_vs_DMSO,-0.9692213547308851,0.6001384111255686,1.0,0,Pw01
1187,PG_00041,G_00041,SRB-9000004.001.Pw01_vs_DMSO,-0.9019465505028341,0.6189359155811683,0.6852483808455861,0,Pw01
1189,PG_00042,G_00042,SRB-9000004.001.Pw01_vs_DMSO,1.480197898918936,0.8344225249176528,1.0,0,Pw01
1191,PG_00043,G_00043,SRB-9000004.001.Pw01_vs_DMSO,0.409092032104832,0.9067442105300715,1.0,0,Pw01
1193,PG_00044,G_00044,SRB-9000004.001.Pw01_vs_DMSO,-2.410209723241645,0.17661357595914032,0.19669755971619796,0,Pw01
1195,PG_00045,G_00045,SRB-9000004.001.Pw01_vs_DMSO,-0.6157476678163594,0.6263584195488976,1.0,0,Pw01
1197,PG_00046,G_00046,SRB-9000004.001.Pw01_vs_DMSO,0.13119412540714454,0.49929457172604375,0.8871332007432717,0,Pw01
1199,PG_00047,G_00047,SRB-9000004.001.Pw01_vs_DMSO,1.4170566692806474,0.8264869664417082,1.0,0,Pw01
1201,PG_00048,G_00048,SRB-9000004.001.Pw01_vs_DMSO,-0.7727403836517768,0.43289876349434114,0.6582155972875893,0,Pw01
1203,PG_00049,G_00049,SRB-9000004.001.Pw01_vs_DMSO,2.1184171432591707,0.3401315258691328,1.0,0,Pw01
1205,PG_00050,G_00050,SRB-9000004.001.Pw01_vs_DMSO,0.6723861424481137,0.8370982802215102,1.0,0,Pw01
1207,PG_00051,G_00051,SRB-9000004.001.Pw01_vs_DMSO,-0.9525708567010502,0.1554981533990304,0.36817820156845227,0,Pw01
1209,PG_00052,G_00052,SRB-9000004.001.Pw01_vs_DMSO,1.8771043975937103,0.46917983143161884,0.9087561344170473,0,Pw01
1211,PG_00053,G_00053,SRB-9000004.001.Pw01_vs_DMSO,-1.2951326853130418,0.33436535933083716,1.0,0,Pw01
1213,PG_00054,G_00054,SRB-9000004.001.Pw01_vs_DMSO,-1.7058522662536804,0.4106456734431624,1.0,0,Pw01
1215,PG_00055,G_00055,SRB-9000004.001.Pw01_vs_DMSO,0.3885883850459064,0.0597961202315119,0.1413060601519753,0,Pw01
1217,PG_00056,G_00056,SRB-9000004.001.Pw01_vs_DMSO,-0.18029194573891982,0.44787850159348924,1.0,0,Pw01
1219,PG_00057,G_00057,SRB-9000004.001.Pw01_vs_DMSO,1.0643441299564815,0.9939304960834638,1.0,0,Pw01
1221,PG_00058,G_00058,SRB-9000004.001.Pw01_vs_DMSO,1.3473629705473154,0.41275254834712727,1.0,0,Pw01
1223,PG_00059,G_00059,SRB-9000004.001.Pw01_vs_DMSO,2.576876805637016,0.9044679420535459,1.0,0,Pw01
1225,PG_00000,G_00000,SRB-9000005.001.Pw00_vs_DMSO,1.9331577136419842,0.09066739132212417,0.2725942475379359,0,Pw00
1227,PG_00001,G_00001,SRB-9000005.001.Pw00_vs_DMSO,1.1725830982544543,0.7635962809768935,1.0,0,Pw00
1229,PG_00002,G_00002,SRB-9000005.001.Pw00_vs_DMSO,-1.263842109008054,0.09645818066828994,0.19137939240262458,0,Pw00
1231,PG_00003,G_00003,SRB-9000005.001.Pw00_vs_DMSO,0.18037567507720853,0.3908485786660039,1.0,0,Pw00
1233,PG_00004,G_00004,SRB-9000005.001.Pw00_vs_DMSO,-1.5179990616443422,0.11366639484285926,0.1776983264874878,0,Pw00
1235,PG_00005,G_00005,SRB-9000005.001.Pw00_vs_DMSO,-0.3757225947904036,0.6556675047736263,1.0,0,Pw00
1237,PG_00006,G_00006,SRB-9000005.001.Pw00_vs_DMSO,-0.4303599158800348,0.8204075134334368,1.0,0,Pw00
1239,PG_00007,G_00007,SRB-9000005.001.Pw00_vs_DMSO,-0.6693647411998402,0.5101415514066879,1.0,0,Pw00
1241,PG_00008,G_00008,SRB-9000005.001.Pw00_vs_DMSO,-0.9060152090166409,0.4184921447896011,1.0,0,Pw00
1243,PG_00009,G_00009,SRB-9000005.001.Pw00_vs_DMSO,0.250584514457669,0.41856091579421667,1.0,0,Pw00
1245,PG_00010,G_00010,SRB-9000005.001.Pw00_vs_DMSO,0.6850672430081955,0.03340811790034985,0.16283197363531426,0,Pw00
1247,PG_00011,G_00011,SRB-9000005.001.Pw00_vs_DMSO,-1.3251003699866282,0.23757095294799122,0.5727054840150352,0,Pw00
1249,PG_00012,G_00012,SRB-9000005.001.Pw00_vs_DMSO,0.2758150994779084,0.40719636817871674,1.0,0,Pw00
1251,PG_00013,G_00013,SRB-9000005.001.Pw00_vs_DMSO,1.6605173119284964,0.8724445718978219,1.0,0,Pw00
1253,PG_00014,G_00014,SRB-9000005.001.Pw00_vs_DMSO,0.32324477880488417,0.662781809545786,1.0,0,Pw00
1255,PG_00015,G_00015,SRB-9000005.001.Pw00_vs_DMSO,0.9640209031748945,0.08137900421823738,0.1788750370650432,0,Pw00
1257,PG_00016,G_00016,SRB-9000005.001.Pw00_vs_DMSO,-0.5423489937128747,0.8014435772240428,1.0,0,Pw00
1259,PG_00017,G_00017,SRB-9000005.001.Pw00_vs_DMSO,-0.5127535871707606,0.9047259336014523,1.0,0,Pw00
1261,PG_00018,G_00018,SRB-9000005.001.Pw00_vs_DMSO,1.3113913766764778,0.17754534472998995,0.8641273573464084,0,Pw00
1263,PG_00019,G_00019,SRB-9000005.001.Pw00_vs_DMSO,3.1394459561270516,0.7848145626908326,1.0,0,Pw00
1265,PG_00020,G_00020,SRB-9000005.001.Pw00_vs_DMSO,-0.9401231073311023,0.33945911465407747,0.572029255745641,0,Pw00
1267,PG_00021,G_00021,SRB-9000005.001.Pw00_vs_DMSO,-1.880120915680921,0.6242791789464197,1.0,0,Pw00
1269,PG_00022,G_00022,SRB-9000005.001.Pw00_vs_DMSO,0.0934598042465801,0.45880341670131464,1.0,0,Pw00
1271,PG_00023,G_00023,SRB-9000005.001.Pw00_vs_DMSO,1.0506509896024798,0.6355252025720313,0.8635392891875165,0,Pw00
1273,PG_00024,G_00024,SRB-9000005.001.Pw00_vs_DMSO,0.8909763048508167,0.5934065944023943,1.0,0,Pw00
1275,PG_00025,G_00025,SRB-9000005.001.Pw00_vs_DMSO,0.8040420229281342,0.2625360861001621,1.0,0,Pw00
1277,PG_00026,G_00026,SRB-9000005.001.Pw00_vs_DMSO,-0.2703879822597572,0.9108010852398184,1.0,0,Pw00
1279,PG_00027,G_00027,SRB-9000005.001.Pw00_vs_DMSO,-0.4935010590006037,0.6353567637319384,1.0,0,Pw00
1281,PG_00028,G_00028,SRB-9000005.001.Pw00_vs_DMSO,-0.535146759174185,0.6739794444709076,1.0,0,Pw00
1283,PG_00029,G_00029,SRB-9000005.001.Pw00_vs_DMSO,-1.140966015171403,0.24585831580885203,0.8131643015200616,0,Pw00
1285,PG_00030,G_00030,SRB-9000005.001.Pw00_vs_DMSO,3.020104595675435,0.215650767627232,0.5551084879051905,0,Pw00
1287,PG_00031,G_00031,SRB-9000005.001.Pw00_vs_DMSO,0.9902368240355427,0.11767666255299133,0.17505149471097142,0,Pw00
1289,PG_00032,G_00032,SRB-9000005.001.Pw00_vs_DMSO,0.2885535718095671,0.13789614765183827,0.5832553279835262,0,Pw00
1291,PG_00033,G_00033,SRB-9000005.001.Pw00_vs_DMSO,-1.17619774901838,0.4331284949166216,1.0,0,Pw00
1293,PG_00034,G_00034,SRB-9000005.001.Pw00_vs_DMSO,-1.0706357230761903,0.17352706425753628,0.3567244913174387,0,Pw00
1295,PG_00035,G_00035,SRB-9000005.001.Pw00_vs_DMSO,1.1197094233160152,0.32297547095731205,1.0,0,Pw00
1297,PG_00036,G_00036,SRB-9000005.001.Pw00_vs_DMSO,-0.9922183252669572,0.2577048490760787,1.0,0,Pw00
1299,PG_00037,G_00037,SRB-9000005.001.Pw00_vs_DMSO,-0.2762149927586784,0.010848716934516405,0.048677482873715545,0,Pw00
1301,PG_00038,G_00038,SRB-9000005.001.Pw00_vs_DMSO,-0.3070989844776961,0.6099850115794487,1.0,0,Pw00
1303,PG_00039,G_00039,SRB-9000005.001.Pw00_vs_DMSO,-0.6625868223226156,0.32806709211577645,0.8658846800009623,0,Pw00
1305,PG_00040,G_00040,SRB-9000005.001.Pw00_vs_DMSO,-0.7816742741328395,0.21795046940029364,0.3074300882084854,0,Pw00
1307,PG_00041,G_00041,SRB-9000005.001.Pw00_vs_DMSO,-1.5154468854425647,0.6329569439552307,1.0,0,Pw00
1309,PG_00042,G_00042,SRB-9000005.001.Pw00_vs_DMSO,-0.33636291237067467,0.4008803693475441,0.5601142152624714,0,Pw00
1311,PG_00043,G_00043,SRB-9000005.001.Pw00_vs_DMSO,0.8578195280079808,0.7931453136658155,1.0,0,Pw00
1313,PG_00044,G_00044,SRB-9000005.001.Pw00_vs_DMSO,-2.5398431035646265,0.7547476792530888,1.0,0,Pw00
1315,PG_00045,G_00045,SRB-9000005.001.Pw00_vs_DMSO,-0.828205011609666,0.78115955845014,1.0,0,Pw00
1317,PG_00046,G_00046,SRB-9000005.001.Pw00_vs_DMSO,-0.46057094739851,0.38608146073731225,0.5856879459493931,0,Pw00
1319,PG_00047,G_00047,SRB-9000005.001.Pw00_vs_DMSO,-3.68861545564496,0.09830276573701183,0.21963155853485933,0,Pw00
1321,PG_00048,G_00048,SRB-9000005.001.Pw00_vs_DMSO,-1.3479631469811264,0.7511479376310195,1.0,0,Pw00
1323,PG_00049,G_00049,SRB-9000005.001.Pw00_vs_DMSO,0.23512196712657557,0.22872204643166955,0.6917067950024509,0,Pw00
1325,PG_00050,G_00050,SRB-9000005.001.Pw00_vs_DMSO,-0.27481688481987954,0.9876674333868993,1.0,0,Pw00
1327,PG_00051,G_00051,SRB-9000005.001.Pw00_vs_DMSO,0.7180559994516784,0.9578070711846727,1.0,0,Pw00
1329,PG_00052,G_00052,SRB-9000005.001.Pw00_vs_DMSO,2.094514395870314,0.9006313019372949,1.0,0,Pw00
1331,PG_00053,G_00053,SRB-9000005.001.Pw00_vs_DMSO,-0.3351952729230088,0.08232750594252194,0.27940859494679904,0,Pw00
1333,PG_00054,G_00054,SRB-9000005.001.Pw00_vs_DMSO,-0.7405052843635104,0.4001207784179876,1.0,0,Pw00
1335,PG_00055,G_00055,SRB-9000005.001.Pw00_vs_DMSO,2.0128294890180634,0.6583404824376542,1.0,0,Pw00
1337,PG_00056,G_00056,SRB-9000005.001.Pw00_vs_DMSO,-2.7702657940937345,0.4811401149268452,1.0,0,Pw00
1339,PG_00057,G_00057,SRB-9000005.001.Pw00_vs_DMSO,0.12738951014636496,0.2405875909606293,0.9184898667789063,0,Pw00
1341,PG_00058,G_00058,SRB-9000005.001.Pw00_vs_DMSO,-1.8591536599985452,0.7195304702643107,1.0,0,Pw00
1343,PG_00059,G_00059,SRB-9000005.001.Pw00_vs_DMSO,1.4143672345342704,0.24615023193082344,1.0,0,Pw00
1345,PG_00000,G_00000,SRB-9000005.001.Pw01_vs_DMSO,0.5985116845917874,0.3381652880467678,0.8165041027527467,0,Pw01
1347,PG_00001,G_00001,SRB-9000005.001.Pw01_vs_DMSO,-0.11556644882811763,0.46408384721425816,0.5707111724258341,0,Pw01
1349,PG_00002,G_00002,SRB-9000005.001.Pw01_vs_DMSO,-0.5936884527028157,0.09777993437376856,0.11965199823554128,0,Pw01
1351,PG_00003,G_00003,SRB-9000005.001.Pw01_vs_DMSO,-1.3720112201789725,0.7538123895857638,1.0,0,Pw01
1353,PG_00004,G_00004,SRB-9000005.001.Pw01_vs_DMSO,1.983401663038173,0.17039825533111516,0.5766331153871547,0,Pw01
1355,PG_00005,G_00005,SRB-9000005.001.Pw01_vs_DMSO,0.5573005658647232,0.17791316100280066,0.6308912887526152,0,Pw01
1357,PG_00006,G_00006,SRB-9000005.001.Pw01_vs_DMSO,-0.6586499510245801,0.5129511225423345,1.0,0,Pw01
1359,PG_00007,G_00007,SRB-9000005.001.Pw01_vs_DMSO,-1.337405645534207,0.2109350065859575,0.5053347082387895,0,Pw01
1361,PG_00008,G_00008,SRB-9000005.001.Pw01_vs_DMSO,2.2941279975025846,0.18994580619881007,0.5935638434035139,0,Pw01
1363,PG_00009,G_00009,SRB-9000005.001.Pw01_vs_DMSO,-1.5094811782337367,0.7426323573900963,1.0,0,Pw01
1365,PG_00010,G_00010,SRB-9000005.001.Pw01_vs_DMSO,-2.055162639526452,0.27507167762863943,0.9857247753214299,0,Pw01
1367,PG_00011,G_00011,SRB-9000005.001.Pw01_vs_DMSO,0.26397472038367253,0.10893348591900548,0.16410898946855967,0,Pw01
1369,PG_00012,G_00012,SRB-9000005.001.Pw01_vs_DMSO,-0.2610032373617844,0.5625518377874159,1.0,0,Pw01
1371,PG_00013,G_00013,SRB-9000005.001.Pw01_vs_DMSO,-2.380058954932091,0.6968042509480633,1.0,0,Pw01
1373,PG_00014,G_00014,SRB-9000005.001.Pw01_vs_DMSO,0.5500642905555865,0.235084850431552,0.6148452278646097,0,Pw01
1375,PG_00015,G_00015,SRB-9000005.001.Pw01_vs_DMSO,0.2180053115077665,0.7906247103846815,1.0,0,Pw01
1377,PG_00016,G_00016,SRB-9000005.001.Pw01_vs_DMSO,-1.1980825754903026,0.8869855086193531,1.0,0,Pw01
1379,PG_00017,G_00017,SRB-9000005.001.Pw01_vs_DMSO,-0.3956119938335425,0.8623411956943366,1.0,0,Pw01
1381,PG_00018,G_00018,SRB-9000005.001.Pw01_vs_DMSO,-1.4133219371691412,0.7745707993702188,1.0,0,Pw01
1383,PG_00019,G_00019,SRB-9000005.001.Pw01_vs_DMSO,0.566425545956985,0.7162356863024494,1.0,0,Pw01
1385,PG_00020,G_00020,SRB-9000005.001.Pw01_vs_DMSO,1.0186992789576854,0.2066331851227303,0.9472938872654684,0,Pw01
1387,PG_00021,G_00021,SRB-9000005.001.Pw01_vs_DMSO,-0.6350108571513857,0.6663397997676987,1.0,0,Pw01
1389,PG_00022,G_00022,SRB-9000005.001.Pw01_vs_DMSO,-0.8387409884078217,0.8050861826071517,1.0,0,Pw01
1391,PG_00023,G_00023,SRB-9000005.001.Pw01_vs_DMSO,2.3335170255478506,0.23291529267385053,0.6835763213629394,0,Pw01
1393,PG_00024,G_00024,SRB-9000005.001.Pw01_vs_DMSO,1.4213510192107517,0.9283549716601996,1.0,0,Pw01
1395,PG_00025,G_00025,SRB-9000005.001.Pw01_vs_DMSO,0.004530569423837321,0.7792228582278702,1.0,0,Pw01
1397,PG_00026,G_00026,SRB-9000005.001.Pw01_vs_DMSO,-0.31738451611069673,0.6305156819403221,1.0,0,Pw01
1399,PG_00027,G_00027,SRB-9000005.001.Pw01_vs_DMSO,0.08036782364550593,0.9199204503618371,1.0,0,Pw01
1401,PG_00028,G_00028,SRB-9000005.001.Pw01_vs_DMSO,-0.6963168357096827,0.6549149585315712,1.0,0,Pw01
1403,PG_00029,G_00029,SRB-9000005.001.Pw01_vs_DMSO,2.1571612673765252,0.5314496336649864,1.0,0,Pw01
1405,PG_00030,G_00030,SRB-9000005.001.Pw01_vs_DMSO,-0.5868480754868266,0.3736548028451941,1.0,0,Pw01
1407,PG_00031,G_00031,SRB-9000005.001.Pw01_vs_DMSO,-0.5077319052540592,0.08634281592445214,0.1515068568771759,0,Pw01
1409,PG_00032,G_00032,SRB-9000005.001.Pw01_vs_DMSO,1.5331841827763486,0.03518083120276677,0.05568622657814062,1,Pw01
1411,PG_00033,G_00033,SRB-9000005.001.Pw01_vs_DMSO,-0.4734462929341097,0.022850446339531694,0.07570787273647375,0,Pw01
1413,PG_00034,G_00034,SRB-9000005.001.Pw01_vs_DMSO,-1.0687199453534506,0.9615313963375235,1.0,0,Pw01
1415,PG_00035,G_00035,SRB-9000005.001.Pw01_vs_DMSO,2.1929072578235855,0.22131452389999015,0.5875822096549342,0,Pw01
1417,PG_00036,G_00036,SRB-9000005.001.Pw01_vs_DMSO,0.4189476410561943,0.47748548648378475,1.0,0,Pw01
1419,PG_00037,G_00037,SRB-9000005.001.Pw01_vs_DMSO,0.7481180098880134,0.6376311358461915,1.0,0,Pw01
1421,PG_00038,G_00038,SRB-9000005.001.Pw01_vs_DMSO,-2.4505153407932467,0.25609345664938854,0.8131557647790135,0,Pw01
1423,PG_00039,G_00039,SRB-9000005.001.Pw01_vs_DMSO,-0.192362594639036,0.575906551732536,1.0,0,Pw01
1425,PG_00040,G_00040,SRB-9000005.001.Pw01_vs_DMSO,-1.9894143661687043,0.720508948121844,1.0,0,Pw01
1427,PG_00041,G_00041,SRB-9000005.001.Pw01_vs_DMSO,-0.11882659236573563,0.6776864111849894,0.9872199593743373,0,Pw01
1429,PG_00042,G_00042,SRB-9000005.001.Pw01_vs_DMSO,-1.4258287056238415,0.2739548967659249,0.9540830473232416,0,Pw01
1431,PG_00043,G_00043,SRB-9000005.001.Pw01_vs_DMSO,-1.7074403197272283,0.973578939324517,1.0,0,Pw01
1433,PG_00044,G_00044,SRB-9000005.001.Pw01_vs_DMSO,1.1552046876901925,0.0771369537786823,0.3648007235942785,0,Pw01
1435,PG_00045,G_00045,SRB-9000005.001.Pw01_vs_DMSO,0.1865866769240531,0.5142349933783252,1.0,0,Pw01
1437,PG_00046,G_00046,SRB-9000005.001.Pw01_vs_DMSO,0.3719018390790789,0.7196593830137042,1.0,0,Pw01
1439,PG_00047,G_00047,SRB-9000005.001.Pw01_vs_DMSO,3.3940965189504566,0.08112960860891782,0.39002567500318286,0,Pw01
1441,PG_00048,G_00048,SRB-9000005.001.Pw01_vs_DMSO,0.4074359353800846,0.4568472777413526,1.0,0,Pw01
1443,PG_00049,G_00049,SRB-9000005.001.Pw01_vs_DMSO,-3.1772672648006477,0.2640157839747813,1.0,0,Pw01
1445,PG_00050,G_00050,SRB-9000005.001.Pw01_vs_DMSO,1.5362229946815782,0.5585923353981653,1.0,0,Pw01
1447,PG_00051,G_00051,SRB-9000005.001.Pw01_vs_DMSO,0.34662275136845083,0.3733648552679411,1.0,0,Pw01
1449,PG_00052,G_00052,SRB-9000005.001.Pw01_vs_DMSO,2.237879148088046,0.42368689143247357,0.4753434921145761,0,Pw01
1451,PG_00053,G_00053,SRB-9000005.001.Pw01_vs_DMSO,-1.8664633727842292,0.23641013449758344,1.0,0,Pw01
1453,PG_00054,G_00054,SRB-9000005.001.Pw01_vs_DMSO,-0.7316169949055524,0.9317653471844596,1.0,0,Pw01
1455,PG_00055,G_00055,SRB-9000005.001.Pw01_vs_DMSO,1.9217706111196708,0.4040304418263202,0.9321896979757207,0,Pw01
1457,PG_00056,G_00056,SRB-9000005.001.Pw01_vs_DMSO,-1.5337553855416333,0.2285681315654898,1.0,0,Pw01
1459,PG_00057,G_00057,SRB-9000005.001.Pw01_vs_DMSO,-1.9455603562183075,0.4113920429800991,1.0,0,Pw01
1461,PG_00058,G_00058,SRB-9000005.001.Pw01_vs_DMSO,-2.652567108306466,0.46651281205760103,1.0,0,Pw01
1463,PG_00059,G_00059,SRB-9000005.001.Pw01_vs_DMSO,0.5362346175938574,0.6074010005932802,0.8681581422010455,0,Pw01
1465,PG_00000,G_00000,SRB-9000006.001.Pw00_vs_DMSO,-2.315437401603257,0.8933091205486329,1.0,0,Pw00
1467,PG_00001,G_00001,SRB-9000006.001.Pw00_vs_DMSO,1.61241789173754,0.8410103007926993,0.8845113690862223,0,Pw00
1469,PG_00002,G_00002,SRB-9000006.001.Pw00_vs_DMSO,0.48483461129264427,0.8465442252839747,1.0,0,Pw00
1471,PG_00003,G_00003,SRB-9000006.001.Pw00_vs_DMSO,-1.0377666495513516,0.06788710117483447,0.29856187578913695,0,Pw00
1473,PG_00004,G_00004,SRB-9000006.001.Pw00_vs_DMSO,-0.6803454365844268,0.4475627023556674,1.0,0,Pw00
1475,PG_00005,G_00005,SRB-9000006.001.Pw00_vs_DMSO,-0.9306311619547638,0.3475130469264669,1.0,0,Pw00
1477,PG_00006,G_00006,SRB-9000006.001.Pw00_vs_DMSO,-1.687772611298167,0.7981801214492522,0.996373255481617,0,Pw00
1479,PG_00007,G_00007,SRB-9000006.001.Pw00_vs_DMSO,-1.5623055083137851,0.1922524906704522,0.5651020362855201,0,Pw00
1481,PG_00008,G_00008,SRB-9000006.001.Pw00_vs_DMSO,-1.2358352861567277,0.15393781690036099,0.5768768563440363,0,Pw00
1483,PG_00009,G_00009,SRB-9000006.001.Pw00_vs_DMSO,0.5346631002621949,0.24117673755085575,1.0,0,Pw00
1485,PG_00010,G_00010,SRB-9000006.001.Pw00_vs_DMSO,-0.3542525431931255,0.09608912958111628,0.3853914712769167,0,Pw00
1487,PG_00011,G_00011,SRB-9000006.001.Pw00_vs_DMSO,2.4662520832512502,0.3830246772656265,0.8459999726162052,0,Pw00
1489,PG_00012,G_00012,SRB-9000006.001.Pw00_vs_DMSO,-0.9892734268687742,0.4373015993525834,1.0,0,Pw00
1491,PG_00013,G_00013,SRB-9000006.001.Pw00_vs_DMSO,0.6840969464739852,0.08783476600477834,0.4105580518058733,0,Pw00
1493,PG_00014,G_00014,SRB-9000006.001.Pw00_vs_DMSO,1.931390626232317,0.4034002156396997,1.0,0,Pw00
1495,PG_00015,G_00015,SRB-9000006.001.Pw00_vs_DMSO,0.498664365203939,0.5360044531265289,1.0,0,Pw00
1497,PG_00016,G_00016,SRB-9000006.001.Pw00_vs_DMSO,1.9265196914366634,0.13063957509644927,0.5808760706878806,0,Pw00
1499,PG_00017,G_00017,SRB-9000006.001.Pw00_vs_DMSO,-0.6158442726241107,0.04594157285405802,0.05466327089293339,0,Pw00
1501,PG_00018,G_00018,SRB-9000006.001.Pw00_vs_DMSO,-0.33656530988285766,0.7598358645147087,1.0,0,Pw00
1503,PG_00019,G_00019,SRB-9000006.001.Pw00_vs_DMSO,2.0030101451277833,0.6062260138519688,1.0,0,Pw00
1505,PG_00020,G_00020,SRB-9000006.001.Pw00_vs_DMSO,0.33889000836411554,0.15775645288373222,0.6848245396704818,0,Pw00
1507,PG_00021,G_00021,SRB-9000006.001.Pw00_vs_DMSO,-1.4394265588944035,0.4323527111459247,0.9560864702510962,0,Pw00
1509,PG_00022,G_00022,SRB-9000006.001.Pw00_vs_DMSO,0.2667594400434565,0.753020138203628,0.9552762537564483,0,Pw00
1511,PG_00023,G_00023,SRB-9000006.001.Pw00_vs_DMSO,0.5410166757390213,0.10475339554012221,0.2021792591819562,0,Pw00
1513,PG_00024,G_00024,SRB-9000006.001.Pw00_vs_DMSO,-1.1565225940452206,0.7717838078440052,1.0,0,Pw00
1515,PG_00025,G_00025,SRB-9000006.001.Pw00_vs_DMSO,1.4046410956729565,0.985200407193527,1.0,0,Pw00
1517,PG_00026,G_00026,SRB-9000006.001.Pw00_vs_DMSO,1.1389885408218978,0.07567921104765339,0.15576441427010806,0,Pw00
1519,PG_00027,G_00027,SRB-9000006.001.Pw00_vs_DMSO,-0.9570377897858187,0.4909375425692607,1.0,0,Pw00
1521,PG_00028,G_00028,SRB-9000006.001.Pw00_vs_DMSO,-1.194348013556287,0.24275917625098364,0.531672296446285,0,Pw00
1523,PG_00029,G_00029,SRB-9000006.001.Pw00_vs_DMSO,-2.4142427161477698,0.8667335304605136,1.0,0,Pw00
1525,PG_00030,G_00030,SRB-9000006.001.Pw00_vs_DMSO,-0.5448163940098374,0.3250248728881302,0.5986159000737866,0,Pw00
1527,PG_00031,G_00031,SRB-9000006.001.Pw00_vs_DMSO,-0.7751224728005381,0.32957519748463315,0.5131604132887544,0,Pw00
1529,PG_00032,G_00032,SRB-9000006.001.Pw00_vs_DMSO,0.6040474020047346,0.02420291871993102,0.1171981297848733,0,Pw00
1531,PG_00033,G_00033,SRB-9000006.001.Pw00_vs_DMSO,-0.9245422992627585,0.4494676575193262,0.9254468985030742,0,Pw00
1533,PG_00034,G_00034,SRB-9000006.001.Pw00_vs_DMSO,-0.8398618909401826,0.0576656930089861,0.2212966703016399,0,Pw00
1535,PG_00035,G_00035,SRB-9000006.001.Pw00_vs_DMSO,-0.21503086035345723,0.3891328174692956,1.0,0,Pw00
1537,PG_00036,G_00036,SRB-9000006.001.Pw00_vs_DMSO,0.5789453164038959,0.3386226023043499,1.0,0,Pw00
1539,PG_00037,G_00037,SRB-9000006.001.Pw00_vs_DMSO,0.7502330423705833,0.002138017349793843,0.007062250103395544,0,Pw00
1541,PG_00038,G_00038,SRB-9000006.001.Pw00_vs_DMSO,-1.052581237896134,0.06893155634659644,0.3157450189618901,0,Pw00
1543,PG_00039,G_00039,SRB-9000006.001.Pw00_vs_DMSO,1.2854693401240964,0.5935532458705886,1.0,0,Pw00
1545,PG_00040,G_00040,SRB-9000006.001.Pw00_vs_DMSO,-3.4967244822272154,0.9185984333586411,1.0,0,Pw00
1547,PG_00041,G_00041,SRB-9000006.001.Pw00_vs_DMSO,-1.0642004069496485,0.03606796691413132,0.11531035234339924,1,Pw00
1549,PG_00042,G_00042,SRB-9000006.001.Pw00_vs_DMSO,-0.16729805373587744,0.9441893764866088,1.0,0,Pw00
1551,PG_00043,G_00043,SRB-9000006.001.Pw00_vs_DMSO,1.68934496574093,0.963776351214009,1.0,0,Pw00
1553,PG_00044,G_00044,SRB-9000006.001.Pw00_vs_DMSO,0.6224261854746491,0.12685350844943394,0.6075847358927385,0,Pw00
1555,PG_00045,G_00045,SRB-9000006.001.Pw00_vs_DMSO,-0.5218270114552508,0.5666123705348372,1.0,0,Pw00
1557,PG_00046,G_00046,SRB-9000006.001.Pw00_vs_DMSO,-0.7643054043893605,0.9860949400232356,1.0,0,Pw00
1559,PG_00047,G_00047,SRB-9000006.001.Pw00_vs_DMSO,1.3671467231784458,0.204364676146723,0.5482842910011755,0,Pw00
1561,PG_00048,G_00048,SRB-9000006.001.Pw00_vs_DMSO,-0.6721627363598865,0.6704500049901561,1.0,0,Pw00
1563,PG_00049,G_00049,SRB-9000006.001.Pw00_vs_DMSO,0.14760461904811562,0.6658945579561727,1.0,0,Pw00
1565,PG_00050,G_00050,SRB-9000006.001.Pw00_vs_DMSO,-0.5388383111506185,0.9623919635281963,1.0,0,Pw00
1567,PG_00051,G_00051,SRB-9000006.001.Pw00_vs_DMSO,-1.4097323458721918,0.8010627967521685,1.0,0,Pw00
1569,PG_00052,G_00052,SRB-9000006.001.Pw00_vs_DMSO,4.661706912424652,0.29389481330204004,0.7015102121579293,0,Pw00
1571,PG_00053,G_00053,SRB-9000006.001.Pw00_vs_DMSO,-0.11009712626528663,0.7255594145396866,0.8584023908149097,0,Pw00
1573,PG_00054,G_00054,SRB-9000006.001.Pw00_vs_DMSO,-1.365450640921093,0.4837574244729387,1.0,0,Pw00
1575,PG_00055,G_00055,SRB-9000006.001.Pw00_vs_DMSO,1.0537786370400979,0.23574913742654774,0.47088415010145573,0,Pw00
1577,PG_00056,G_00056,SRB-9000006.001.Pw00_vs_DMSO,0.5276407854774257,0.11684436432338877,0.5069209346671281,0,Pw00
1579,PG_00057,G_00057,SRB-9000006.001.Pw00_vs_DMSO,-1.7284051279729225,0.3905161692369667,0.7548332737759227,0,Pw00
1581,PG_00058,G_00058,SRB-9000006.001.Pw00_vs_DMSO,-2.804703808796232,0.19395392681325474,0.4714719899442105,0,Pw00
1583,PG_00059,G_00059,SRB-9000006.001.Pw00_vs_DMSO,1.1702829108858164,0.7627321885227677,1.0,0,Pw00
1585,PG_00000,G_00000,SRB-9000006.001.Pw01_vs_DMSO,0.26466960050878147,0.046604246041444745,0.22722119587803363,0,Pw01
1587,PG_00001,G_00001,SRB-9000006.001.Pw01_vs_DMSO,2.1059579257876924,0.6326607457691167,1.0,0,Pw01
1589,PG_00002,G_00002,SRB-9000006.001.Pw01_vs_DMSO,0.06438237280579975,0.7255230972338967,1.0,0,Pw01
1591,PG_00003,G_00003,SRB-9000006.001.Pw01_vs_DMSO,-1.7004227862040968,0.6218678824275621,1.0,0,Pw01
1593,PG_00004,G_00004,SRB-9000006.001.Pw01_vs_DMSO,0.6077802506076552,0.9808536127956617,1.0,0,Pw01
1595,PG_00005,G_00005,SRB-9000006.001.Pw01_vs_DMSO,1.504432478540492,0.3044135996323597,1.0,0,Pw01
1597,PG_00006,G_00006,SRB-9000006.001.Pw01_vs_DMSO,-0.18180055379962207,0.8756733993070394,1.0,0,Pw01
1599,PG_00007,G_00007,SRB-9000006.001.Pw01_vs_DMSO,0.9561879892421659,0.13407812160697266,0.5533796179869429,0,Pw01
1601,PG_00008,G_00008,SRB-9000006.001.Pw01_vs_DMSO,1.3323027348317438,0.9738712147802802,1.0,0,Pw01
1603,PG_00009,G_00009,SRB-9000006.001.Pw01_vs_DMSO,1.5874549636500264,0.062258964757356726,0.2828871766875136,0,Pw01
1605,PG_00010,G_00010,SRB-9000006.001.Pw01_vs_DMSO,-1.3420588898300276,0.025165071857034406,0.06337381309672593,1,Pw01
1607,PG_00011,G_00011,SRB-9000006.001.Pw01_vs_DMSO,3.6773298813247606,0.9283503959771519,1.0,0,Pw01
1609,PG_00012,G_00012,SRB-9000006.001.Pw01_vs_DMSO,-0.12749673911133835,0.040776586868856525,0.046172950170160335,0,Pw01
1611,PG_00013,G_00013,SRB-9000006.001.Pw01_vs_DMSO,1.9307002566574312,0.05194819903740781,0.17943276676243655,0,Pw01
1613,PG_00014,G_00014,SRB-9000006.001.Pw01_vs_DMSO,0.6088843419002615,0.5992527018484508,1.0,0,Pw01
1615,PG_00015,G_00015,SRB-9000006.001.Pw01_vs_DMSO,-2.3666691022727235,0.20829985260518352,0.5551950320757306,0,Pw01
1617,PG_00016,G_00016,SRB-9000006.001.Pw01_vs_DMSO,-0.3649002540075603,0.5421192716907987,1.0,0,Pw01
1619,PG_00017,G_00017,SRB-9000006.001.Pw01_vs_DMSO,-1.4084357573471258,0.01103480414704215,0.03500988475060224,1,Pw01
1621,PG_00018,G_00018,SRB-9000006.001.Pw01_vs_DMSO,1.616367556387089,0.3090530574223715,0.6930449482834844,0,Pw01
1623,PG_00019,G_00019,SRB-9000006.001.Pw01_vs_DMSO,0.21938152211377387,0.049974368980760325,0.14203947321252516,0,Pw01
1625,PG_00020,G_00020,SRB-9000006.001.Pw01_vs_DMSO,-1.4497747001227115,0.5166268987032019,1.0,0,Pw01
1627,PG_00021,G_00021,SRB-9000006.001.Pw01_vs_DMSO,-1.6046376411319172,0.5043323653674339,1.0,0,Pw01
1629,PG_00022,G_00022,SRB-9000006.001.Pw01_vs_DMSO,-0.3262912851636643,0.4461769241101408,0.609221251028141,0,Pw01
1631,PG_00023,G_00023,SRB-9000006.001.Pw01_vs_DMSO,0.6870936728079132,0.10704662196515204,0.5053459096810591,0,Pw01
1633,PG_00024,G_00024,SRB-9000006.001.Pw01_vs_DMSO,-1.8546452229187727,0.23712539589062154,0.5881768465912406,0,Pw01
1635,PG_00025,G_00025,SRB-9000006.001.Pw01_vs_DMSO,-0.6507620712930398,0.28424364338519853,0.6131305987522158,0,Pw01
1637,PG_00026,G_00026,SRB-9000006.001.Pw01_vs_DMSO,0.9717795006864619,0.22687783206034068,0.4243118352256851,0,Pw01
1639,PG_00027,G_00027,SRB-9000006.001.Pw01_vs_DMSO,0.08080442004711924,0.26664636401377845,1.0,0,Pw01
1641,PG_00028,G_00028,SRB-9000006.001.Pw01_vs_DMSO,-1.0788340903854268,0.39112554258508925,0.759436422929164,0,Pw01
1643,PG_00029,G_00029,SRB-9000006.001.Pw01_vs_DMSO,-0.8011428236825269,0.35354029070463466,0.9383924835800224,0,Pw01
1645,PG_00030,G_00030,SRB-9000006.001.Pw01_vs_DMSO,1.578482222635793,0.6299281885480298,1.0,0,Pw01
1647,PG_00031,G_00031,SRB-9000006.001.Pw01_vs_DMSO,2.3782146619114757,0.23557021528083505,1.0,0,Pw01
1649,PG_00032,G_00032,SRB-9000006.001.Pw01_vs_DMSO,0.6265756812566403,0.5257497708309206,1.0,0,Pw01
1651,PG_00033,G_00033,SRB-9000006.001.Pw01_vs_DMSO,-0.014904949420315403,0.5566421757841127,1.0,0,Pw01
1653,PG_00034,G_00034,SRB-9000006.001.Pw01_vs_DMSO,-0.8580633286662813,0.2555266596400406,1.0,0,Pw01
1655,PG_00035,G_00035,SRB-9000006.001.Pw01_vs_DMSO,-1.4639635880691684,0.14008704579610184,0.6085104546574863,0,Pw01
1657,PG_00036,G_00036,SRB-9000006.001.Pw01_vs_DMSO,-0.5734009073054211,0.8857850183123337,1.0,0,Pw01
1659,PG_00037,G_00037,SRB-9000006.001.Pw01_vs_DMSO,-2.833795666406294,0.3406824920654877,0.37744768205048446,0,Pw01
1661,PG_00038,G_00038,SRB-9000006.001.Pw01_vs_DMSO,0.7267818135614739,0.7590289970448878,1.0,0,Pw01
1663,PG_00039,G_00039,SRB-9000006.001.Pw01_vs_DMSO,0.11680934672519361,0.4325082793354608,1.0,0,Pw01
1665,PG_00040,G_00040,SRB-9000006.001.Pw01_vs_DMSO,0.1405336469502117,0.19034828195566056,0.7647027234914359,0,Pw01
1667,PG_00041,G_00041,SRB-9000006.001.Pw01_vs_DMSO,-1.0698451790356551,0.8124908918225244,1.0,0,Pw01
1669,PG_00042,G_00042,SRB-9000006.001.Pw01_vs_DMSO,1.197975937225632,0.676884576606652,1.0,0,Pw01
1671,PG_00043,G_00043,SRB-9000006.001.Pw01_vs_DMSO,1.2084311761382147,0.9705470102320882,1.0,0,Pw01
1673,PG_00044,G_00044,SRB-9000006.001.Pw01_vs_DMSO,3.3980811708556478,0.030346066473793263,0.03302403145181168,1,Pw01
1675,PG_00045,G_00045,SRB-9000006.001.Pw01_vs_DMSO,0.17366359520256852,0.134727049663957,0.5829213146295683,0,Pw01
1677,PG_00046,G_00046,SRB-9000006.001.Pw01_vs_DMSO,2.8190687374017855,0.23482768969655413,0.4591543004592242,0,Pw01
1679,PG_00047,G_00047,SRB-9000006.001.Pw01_vs_DMSO,1.0283073175466404,0.14306651869790707,0.2070353933526221,0,Pw01
1681,PG_00048,G_00048,SRB-9000006.001.Pw01_vs_DMSO,0.40381827623180544,0.37719840137733834,1.0,0,Pw01
1683,PG_00049,G_00049,SRB-9000006.001.Pw01_vs_DMSO,-1.0056607903422494,0.6254227846740259,1.0,0,Pw01
1685,PG_00050,G_00050,SRB-9000006.001.Pw01_vs_DMSO,3.328989610677279,0.2804949619404713,0.4449215528383269,0,Pw01
1687,PG_00051,G_00051,SRB-9000006.001.Pw01_vs_DMSO,0.3119236082945495,0.016248262399012517,0.056798136220478544,0,Pw01
1689,PG_00052,G_00052,SRB-9000006.001.Pw01_vs_DMSO,-1.0883994050135863,0.9817052501737381,1.0,0,Pw01
1691,PG_00053,G_00053,SRB-9000006.001.Pw01_vs_DMSO,0.5169679009975005,0.28239221172965145,1.0,0,Pw01
1693,PG_00054,G_00054,SRB-9000006.001.Pw01_vs_DMSO,-0.6019958834098046,0.5903072089403004,1.0,0,Pw01
1695,PG_00055,G_00055,SRB-9000006.001.Pw01_vs_DMSO,0.44744142732251435,0.16920996604173197,0.5929924236404978,0,Pw01
1697,PG_00056,G_00056,SRB-9000006.001.Pw01_vs_DMSO,1.6671747863965005,0.9732028948628265,1.0,0,Pw01
1699,PG_00057,G_00057,SRB-9000006.001.Pw01_vs_DMSO,0.07595733824262424,0.317006503699992,1.0,0,Pw01
1701,PG_00058,G_00058,SRB-9000006.001.Pw01_vs_DMSO,-0.9047598802241033,0.45180434481682796,1.0,0,Pw01
1703,PG_00059,G_00059,SRB-9000006.001.Pw01_vs_DMSO,-2.1147769508803695,0.6850122220617135,1.0,0,Pw01
1705,PG_00000,G_00000,SRB-9000007.001.Pw00_vs_DMSO,-0.13922772104213205,0.5598855639563247,1.0,0,Pw00
1707,PG_00001,G_00001,SRB-9000007.001.Pw00_vs_DMSO,0.0822008522628687,0.9314559520849532,1.0,0,Pw00
1709,PG_00002,G_00002,SRB-9000007.001.Pw00_vs_DMSO,0.10986556296633246,0.6764874069192743,1.0,0,Pw00
1711,PG_00003,G_00003,SRB-9000007.001.Pw00_vs_DMSO,-0.6887298084892791,0.9112396224572313,1.0,0,Pw00
1713,PG_00004,G_00004,SRB-9000007.001.Pw00_vs_DMSO,-0.2999401644876474,0.3353670713610884,1.0,0,Pw00
1715,PG_00005,G_00005,SRB-9000007.001.Pw00_vs_DMSO,-0.443956906597081,0.043555516832365235,0.19710175387241216,0,Pw00
1717,PG_00006,G_00006,SRB-9000007.001.Pw00_vs_DMSO,1.2874618549836385,0.2601764416956975,0.43613024960014785,0,Pw00
1719,PG_00007,G_00007,SRB-9000007.001.Pw00_vs_DMSO,2.2940995330040748,0.8764977084257529,1.0,0,Pw00
1721,PG_00008,G_00008,SRB-9000007.001.Pw00_vs_DMSO,-2.1581563535306643,0.28021032486912517,0.31673728730133477,0,Pw00
1723,PG_00009,G_00009,SRB-9000007.001.Pw00_vs_DMSO,-0.673260832194224,0.0934845849633431,0.16268599638141876,0,Pw00
1725,PG_00010,G_00010,SRB-9000007.001.Pw00_vs_DMSO,0.8084153354113799,0.9758235356750663,1.0,0,Pw00
1727,PG_00011,G_00011,SRB-9000007.001.Pw00_vs_DMSO,0.5938634185354056,0.3229179618635379,0.7719869696464864,0,Pw00
1729,PG_00012,G_00012,SRB-9000007.001.Pw00_vs_DMSO,-1.6544668115046877,0.3438529404868018,0.4200983740552756,0,Pw00
1731,PG_00013,G_00013,SRB-9000007.001.Pw00_vs_DMSO,0.6380828881431317,0.5962713339778121,1.0,0,Pw00
1733,PG_00014,G_00014,SRB-9000007.001.Pw00_vs_DMSO,-0.7204453174513004,0.14332321753169416,0.2327601233271632,0,Pw00
1735,PG_00015,G_00015,SRB-9000007.001.Pw00_vs_DMSO,0.12370994686827125,0.10909469591650894,0.2583601778192053,0,Pw00
1737,PG_00016,G_00016,SRB-9000007.001.Pw00_vs_DMSO,0.9311042704497281,0.1525638289135994,0.7334834216597679,0,Pw00
1739,PG_00017,G_00017,SRB-9000007.001.Pw00_vs_DMSO,-1.4079691957013403,0.6901569991786405,1.0,0,Pw00
1741,PG_00018,G_00018,SRB-9000007.001.Pw00_vs_DMSO,-0.868068019695611,0.764204297910522,1.0,0,Pw00
1743,PG_00019,G_00019,SRB-9000007.001.Pw00_vs_DMSO,1.282300719549195,0.5174322977324246,1.0,0,Pw00
1745,PG_00020,G_00020,SRB-9000007.001.Pw00_vs_DMSO,-1.3427791097069874,0.027512182088447204,0.1331605258357364,1,Pw00
1747,PG_00021,G_00021,SRB-9000007.001.Pw00_vs_DMSO,-1.7750274913978816,0.7444242768860888,1.0,0,Pw00
1749,PG_00022,G_00022,SRB-9000007.001.Pw00_vs_DMSO,1.0975878536894432,0.2895379055409229,0.6291312466695201,0,Pw00
1751,PG_00023,G_00023,SRB-9000007.001.Pw00_vs_DMSO,-1.57934841026488,0.5054138509829794,1.0,0,Pw00
1753,PG_00024,G_00024,SRB-9000007.001.Pw00_vs_DMSO,1.9535661561430189,0.07276157831716164,0.23335210878008417,0,Pw00
1755,PG_00025,G_00025,SRB-9000007.001.Pw00_vs_DMSO,4.16093797793571,0.07801219835110955,0.29907790129051365,0,Pw00
1757,PG_00026,G_00026,SRB-9000007.001.Pw00_vs_DMSO,0.07824984513148256,0.2562892186367325,0.3964748176000941,0,Pw00
1759,PG_00027,G_00027,SRB-9000007.001.Pw00_vs_DMSO,-2.323053238824246,0.236123104463071,0.9919549154075155,0,Pw00
1761,PG_00028,G_00028,SRB-9000007.001.Pw00_vs_DMSO,1.4449697520716271,0.7666763045658529,1.0,0,Pw00
1763,PG_00029,G_00029,SRB-9000007.001.Pw00_vs_DMSO,-0.7763559351859338,0.5101137005149936,1.0,0,Pw00
1765,PG_00030,G_00030,SRB-9000007.001.Pw00_vs_DMSO,1.9279048493861044,0.9112359513340095,1.0,0,Pw00
1767,PG_00031,G_00031,SRB-9000007.001.Pw00_vs_DMSO,-2.713023430276542,0.6818162756026137,1.0,0,Pw00
1769,PG_00032,G_00032,SRB-9000007.001.Pw00_vs_DMSO,-0.48557418753894577,0.10385077227064486,0.5143115196945233,0,Pw00
1771,PG_00033,G_00033,SRB-9000007.001.Pw00_vs_DMSO,0.8625871335049691,0.7061123532952853,1.0,0,Pw00
1773,PG_00034,G_00034,SRB-9000007.001.Pw00_vs_DMSO,2.0652515731421386,0.9428565987048168,1.0,0,Pw00
1775,PG_00035,G_00035,SRB-9000007.001.Pw00_vs_DMSO,3.2148588007038943,0.03605567413452704,0.11790909591193179,1,Pw00
1777,PG_00036,G_00036,SRB-9000007.001.Pw00_vs_DMSO,-0.6493966549897907,0.5832194876267714,1.0,0,Pw00
1779,PG_00037,G_00037,SRB-9000007.001.Pw00_vs_DMSO,0.4591106478128733,0.6205113158379544,1.0,0,Pw00
1781,PG_00038,G_00038,SRB-9000007.001.Pw00_vs_DMSO,-1.363589883543618,0.7982270674574873,1.0,0,Pw00
1783,PG_00039,G_00039,SRB-9000007.001.Pw00_vs_DMSO,-0.055587017023097485,0.9163603021845317,1.0,0,Pw00
1785,PG_00040,G_00040,SRB-9000007.001.Pw00_vs_DMSO,-0.022051095857410736,0.720785344437524,1.0,0,Pw00
1787,PG_00041,G_00041,SRB-9000007.001.Pw00_vs_DMSO,-0.47788464883959,0.9667939173969954,1.0,0,Pw00
1789,PG_00042,G_00042,SRB-9000007.001.Pw00_vs_DMSO,-0.5655903411090419,0.26910672615151704,0.7847996706240197,0,Pw00
1791,PG_00043,G_00043,SRB-9000007.001.Pw00_vs_DMSO,-0.1665026918681697,0.2682983261099585,1.0,0,Pw00
1793,PG_00044,G_00044,SRB-9000007.001.Pw00_vs_DMSO,3.3825001918249917,0.5756699568865168,1.0,0,Pw00
1795,PG_00045,G_00045,SRB-9000007.001.Pw00_vs_DMSO,-0.4450098050504613,0.7441912385060406,1.0,0,Pw00
1797,PG_00046,G_00046,SRB-9000007.001.Pw00_vs_DMSO,1.279268586115443,0.230748392171425,0.8293583689716499,0,Pw00
1799,PG_00047,G_00047,SRB-9000007.001.Pw00_vs_DMSO,0.631293017469656,0.9795084874819318,1.0,0,Pw00
1801,PG_00048,G_00048,SRB-9000007.001.Pw00_vs_DMSO,2.380588727716905,0.6717496070581831,1.0,0,Pw00
1803,PG_00049,G_00049,SRB-9000007.001.Pw00_vs_DMSO,-2.1837308260390396,0.3781565394097873,1.0,0,Pw00
1805,PG_00050,G_00050,SRB-9000007.001.Pw00_vs_DMSO,-3.1966345938442853,0.20021294690701769,0.7001463165298503,0,Pw00
1807,PG_00051,G_00051,SRB-9000007.001.Pw00_vs_DMSO,1.251246349581256,0.8755355525995759,1.0,0,Pw00
1809,PG_00052,G_00052,SRB-9000007.001.Pw00_vs_DMSO,3.1097390996676673,0.3095195020837723,0.9131452161294864,0,Pw00
1811,PG_00053,G_00053,SRB-9000007.001.Pw00_vs_DMSO,0.4094681205845697,0.5996239231864872,1.0,0,Pw00
1813,PG_00054,G_00054,SRB-9000007.001.Pw00_vs_DMSO,1.2861395030898843,0.334777779264344,0.45931521116439555,0,Pw00
1815,PG_00055,G_00055,SRB-9000007.001.Pw00_vs_DMSO,0.5536817387924544,0.3421165187026368,0.8456760774992972,0,Pw00
1817,PG_00056,G_00056,SRB-9000007.001.Pw00_vs_DMSO,-2.3622629000481163,0.25333028124688955,1.0,0,Pw00
1819,PG_00057,G_00057,SRB-9000007.001.Pw00_vs_DMSO,1.9761442983697437,0.9171609431115025,1.0,0,Pw00
1821,PG_00058,G_00058,SRB-9000007.001.Pw00_vs_DMSO,0.4873441107551023,0.3103668277426053,0.5291029723495819,0,Pw00
1823,PG_00059,G_00059,SRB-9000007.001.Pw00_vs_DMSO,0.13307776752053588,0.8812365598325426,1.0,0,Pw00
1825,PG_00000,G_00000,SRB-9000007.001.Pw01_vs_DMSO,-1.2958889309828159,0.8101170806044933,1.0,0,Pw01
1827,PG_00001,G_00001,SRB-9000007.001.Pw01_vs_DMSO,1.522546528547911,0.10285647475147239,0.23331443070224425,0,Pw01
1829,PG_00002,G_00002,SRB-9000007.001.Pw01_vs_DMSO,1.1516605229848347,0.10946764690204795,0.26011529461002486,0,Pw01
1831,PG_00003,G_00003,SRB-9000007.001.Pw01_vs_DMSO,-4.47317335921279,0.5109031210285141,0.5334667175894974,0,Pw01
1833,PG_00004,G_00004,SRB-9000007.001.Pw01_vs_DMSO,-1.9119387631500935,0.34282991689249404,0.8032751048524444,0,Pw01
1835,PG_00005,G_00005,SRB-9000007.001.Pw01_vs_DMSO,-0.7694044299390085,0.45430299707022925,1.0,0,Pw01
1837,PG_00006,G_00006,SRB-9000007.001.Pw01_vs_DMSO,1.678169676546037,0.7114817586208643,1.0,0,Pw01
1839,PG_00007,G_00007,SRB-9000007.001.Pw01_vs_DMSO,-0.9096382197756379,0.16353950569041975,0.29553667286875374,0,Pw01
1841,PG_00008,G_00008,SRB-9000007.001.Pw01_vs_DMSO,0.674258454019665,0.3411719873907264,0.6898920844630184,0,Pw01
1843,PG_00009,G_00009,SRB-9000007.001.Pw01_vs_DMSO,1.544313205148156,0.08475716885226507,0.4046754616617258,0,Pw01
1845,PG_00010,G_00010,SRB-9000007.001.Pw01_vs_DMSO,0.3205685006155431,0.34934395618252234,1.0,0,Pw01
1847,PG_00011,G_00011,SRB-9000007.001.Pw01_vs_DMSO,-0.039283473891325166,0.8524788651895745,1.0,0,Pw01
1849,PG_00012,G_00012,SRB-9000007.001.Pw01_vs_DMSO,1.1668332874099832,0.153614930666265,0.18255322844957367,0,Pw01
1851,PG_00013,G_00013,SRB-9000007.001.Pw01_vs_DMSO,0.9205718406138134,0.6687802535249646,1.0,0,Pw01
1853,PG_00014,G_00014,SRB-9000007.001.Pw01_vs_DMSO,0.43542819234824914,0.3116363973900291,1.0,0,Pw01
1855,PG_00015,G_00015,SRB-9000007.001.Pw01_vs_DMSO,-1.1614002220988577,0.766357098104765,1.0,0,Pw01
1857,PG_00016,G_00016,SRB-9000007.001.Pw01_vs_DMSO,-2.977541040935503,0.8648052900471895,1.0,0,Pw01
1859,PG_00017,G_00017,SRB-9000007.001.Pw01_vs_DMSO,2.042829858723618,0.7853196949942116,1.0,0,Pw01
1861,PG_00018,G_00018,SRB-9000007.001.Pw01_vs_DMSO,-0.7241515505798767,0.38854009573694026,1.0,0,Pw01
1863,PG_00019,G_00019,SRB-9000007.001.Pw01_vs_DMSO,2.077367084802783,0.3400614425348273,1.0,0,Pw01
1865,PG_00020,G_00020,SRB-9000007.001.Pw01_vs_DMSO,1.5988459407906468,0.1248855493096424,0.41561066850995776,0,Pw01
1867,PG_00021,G_00021,SRB-9000007.001.Pw01_vs_DMSO,0.11638512038220465,0.9416715165486043,1.0,0,Pw01
1869,PG_00022,G_00022,SRB-9000007.001.Pw01_vs_DMSO,0.3692299562632696,0.5485230887893932,1.0,0,Pw01
1871,PG_00023,G_00023,SRB-9000007.001.Pw01_vs_DMSO,-0.6335387576920949,0.22958530719737813,0.8437717211430363,0,Pw01
1873,PG_00024,G_00024,SRB-9000007.001.Pw01_vs_DMSO,0.04427891574671501,0.8270550721866641,1.0,0,Pw01
1875,PG_00025,G_00025,SRB-9000007.001.Pw01_vs_DMSO,0.6495093802255099,0.8515835914413384,1.0,0,Pw01
1877,PG_00026,G_00026,SRB-9000007.001.Pw01_vs_DMSO,-1.086701969666953,0.7070670298816529,1.0,0,Pw01
1879,PG_00027,G_00027,SRB-9000007.001.Pw01_vs_DMSO,-0.2221801929638701,0.6052853631255716,1.0,0,Pw01
1881,PG_00028,G_00028,SRB-9000007.001.Pw01_vs_DMSO,3.600829901697807,0.493599875438212,1.0,0,Pw01
1883,PG_00029,G_00029,SRB-9000007.001.Pw01_vs_DMSO,-0.44234395492097645,0.696880296143886,1.0,0,Pw01
1885,PG_00030,G_00030,SRB-9000007.001.Pw01_vs_DMSO,-0.15478250685868716,0.7720597217347017,1.0,0,Pw01
1887,PG_00031,G_00031,SRB-9000007.001.Pw01_vs_DMSO,-0.2503309219018881,0.8830875382273858,1.0,0,Pw01
1889,PG_00032,G_00032,SRB-9000007.001.Pw01_vs_DMSO,1.812842759644437,0.35257961781425573,1.0,0,Pw01
1891,PG_00033,G_00033,SRB-9000007.001.Pw01_vs_DMSO,1.2424528948006865,0.5914736620359992,1.0,0,Pw01
1893,PG_00034,G_00034,SRB-9000007.001.Pw01_vs_DMSO,-0.8998508184238763,0.9348554862764684,1.0,0,Pw01
1895,PG_00035,G_00035,SRB-9000007.001.Pw01_vs_DMSO,1.5560251813889017,0.9391748570436529,1.0,0,Pw01
1897,PG_00036,G_00036,SRB-9000007.001.Pw01_vs_DMSO,1.9214611414636331,0.47235621401634276,0.8712942734106947,0,Pw01
1899,PG_00037,G_00037,SRB-9000007.001.Pw01_vs_DMSO,-0.3416549536985105,0.37030363942206357,0.5423646007098327,0,Pw01
1901,PG_00038,G_00038,SRB-9000007.001.Pw01_vs_DMSO,-1.027372192031982,0.17814171689823907,0.3540163416956928,0,Pw01
1903,PG_00039,G_00039,SRB-9000007.001.Pw01_vs_DMSO,-1.238102635788698,0.14442515348540888,0.3159776427585339,0,Pw01
1905,PG_00040,G_00040,SRB-9000007.001.Pw01_vs_DMSO,-0.3259678722610162,0.2673050145265597,1.0,0,Pw01
1907,PG_00041,G_00041,SRB-9000007.001.Pw01_vs_DMSO,-0.5360321360033267,0.3170075647600201,0.6528252461665569,0,Pw01
1909,PG_00042,G_00042,SRB-9000007.001.Pw01_vs_DMSO,3.178574506474764,0.7445560464199024,1.0,0,Pw01
1911,PG_00043,G_00043,SRB-9000007.001.Pw01_vs_DMSO,-2.4524299354511525,0.3841966215724733,0.5687394788531822,0,Pw01
1913,PG_00044,G_00044,SRB-9000007.001.Pw01_vs_DMSO,2.8955167260392844,0.6142381337041963,1.0,0,Pw01
1915,PG_00045,G_00045,SRB-9000007.001.Pw01_vs_DMSO,-1.564684392385616,0.8322002733390781,1.0,0,Pw01
1917,PG_00046,G_00046,SRB-9000007.001.Pw01_vs_DMSO,-1.667718144699275,0.5785311511887269,1.0,0,Pw01
1919,PG_00047,G_00047,SRB-9000007.001.Pw01_vs_DMSO,-0.9664436091644341,0.6063365041656079,1.0,0,Pw01
1921,PG_00048,G_00048,SRB-9000007.001.Pw01_vs_DMSO,-0.29762863409917684,0.34452163155098964,0.9079336480559461,0,Pw01
1923,PG_00049,G_00049,SRB-9000007.001.Pw01_vs_DMSO,0.634252520837573,0.8528593897616925,0.9870617448373357,0,Pw01
1925,PG_00050,G_00050,SRB-9000007.001.Pw01_vs_DMSO,1.066727783433862,0.5478432389004066,1.0,0,Pw01
1927,PG_00051,G_00051,SRB-9000007.001.Pw01_vs_DMSO,-3.943532781718744,0.7000578708760997,1.0,0,Pw01
1929,PG_00052,G_00052,SRB-9000007.001.Pw01_vs_DMSO,-1.670296169863191,0.27945261216935907,1.0,0,Pw01
1931,PG_00053,G_00053,SRB-9000007.001.Pw01_vs_DMSO,-0.12335050411970701,0.15830372224957023,0.46607246560539567,0,Pw01
1933,PG_00054,G_00054,SRB-9000007.001.Pw01_vs_DMSO,-1.5172633151923627,0.28114846670772536,0.8901311756544208,0,Pw01
1935,PG_00055,G_00055,SRB-9000007.001.Pw01_vs_DMSO,2.791504102192229,0.7247676550180341,1.0,0,Pw01
1937,PG_00056,G_00056,SRB-9000007.001.Pw01_vs_DMSO,0.6109625445875797,0.5810022659099146,0.9488291336285666,0,Pw01
1939,PG_00057,G_00057,SRB-9000007.001.Pw01_vs_DMSO,-0.3003591291277449,0.997139867539171,1.0,0,Pw01
1941,PG_00058,G_00058,SRB-9000007.001.Pw01_vs_DMSO,-1.4578040122547034,0.7355918985685356,1.0,0,Pw01
1943,PG_00059,G_00059,SRB-9000007.001.Pw01_vs_DMSO,2.6169699041728074,0.4744419501444977,1.0,0,Pw01
1945,PG_00000,G_00000,SRB-9000008.001.Pw00_vs_DMSO,-0.6322408016551584,0.3031828365959801,1.0,0,Pw00
1947,PG_00001,G_00001,SRB-9000008.001.Pw00_vs_DMSO,-0.09551305629677845,0.07820401751449871,0.17113431299819645,0,Pw00
1949,PG_00002,G_00002,SRB-9000008.001.Pw00_vs_DMSO,-0.24857606719309733,0.5134312509450897,1.0,0,Pw00
1951,PG_00003,G_00003,SRB-9000008.001.Pw00_vs_DMSO,0.4203951875603501,0.9939449843706065,1.0,0,Pw00
1953,PG_00004,G_00004,SRB-9000008.001.Pw00_vs_DMSO,0.6653436692302745,0.06803830379592311,0.08883243592620978,0,Pw00
1955,PG_00005,G_00005,SRB-9000008.001.Pw00_vs_DMSO,-0.208191254378242,0.8682923754879714,1.0,0,Pw00
1957,PG_00006,G_00006,SRB-9000008.001.Pw00_vs_DMSO,-1.1933454175380254,0.21240877168248704,0.7149685928637578,0,Pw00
1959,PG_00007,G_00007,SRB-9000008.001.Pw00_vs_DMSO,1.5432628816893565,0.9172730591960077,1.0,0,Pw00
1961,PG_00008,G_00008,SRB-9000008.001.Pw00_vs_DMSO,-1.1222539357705417,0.30810767622024005,1.0,0,Pw00
1963,PG_00009,G_00009,SRB-9000008.001.Pw00_vs_DMSO,0.06472030675647386,0.913608640768509,1.0,0,Pw00
1965,PG_00010,G_00010,SRB-9000008.001.Pw00_vs_DMSO,-3.1419553407683036,0.8399482513052188,1.0,0,Pw00
1967,PG_00011,G_00011,SRB-9000008.001.Pw00_vs_DMSO,4.076294848858651,0.025537856321178276,0.09471007818615677,1,Pw00
1969,PG_00012,G_00012,SRB-9000008.001.Pw00_vs_DMSO,0.280245184600889,0.1872973188478976,0.3343273123858564,0,Pw00
1971,PG_00013,G_00013,SRB-9000008.001.Pw00_vs_DMSO,0.04141577783832445,0.1584026764923911,0.21215178996631745,0,Pw00
1973,PG_00014,G_00014,SRB-9000008.001.Pw00_vs_DMSO,-2.0181942794143737,0.3750659071491066,0.43837665275287657,0,Pw00
1975,PG_00015,G_00015,SRB-9000008.001.Pw00_vs_DMSO,1.2446692423035937,0.16591256837454918,0.6262790586656609,0,Pw00
1977,PG_00016,G_00016,SRB-9000008.001.Pw00_vs_DMSO,-0.03180434559945027,0.8903612910461491,0.907048554012453,0,Pw00
1979,PG_00017,G_00017,SRB-9000008.001.Pw00_vs_DMSO,1.0282757613291929,0.7954849680205388,1.0,0,Pw00
1981,PG_00018,G_00018,SRB-9000008.001.Pw00_vs_DMSO,-1.286352219919447,0.6839912349283279,1.0,0,Pw00
1983,PG_00019,G_00019,SRB-9000008.001.Pw00_vs_DMSO,-0.029702953920984012,0.06814720447997355,0.22941973865953108,0,Pw00
1985,PG_00020,G_00020,SRB-9000008.001.Pw00_vs_DMSO,1.4716897852631634,0.3249122369557759,0.5842179459108651,0,Pw00
1987,PG_00021,G_00021,SRB-9000008.001.Pw00_vs_DMSO,0.1477919588614254,0.7809183379688404,1.0,0,Pw00
1989,PG_00022,G_00022,SRB-9000008.001.Pw00_vs_DMSO,-0.03671988405976711,0.6861915872220057,1.0,0,Pw00
1991,PG_00023,G_00023,SRB-9000008.001.Pw00_vs_DMSO,-2.1053175310489523,0.9778979622539693,1.0,0,Pw00
1993,PG_00024,G_00024,SRB-9000008.001.Pw00_vs_DMSO,-0.7195711845826809,0.8006996002529216,1.0,0,Pw00
1995,PG_00025,G_00025,SRB-9000008.001.Pw00_vs_DMSO,2.177349009856338,0.7507388201671906,1.0,0,Pw00
1997,PG_00026,G_00026,SRB-9000008.001.Pw00_vs_DMSO,0.10098450360425032,0.8021348896117914,1.0,0,Pw00
1999,PG_00027,G_00027,SRB-9000008.001.Pw00_vs_DMSO,-2.0202467407056792,0.724438062566318,1.0,0,Pw00
2001,PG_00028,G_00028,SRB-9000008.001.Pw00_vs_DMSO,0.5559132252202728,0.9102780799281573,0.9482274334469017,0,Pw00
2003,PG_00029,G_00029,SRB-9000008.001.Pw00_vs_DMSO,0.6889443379238473,0.3078864564479225,1.0,0,Pw00
2005,PG_00030,G_00030,SRB-9000008.001.Pw00_vs_DMSO,0.08752431942897985,0.3482654836965395,1.0,0,Pw00
2007,PG_00031,G_00031,SRB-9000008.001.Pw00_vs_DMSO,-2.3921060281061286,0.3329153745792023,0.39743641137255903,0,Pw00
2009,PG_00032,G_00032,SRB-9000008.001.Pw00_vs_DMSO,1.700641308321045,0.33683733374091895,1.0,0,Pw00
2011,PG_00033,G_00033,SRB-9000008.001.Pw00_vs_DMSO,-0.5788455342277212,0.4486435657039427,1.0,0,Pw00
2013,PG_00034,G_00034,SRB-9000008.001.Pw00_vs_DMSO,0.11429505337755487,0.7367116023737493,1.0,0,Pw00
2015,PG_00035,G_00035,SRB-9000008.001.Pw00_vs_DMSO,-0.9957249194307654,0.05098214690151084,0.18352302747513372,0,Pw00
2017,PG_00036,G_00036,SRB-9000008.001.Pw00_vs_DMSO,0.5441259965374984,0.20574189535277923,0.5631673857935613,0,Pw00
2019,PG_00037,G_00037,SRB-9000008.001.Pw00_vs_DMSO,0.059846582529072045,0.48022234012571785,1.0,0,Pw00
2021,PG_00038,G_00038,SRB-9000008.001.Pw00_vs_DMSO,-0.08853460241901204,0.14359434825275075,0.21848785173922713,0,Pw00
2023,PG_00039,G_00039,SRB-9000008.001.Pw00_vs_DMSO,0.8695573272698116,0.03137371558872378,0.036666206401307404,0,Pw00
2025,PG_00040,G_00040,SRB-9000008.001.Pw00_vs_DMSO,0.2862358124464923,0.2991814824347616,0.841710590585926,0,Pw00
2027,PG_00041,G_00041,SRB-9000008.001.Pw00_vs_DMSO,-0.3558433998394907,0.7468902510477385,1.0,0,Pw00
2029,PG_00042,G_00042,SRB-9000008.001.Pw00_vs_DMSO,0.8107914939782199,0.6648645058500854,1.0,0,Pw00
2031,PG_00043,G_00043,SRB-9000008.001.Pw00_vs_DMSO,-0.719687989233287,0.939228136633938,1.0,0,Pw00
2033,PG_00044,G_00044,SRB-9000008.001.Pw00_vs_DMSO,-0.31487884472003635,0.819214790737091,1.0,0,Pw00
2035,PG_00045,G_00045,SRB-9000008.001.Pw00_vs_DMSO,0.49999987078408337,0.15957623219312633,0.6921664408172588,0,Pw00
2037,PG_00046,G_00046,SRB-9000008.001.Pw00_vs_DMSO,-1.1322142057769915,0.8597188296916431,1.0,0,Pw00
2039,PG_00047,G_00047,SRB-9000008.001.Pw00_vs_DMSO,0.2369146798568416,0.3419903951798687,0.7276934708665675,0,Pw00
2041,PG_00048,G_00048,SRB-9000008.001.Pw00_vs_DMSO,-1.6372577750076696,0.8909197480064013,1.0,0,Pw00
2043,PG_00049,G_00049,SRB-9000008.001.Pw00_vs_DMSO,1.4981961475992294,0.6138806928234587,1.0,0,Pw00
2045,PG_00050,G_00050,SRB-9000008.001.Pw00_vs_DMSO,-0.5027770073417689,0.4384926857927491,1.0,0,Pw00
2047,PG_00051,G_00051,SRB-9000008.001.Pw00_vs_DMSO,-2.6268746529611295,0.7672243544980513,1.0,0,Pw00
2049,PG_00052,G_00052,SRB-9000008.001.Pw00_vs_DMSO,-1.262727106141709,0.7716874109766831,1.0,0,Pw00
2051,PG_00053,G_00053,SRB-9000008.001.Pw00_vs_DMSO,-0.35721573865442535,0.10122689635251411,0.493862576130101,0,Pw00
2053,PG_00054,G_00054,SRB-9000008.001.Pw00_vs_DMSO,0.6675604626988026,0.19057995886959098,0.9472572681874503,0,Pw00
2055,PG_00055,G_00055,SRB-9000008.001.Pw00_vs_DMSO,-1.4050846851211993,0.49947234305135074,1.0,0,Pw00
2057,PG_00056,G_00056,SRB-9000008.001.Pw00_vs_DMSO,-2.4445003647991186,0.3814349377820397,0.599605151427535,0,Pw00
2059,PG_00057,G_00057,SRB-9000008.001.Pw00_vs_DMSO,0.05532823046154382,0.16840886170223074,0.5083437338698352,0,Pw00
2061,PG_00058,G_00058,SRB-9000008.001.Pw00_vs_DMSO,-3.464517093455096,0.04134379229329848,0.11121931592947049,1,Pw00
2063,PG_00059,G_00059,SRB-9000008.001.Pw00_vs_DMSO,0.42832857748533715,0.6375567482634966,1.0,0,Pw00
2065,PG_00000,G_00000,SRB-9000008.001.Pw01_vs_DMSO,1.5539867004493781,0.2714285824778728,0.6587846586166451,0,Pw01
2067,PG_00001,G_00001,SRB-9000008.001.Pw01_vs_DMSO,2.565798432431606,0.5543495561338784,0.8236440500837893,0,Pw01
2069,PG_00002,G_00002,SRB-9000008.001.Pw01_vs_DMSO,0.9611474943767941,0.33025201372391166,0.3922598590485531,0,Pw01
2071,PG_00003,G_00003,SRB-9000008.001.Pw01_vs_DMSO,0.7176388220443957,0.4650367708188012,1.0,0,Pw01
2073,PG_00004,G_00004,SRB-9000008.001.Pw01_vs_DMSO,0.017532283547777375,0.2716570926031447,0.9930422106718454,0,Pw01
2075,PG_00005,G_00005,SRB-9000008.001.Pw01_vs_DMSO,-0.5999241409838869,0.14065252299005335,0.31719015393488625,0,Pw01
2077,PG_00006,G_00006,SRB-9000008.001.Pw01_vs_DMSO,-0.5750699195829597,0.36194999152456303,0.7000666927571709,0,Pw01
2079,PG_00007,G_00007,SRB-9000008.001.Pw01_vs_DMSO,1.2885619876974557,0.9004823443616109,1.0,0,Pw01
2081,PG_00008,G_00008,SRB-9000008.001.Pw01_vs_DMSO,1.4453774138712823,0.9912950134464596,1.0,0,Pw01
2083,PG_00009,G_00009,SRB-9000008.001.Pw01_vs_DMSO,-1.2019833038392007,0.5972979660428894,1.0,0,Pw01
2085,PG_00010,G_00010,SRB-9000008.001.Pw01_vs_DMSO,-0.8520098717755193,0.4344533983514692,1.0,0,Pw01
2087,PG_00011,G_00011,SRB-9000008.001.Pw01_vs_DMSO,-2.4375161328647117,0.950083051837131,1.0,0,Pw01
2089,PG_00012,G_00012,SRB-9000008.001.Pw01_vs_DMSO,-0.619688921685716,0.4174204179446756,0.8580620510172073,0,Pw01
2091,PG_00013,G_00013,SRB-9000008.001.Pw01_vs_DMSO,-0.5814722034322665,0.2657113466844468,1.0,0,Pw01
2093,PG_00014,G_00014,SRB-9000008.001.Pw01_vs_DMSO,0.026793329120581365,0.19466719680890726,0.2589771394299469,0,Pw01
2095,PG_00015,G_00015,SRB-9000008.001.Pw01_vs_DMSO,0.3827207356204374,0.2776131908191755,0.6667652956599266,0,Pw01
2097,PG_00016,G_00016,SRB-9000008.001.Pw01_vs_DMSO,0.4502576151793839,0.8153741528343881,1.0,0,Pw01
2099,PG_00017,G_00017,SRB-9000008.001.Pw01_vs_DMSO,-0.49645029146189723,0.04025711930100288,0.1358636408798206,0,Pw01
2101,PG_00018,G_00018,SRB-9000008.001.Pw01_vs_DMSO,2.258091770185341,0.4052697950571388,1.0,0,Pw01
2103,PG_00019,G_00019,SRB-9000008.001.Pw01_vs_DMSO,1.5550218669995883,0.48814938970401694,1.0,0,Pw01
2105,PG_00020,G_00020,SRB-9000008.001.Pw01_vs_DMSO,1.3857771593010573,0.5171003524670229,1.0,0,Pw01
2107,PG_00021,G_00021,SRB-9000008.001.Pw01_vs_DMSO,-0.11128017153061281,0.7771790880694531,1.0,0,Pw01
2109,PG_00022,G_00022,SRB-9000008.001.Pw01_vs_DMSO,-4.238881736422243,0.010257851471116177,0.04458985353028174,1,Pw01
2111,PG_00023,G_00023,SRB-9000008.001.Pw01_vs_DMSO,1.2741674307333397,0.22374611085704038,0.3408845716907626,0,Pw01
2113,PG_00024,G_00024,SRB-9000008.001.Pw01_vs_DMSO,-2.748328978722327,0.050440217477396174,0.07880505704598866,0,Pw01
2115,PG_00025,G_00025,SRB-9000008.001.Pw01_vs_DMSO,-0.41765483969347705,0.9211788088606297,1.0,0,Pw01
2117,PG_00026,G_00026,SRB-9000008.001.Pw01_vs_DMSO,1.461467652914756,0.17355701229838214,0.5142315184715746,0,Pw01
2119,PG_00027,G_00027,SRB-9000008.001.Pw01_vs_DMSO,1.5418030172266848,0.19328114757232512,0.6141083618441273,0,Pw01
2121,PG_00028,G_00028,SRB-9000008.001.Pw01_vs_DMSO,2.343535905517802,0.030251394888363144,0.03677446082707562,1,Pw01
2123,PG_00029,G_00029,SRB-9000008.001.Pw01_vs_DMSO,1.5582897902805635,0.9088735500987305,1.0,0,Pw01
2125,PG_00030,G_00030,SRB-9000008.001.Pw01_vs_DMSO,-3.662886316405654,0.7294310703232263,1.0,0,Pw01
2127,PG_00031,G_00031,SRB-9000008.001.Pw01_vs_DMSO,-0.18420455517160664,0.5833351107914825,0.6216910697939526,0,Pw01
2129,PG_00032,G_00032,SRB-9000008.001.Pw01_vs_DMSO,-0.44162822249665756,0.5378532994934991,1.0,0,Pw01
2131,PG_00033,G_00033,SRB-9000008.001.Pw01_vs_DMSO,-0.9148587029018647,0.7116577449242413,1.0,0,Pw01
2133,PG_00034,G_00034,SRB-9000008.001.Pw01_vs_DMSO,-0.18982430028051547,0.9829589071042693,1.0,0,Pw01
2135,PG_00035,G_00035,SRB-9000008.001.Pw01_vs_DMSO,-0.3999757447436144,0.7188640677447395,0.9442029741433265,0,Pw01
2137,PG_00036,G_00036,SRB-9000008.001.Pw01_vs_DMSO,-1.329001090900777,0.6449885711433724,1.0,0,Pw01
2139,PG_00037,G_00037,SRB-9000008.001.Pw01_vs_DMSO,0.3871568744471411,0.2528253419946878,0.6223506935997792,0,Pw01
2141,PG_00038,G_00038,SRB-9000008.001.Pw01_vs_DMSO,0.32280187539228544,0.9379721993040181,1.0,0,Pw01
2143,PG_00039,G_00039,SRB-9000008.001.Pw01_vs_DMSO,-0.7392535867938677,0.10841599884868285,0.37233964370092065,0,Pw01
2145,PG_00040,G_00040,SRB-9000008.001.Pw01_vs_DMSO,1.1994552483447685,0.4937715702847775,0.7126492114127002,0,Pw01
2147,PG_00041,G_00041,SRB-9000008.001.Pw01_vs_DMSO,0.20240647990018454,0.40289889112287713,0.7564410212952989,0,Pw01
2149,PG_00042,G_00042,SRB-9000008.001.Pw01_vs_DMSO,2.143319358572275,0.7987955466886119,1.0,0,Pw01
2151,PG_00043,G_00043,SRB-9000008.001.Pw01_vs_DMSO,1.4854816955461199,0.3048408732993586,0.9177992134678348,0,Pw01
2153,PG_00044,G_00044,SRB-9000008.001.Pw01_vs_DMSO,-0.1904796503146053,0.24785698795028446,1.0,0,Pw01
2155,PG_00045,G_00045,SRB-9000008.001.Pw01_vs_DMSO,-0.26562320842346326,0.9723118970212838,1.0,0,Pw01
2157,PG_00046,G_00046,SRB-9000008.001.Pw01_vs_DMSO,2.2788724740430046,0.4046891473265288,1.0,0,Pw01
2159,PG_00047,G_00047,SRB-9000008.001.Pw01_vs_DMSO,-0.24105598329362837,0.47778580773913265,1.0,0,Pw01
2161,PG_00048,G_00048,SRB-9000008.001.Pw01_vs_DMSO,1.019425267039781,0.7869877318369185,1.0,0,Pw01
2163,PG_00049,G_00049,SRB-9000008.001.Pw01_vs_DMSO,0.3444715801101368,0.7810193943874293,1.0,0,Pw01
2165,PG_00050,G_00050,SRB-9000008.001.Pw01_vs_DMSO,0.6692812516441332,0.16462731631073016,0.6919305353044947,0,Pw01
2167,PG_00051,G_00051,SRB-9000008.001.Pw01_vs_DMSO,-1.2129610353321238,0.6523060807281507,1.0,0,Pw01
2169,PG_00052,G_00052,SRB-9000008.001.Pw01_vs_DMSO,2.346308855083045,0.768163665765065,1.0,0,Pw01
2171,PG_00053,G_00053,SRB-9000008.001.Pw01_vs_DMSO,-1.5444171369322368,0.0995826338799434,0.4257700017060859,0,Pw01
2173,PG_00054,G_00054,SRB-9000008.001.Pw01_vs_DMSO,-1.120793288544786,0.39922059287559475,0.8905270959215311,0,Pw01
2175,PG_00055,G_00055,SRB-9000008.001.Pw01_vs_DMSO,-0.2505526594139648,0.04511093145601335,0.13767801299631718,0,Pw01
2177,PG_00056,G_00056,SRB-9000008.001.Pw01_vs_DMSO,-1.5022017579591198,0.853040364273494,1.0,0,Pw01
2179,PG_00057,G_00057,SRB-9000008.001.Pw01_vs_DMSO,-2.2621707024531403,0.7304122974745874,1.0,0,Pw01
2181,PG_00058,G_00058,SRB-9000008.001.Pw01_vs_DMSO,2.2774013121140984,0.38821778656855255,0.4255087311579821,0,Pw01
2183,PG_00059,G_00059,SRB-9000008.001.Pw01_vs_DMSO,2.334282509919276,0.3727993886843438,1.0,0,Pw01
2185,PG_00000,G_00000,SRB-9000009.001.Pw00_vs_DMSO,-0.33324932779614597,0.2457421011875008,0.555278622374725,0,Pw00
2187,PG_00001,G_00001,SRB-9000009.001.Pw00_vs_DMSO,-0.48558122964782735,0.23424543129410177,1.0,0,Pw00
2189,PG_00002,G_00002,SRB-9000009.001.Pw00_vs_DMSO,-3.1786667619629556,0.1223392209498925,0.6007636301477154,0,Pw00
2191,PG_00003,G_00003,SRB-9000009.001.Pw00_vs_DMSO,-2.041443280622025,0.24338169330709217,1.0,0,Pw00
2193,PG_00004,G_00004,SRB-9000009.001.Pw00_vs_DMSO,-0.7125768534637869,0.5177568134269543,1.0,0,Pw00
2195,PG_00005,G_00005,SRB-9000009.001.Pw00_vs_DMSO,-2.091084782694213,0.09181316652163361,0.28460806015628193,0,Pw00
2197,PG_00006,G_00006,SRB-9000009.001.Pw00_vs_DMSO,-0.05946013949573508,0.6236253160837358,1.0,0,Pw00
2199,PG_00007,G_00007,SRB-9000009.001.Pw00_vs_DMSO,1.030164522867747,0.43508270245714525,0.9452924548159191,0,Pw00
2201,PG_00008,G_00008,SRB-9000009.001.Pw00_vs_DMSO,0.04745165420484268,0.2640090129675602,0.5429870420582926,0,Pw00
2203,PG_00009,G_00009,SRB-9000009.001.Pw00_vs_DMSO,0.9325768224467645,0.42233964226940607,1.0,0,Pw00
2205,PG_00010,G_00010,SRB-9000009.001.Pw00_vs_DMSO,1.8599813736063608,0.11785830098748845,0.44031104329784015,0,Pw00
2207,PG_00011,G_00011,SRB-9000009.001.Pw00_vs_DMSO,1.6739485687471576,0.25858957220401063,0.5084250512884265,0,Pw00
2209,PG_00012,G_00012,SRB-9000009.001.Pw00_vs_DMSO,-1.22745583991923,0.06696975364436104,0.23884233033861774,0,Pw00
2211,PG_00013,G_00013,SRB-9000009.001.Pw00_vs_DMSO,-2.13990949107262,0.5576433456626018,1.0,0,Pw00
2213,PG_00014,G_00014,SRB-9000009.001.Pw00_vs_DMSO,-0.3775260713889175,0.4647233093531318,0.736638285675301,0,Pw00
2215,PG_00015,G_00015,SRB-9000009.001.Pw00_vs_DMSO,0.5719776067700684,0.29803127477116165,0.676560097456764,0,Pw00
2217,PG_00016,G_00016,SRB-9000009.001.Pw00_vs_DMSO,-0.9351739422832688,0.3217850696747669,0.4071906651052239,0,Pw00
2219,PG_00017,G_00017,SRB-9000009.001.Pw00_vs_DMSO,0.9921477442698068,0.3962144887625654,0.8136300043892678,0,Pw00
2221,PG_00018,G_00018,SRB-9000009.001.Pw00_vs_DMSO,-0.7215432748356723,0.9087873085067785,1.0,0,Pw00
2223,PG_00019,G_00019,SRB-9000009.001.Pw00_vs_DMSO,1.9655864574220439,0.2581740829635158,0.9832634974451775,0,Pw00
2225,PG_00020,G_00020,SRB-9000009.001.Pw00_vs_DMSO,-1.227518311160276,0.5594393732407094,1.0,0,Pw00
2227,PG_00021,G_00021,SRB-9000009.001.Pw00_vs_DMSO,-0.7708178846660935,0.5124245035119391,1.0,0,Pw00
2229,PG_00022,G_00022,SRB-9000009.001.Pw00_vs_DMSO,0.04193533977284398,0.7789333331011685,1.0,0,Pw00
2231,PG_00023,G_00023,SRB-9000009.001.Pw00_vs_DMSO,-1.5221508937651076,0.8917991697283969,0.9566767739158059,0,Pw00
2233,PG_00024,G_00024,SRB-9000009.001.Pw00_vs_DMSO,2.0013817554885587,0.6635754507726601,1.0,0,Pw00
2235,PG_00025,G_00025,SRB-9000009.001.Pw00_vs_DMSO,2.43418353391444,0.6390154657487936,1.0,0,Pw00
2237,PG_00026,G_00026,SRB-9000009.001.Pw00_vs_DMSO,-0.9986441446353214,0.1236122340730441,0.561683904828525,0,Pw00
2239,PG_00027,G_00027,SRB-9000009.001.Pw00_vs_DMSO,-0.43332768862854076,0.8390982409750638,1.0,0,Pw00
2241,PG_00028,G_00028,SRB-9000009.001.Pw00_vs_DMSO,0.9365866931702569,0.3088385373026067,0.4360832033420968,0,Pw00
2243,PG_00029,G_00029,SRB-9000009.001.Pw00_vs_DMSO,0.8196087019625389,0.5519004958857827,1.0,0,Pw00
2245,PG_00030,G_00030,SRB-9000009.001.Pw00_vs_DMSO,1.5672766618217704,0.8934042670674287,1.0,0,Pw00
2247,PG_00031,G_00031,SRB-9000009.001.Pw00_vs_DMSO,0.234013294115481,0.8014519872916817,1.0,0,Pw00
2249,PG_00032,G_00032,SRB-9000009.001.Pw00_vs_DMSO,-0.061067877055192746,0.8139750674991275,1.0,0,Pw00
2251,PG_00033,G_00033,SRB-9000009.001.Pw00_vs_DMSO,0.7893515116517974,0.16002174891511234,0.2470432001364855,0,Pw00
2253,PG_00034,G_00034,SRB-9000009.001.Pw00_vs_DMSO,-1.2094617449377472,0.64927013607199,1.0,0,Pw00
2255,PG_00035,G_00035,SRB-9000009.001.Pw00_vs_DMSO,-0.6538506268555169,0.7851878167702023,1.0,0,Pw00
2257,PG_00036,G_00036,SRB-9000009.001.Pw00_vs_DMSO,-0.7161352927813454,0.6011979566766881,1.0,0,Pw00
2259,PG_00037,G_00037,SRB-9000009.001.Pw00_vs_DMSO,3.7400879679201067,0.4860317536927907,1.0,0,Pw00
2261,PG_00038,G_00038,SRB-9000009.001.Pw00_vs_DMSO,1.2589934049049523,0.7421164531034089,1.0,0,Pw00
2263,PG_00039,G_00039,SRB-9000009.001.Pw00_vs_DMSO,-2.1189846110331345,0.18208534266539367,0.47919520706804886,0,Pw00
2265,PG_00040,G_00040,SRB-9000009.001.Pw00_vs_DMSO,-2.2282989059171574,0.19344045563378573,0.48369794683874734,0,Pw00
2267,PG_00041,G_00041,SRB-9000009.001.Pw00_vs_DMSO,0.07414771173657352,0.8036648391829102,1.0,0,Pw00
2269,PG_00042,G_00042,SRB-9000009.001.Pw00_vs_DMSO,-2.232311517180707,0.31013963999822514,1.0,0,Pw00
2271,PG_00043,G_00043,SRB-9000009.001.Pw00_vs_DMSO,2.0532861355536056,0.9972821253578271,1.0,0,Pw00
2273,PG_00044,G_00044,SRB-9000009.001.Pw00_vs_DMSO,0.1623235161144462,0.5199307856468683,0.9817620759606264,0,Pw00
2275,PG_00045,G_00045,SRB-9000009.001.Pw00_vs_DMSO,-0.07160157394165326,0.6146979863950621,1.0,0,Pw00
2277,PG_00046,G_00046,SRB-9000009.001.Pw00_vs_DMSO,1.610253004702812,0.800185946122265,1.0,0,Pw00
2279,PG_00047,G_00047,SRB-9000009.001.Pw00_vs_DMSO,1.7167080101185452,0.9326185564777418,1.0,0,Pw00
2281,PG_00048,G_00048,SRB-9000009.001.Pw00_vs_DMSO,0.3848668367319986,0.8389377681572059,1.0,0,Pw00
2283,PG_00049,G_00049,SRB-9000009.001.Pw00_vs_DMSO,-0.8569548894460376,0.03247918955359257,0.14093109493630213,0,Pw00
2285,PG_00050,G_00050,SRB-9000009.001.Pw00_vs_DMSO,1.7988493672987111,0.2999027272533007,1.0,0,Pw00
2287,PG_00051,G_00051,SRB-9000009.001.Pw00_vs_DMSO,1.49568305703785,0.7894105884554574,1.0,0,Pw00
2289,PG_00052,G_00052,SRB-9000009.001.Pw00_vs_DMSO,-1.1186795519934658,0.12768315042557837,0.24879916870181207,0,Pw00
2291,PG_00053,G_00053,SRB-9000009.001.Pw00_vs_DMSO,1.3683401421112498,0.5836959764187728,1.0,0,Pw00
2293,PG_00054,G_00054,SRB-9000009.001.Pw00_vs_DMSO,3.522912587974126,0.3186898841191936,1.0,0,Pw00
2295,PG_00055,G_00055,SRB-9000009.001.Pw00_vs_DMSO,0.31278137795160627,0.9194001371552328,1.0,0,Pw00
2297,PG_00056,G_00056,SRB-9000009.001.Pw00_vs_DMSO,1.5178023072859261,0.7585689494943244,1.0,0,Pw00
2299,PG_00057,G_00057,SRB-9000009.001.Pw00_vs_DMSO,0.034423062069193475,0.5640414222492182,1.0,0,Pw00
2301,PG_00058,G_00058,SRB-9000009.001.Pw00_vs_DMSO,-2.3622790898088333,0.025712432645398152,0.049969064010337134,1,Pw00
2303,PG_00059,G_00059,SRB-9000009.001.Pw00_vs_DMSO,-1.400196801792709,0.7855861456321103,1.0,0,Pw00
2305,PG_00000,G_00000,SRB-9000009.001.Pw01_vs_DMSO,2.0175186648923122,0.5281705071487517,1.0,0,Pw01
2307,PG_00001,G_00001,SRB-9000009.001.Pw01_vs_DMSO,1.4523477474163922,0.1495501770080605,0.5732359244680585,0,Pw01
2309,PG_00002,G_00002,SRB-9000009.001.Pw01_vs_DMSO,-2.3767806624403427,0.45982248507103385,1.0,0,Pw01
2311,PG_00003,G_00003,SRB-9000009.001.Pw01_vs_DMSO,0.7423615058898735,0.475522105051818,1.0,0,Pw01
2313,PG_00004,G_00004,SRB-9000009.001.Pw01_vs_DMSO,-0.3057197575750812,0.60392028292899,1.0,0,Pw01
2315,PG_00005,G_00005,SRB-9000009.001.Pw01_vs_DMSO,-0.03481786527500043,0.16635161420442335,0.5007349903426711,0,Pw01
2317,PG_00006,G_00006,SRB-9000009.001.Pw01_vs_DMSO,1.9713465300135438,0.17547652631368096,0.36375017081701827,0,Pw01
2319,PG_00007,G_00007,SRB-9000009.001.Pw01_vs_DMSO,0.5638042592762523,0.7425835445491745,1.0,0,Pw01
2321,PG_00008,G_00008,SRB-9000009.001.Pw01_vs_DMSO,1.3100612453796536,0.6395868211102215,0.7193767646921077,0,Pw01
2323,PG_00009,G_00009,SRB-9000009.001.Pw01_vs_DMSO,1.5326955111049498,0.08288516485516742,0.1344436436975495,0,Pw01
2325,PG_00010,G_00010,SRB-9000009.001.Pw01_vs_DMSO,-0.8305054102568307,0.542506979382419,0.6947272333180594,0,Pw01
2327,PG_00011,G_00011,SRB-9000009.001.Pw01_vs_DMSO,-0.8610761220543399,0.8048287483147807,1.0,0,Pw01
2329,PG_00012,G_00012,SRB-9000009.001.Pw01_vs_DMSO,0.31484908805834,0.7331326464022944,1.0,0,Pw01
2331,PG_00013,G_00013,SRB-9000009.001.Pw01_vs_DMSO,-3.501971119968068,0.26601641973844126,0.9091814856235977,0,Pw01
2333,PG_00014,G_00014,SRB-9000009.001.Pw01_vs_DMSO,0.06616950934465884,0.8954327157620169,1.0,0,Pw01
2335,PG_00015,G_00015,SRB-9000009.001.Pw01_vs_DMSO,0.32751759950258114,0.7956794985414779,0.823567009437129,0,Pw01
2337,PG_00016,G_00016,SRB-9000009.001.Pw01_vs_DMSO,1.1053710683026121,0.6557132485380099,0.7506054434678731,0,Pw01
2339,PG_00017,G_00017,SRB-9000009.001.Pw01_vs_DMSO,-0.08308838869965869,0.5869864982229076,1.0,0,Pw01
2341,PG_00018,G_00018,SRB-9000009.001.Pw01_vs_DMSO,-2.299624267792986,0.19750036878241234,0.6258169601056782,0,Pw01
2343,PG_00019,G_00019,SRB-9000009.001.Pw01_vs_DMSO,-0.951271543402094,0.9492210200267255,1.0,0,Pw01
2345,PG_00020,G_00020,SRB-9000009.001.Pw01_vs_DMSO,-2.6094861360423174,0.09313200104415416,0.14553069018247403,0,Pw01
2347,PG_00021,G_00021,SRB-9000009.001.Pw01_vs_DMSO,-0.34597016714591056,0.6368598335893572,0.8986456406778692,0,Pw01
2349,PG_00022,G_00022,SRB-9000009.001.Pw01_vs_DMSO,0.28987955332193227,0.4457958765966763,1.0,0,Pw01
2351,PG_00023,G_00023,SRB-9000009.001.Pw01_vs_DMSO,-1.6638282376990707,0.27638442156496656,1.0,0,Pw01
2353,PG_00024,G_00024,SRB-9000009.001.Pw01_vs_DMSO,2.9258474071199227,0.06503999787818801,0.13790064688734624,0,Pw01
2355,PG_00025,G_00025,SRB-9000009.001.Pw01_vs_DMSO,-0.21651249514190762,0.8461648204220521,1.0,0,Pw01
2357,PG_00026,G_00026,SRB-9000009.001.Pw01_vs_DMSO,0.4408347711353946,0.08339142737624641,0.08741544300291473,0,Pw01
2359,PG_00027,G_00027,SRB-9000009.001.Pw01_vs_DMSO,1.409310990724756,0.7759716507859865,1.0,0,Pw01
2361,PG_00028,G_00028,SRB-9000009.001.Pw01_vs_DMSO,-3.5020586363704016,0.32691739600273556,0.33354191281851026,0,Pw01
2363,PG_00029,G_00029,SRB-9000009.001.Pw01_vs_DMSO,2.502599785953917,0.1401340998534054,0.14841757042723167,0,Pw01
2365,PG_00030,G_00030,SRB-9000009.001.Pw01_vs_DMSO,-1.4446838867254352,0.8315537518504353,1.0,0,Pw01
2367,PG_00031,G_00031,SRB-9000009.001.Pw01_vs_DMSO,-0.4555968267664299,0.7589546223183501,1.0,0,Pw01
2369,PG_00032,G_00032,SRB-9000009.001.Pw01_vs_DMSO,-1.8996575301118868,0.4745195014190442,1.0,0,Pw01
2371,PG_00033,G_00033,SRB-9000009.001.Pw01_vs_DMSO,-0.08644432439078388,0.15023806266311843,0.3267711611179513,0,Pw01
2373,PG_00034,G_00034,SRB-9000009.001.Pw01_vs_DMSO,-0.5336711296343707,0.6702464511067862,1.0,0,Pw01
2375,PG_00035,G_00035,SRB-9000009.001.Pw01_vs_DMSO,2.8039939668528913,0.9554817023574388,1.0,0,Pw01
2377,PG_00036,G_00036,SRB-9000009.001.Pw01_vs_DMSO,-2.3293272341580287,0.4146641633344587,1.0,0,Pw01
2379,PG_00037,G_00037,SRB-9000009.001.Pw01_vs_DMSO,0.029553966398941173,0.2895903901107828,1.0,0,Pw01
2381,PG_00038,G_00038,SRB-9000009.001.Pw01_vs_DMSO,-0.06157811779362089,0.44395963060806276,0.8370709878630538,0,Pw01
2383,PG_00039,G_00039,SRB-9000009.001.Pw01_vs_DMSO,0.16701255424215006,0.009021715425147316,0.010487084344152109,0,Pw01
2385,PG_00040,G_00040,SRB-9000009.001.Pw01_vs_DMSO,-0.6528644634105724,0.4212285872707463,0.5950658549751131,0,Pw01
2387,PG_00041,G_00041,SRB-9000009.001.Pw01_vs_DMSO,-0.3240971583226664,0.6669512236077956,1.0,0,Pw01
2389,PG_00042,G_00042,SRB-9000009.001.Pw01_vs_DMSO,-0.16072585541983486,0.29824969447230704,1.0,0,Pw01
2391,PG_00043,G_00043,SRB-9000009.001.Pw01_vs_DMSO,-2.663344842483483,0.360403784485725,1.0,0,Pw01
2393,PG_00044,G_00044,SRB-9000009.001.Pw01_vs_DMSO,2.6971746528698204,0.9154492266734066,1.0,0,Pw01
2395,PG_00045,G_00045,SRB-9000009.001.Pw01_vs_DMSO,-1.174346163050092,0.5222179903009369,1.0,0,Pw01
2397,PG_00046,G_00046,SRB-9000009.001.Pw01_vs_DMSO,2.561942651337743,0.7654448820941611,1.0,0,Pw01
2399,PG_00047,G_00047,SRB-9000009.001.Pw01_vs_DMSO,3.1662889069094216,0.3959419625468646,0.6582965606545624,0,Pw01
2401,PG_00048,G_00048,SRB-9000009.001.Pw01_vs_DMSO,-1.9791675839612972,0.7058043918773823,1.0,0,Pw01
2403,PG_00049,G_00049,SRB-9000009.001.Pw01_vs_DMSO,2.4874262895850974,0.4408854709634401,0.5032350253349767,0,Pw01
2405,PG_00050,G_00050,SRB-9000009.001.Pw01_vs_DMSO,2.3025549032410892,0.7389386244872418,1.0,0,Pw01
2407,PG_00051,G_00051,SRB-9000009.001.Pw01_vs_DMSO,-0.5031751547151191,0.47905538325253755,1.0,0,Pw01
2409,PG_00052,G_00052,SRB-9000009.001.Pw01_vs_DMSO,0.18710698928328284,0.7221955378892122,1.0,0,Pw01
2411,PG_00053,G_00053,SRB-9000009.001.Pw01_vs_DMSO,0.18761696871168687,0.5191239985086823,1.0,0,Pw01
2413,PG_00054,G_00054,SRB-9000009.001.Pw01_vs_DMSO,-1.5412675561166158,0.7574187918516458,1.0,0,Pw01
2415,PG_00055,G_00055,SRB-9000009.001.Pw01_vs_DMSO,-1.0607082631244418,0.2525021926597768,0.6845316151492118,0,Pw01
2417,PG_00056,G_00056,SRB-9000009.001.Pw01_vs_DMSO,-0.2327767566488934,0.5761059370464346,1.0,0,Pw01
2419,PG_00057,G_00057,SRB-9000009.001.Pw01_vs_DMSO,0.062355099528735136,0.1491455856908627,0.6240493522368055,0,Pw01
2421,PG_00058,G_00058,SRB-9000009.001.Pw01_vs_DMSO,0.10373290177736547,0.1933137820358233,0.41695688244897033,0,Pw01
2423,PG_00059,G_00059,SRB-9000009.001.Pw01_vs_DMSO,0.3341621744995468,0.5013603672893338,0.9545409465772737,0,Pw01
2425,PG_00000,G_00000,SRB-9000010.001.Pw00_vs_DMSO,1.2401743603680557,0.03721798772869837,0.1571797170493073,1,Pw00
2427,PG_00001,G_00001,SRB-9000010.001.Pw00_vs_DMSO,-2.2201590877680073,0.02453539668172025,0.11452893874760411,1,Pw00
2429,PG_00002,G_00002,SRB-9000010.001.Pw00_vs_DMSO,0.9147751456680253,0.7648348371901543,1.0,0,Pw00
2431,PG_00003,G_00003,SRB-9000010.001.Pw00_vs_DMSO,-0.3750755878589389,0.9506876049101161,1.0,0,Pw00
2433,PG_00004,G_00004,SRB-9000010.001.Pw00_vs_DMSO,-1.5057311093527717,0.5271421351100702,1.0,0,Pw00
2435,PG_00005,G_00005,SRB-9000010.001.Pw00_vs_DMSO,-2.0258908581435398,0.12989320851043318,0.5294970918801498,0,Pw00
2437,PG_00006,G_00006,SRB-9000010.001.Pw00_vs_DMSO,-1.3845732717599095,0.9928576252462463,1.0,0,Pw00
2439,PG_00007,G_00007,SRB-9000010.001.Pw00_vs_DMSO,0.4533872008147566,0.4188145844951614,1.0,0,Pw00
2441,PG_00008,G_00008,SRB-9000010.001.Pw00_vs_DMSO,-0.13074202071296723,0.2466603861226706,0.6482875452345315,0,Pw00
2443,PG_00009,G_00009,SRB-9000010.001.Pw00_vs_DMSO,0.33941917611577016,0.8806461949523137,1.0,0,Pw00
2445,PG_00010,G_00010,SRB-9000010.001.Pw00_vs_DMSO,-0.330177169544545,0.6312413225349146,1.0,0,Pw00
2447,PG_00011,G_00011,SRB-9000010.001.Pw00_vs_DMSO,0.6903549193406143,0.7844639491785279,1.0,0,Pw00
2449,PG_00012,G_00012,SRB-9000010.001.Pw00_vs_DMSO,-1.4026892218093467,0.39893269500148754,1.0,0,Pw00
2451,PG_00013,G_00013,SRB-9000010.001.Pw00_vs_DMSO,2.344671119355488,0.5484416910312788,1.0,0,Pw00
2453,PG_00014,G_00014,SRB-9000010.001.Pw00_vs_DMSO,1.0034747652495999,0.5006043795813878,0.6576131553742675,0,Pw00
2455,PG_00015,G_00015,SRB-9000010.001.Pw00_vs_DMSO,-0.6622002783722778,0.8900929849043788,1.0,0,Pw00
2457,PG_00016,G_00016,SRB-9000010.001.Pw00_vs_DMSO,2.0102581030858366,0.6740964579913377,1.0,0,Pw00
2459,PG_00017,G_00017,SRB-9000010.001.Pw00_vs_DMSO,-0.49255206851331346,0.40168516506859053,1.0,0,Pw00
2461,PG_00018,G_00018,SRB-9000010.001.Pw00_vs_DMSO,1.3943528108262822,0.25366536643327503,1.0,0,Pw00
2463,PG_00019,G_00019,SRB-9000010.001.Pw00_vs_DMSO,-1.5866564786336546,0.2573265068275729,0.802351397577427,0,Pw00
2465,PG_00020,G_00020,SRB-9000010.001.Pw00_vs_DMSO,-1.099926979975822,0.7653637314434201,1.0,0,Pw00
2467,PG_00021,G_00021,SRB-9000010.001.Pw00_vs_DMSO,0.5579321116497253,0.6163331215272068,1.0,0,Pw00
2469,PG_00022,G_00022,SRB-9000010.001.Pw00_vs_DMSO,1.2308990761804273,0.18622407005995772,0.6386191479760378,0,Pw00
2471,PG_00023,G_00023,SRB-9000010.001.Pw00_vs_DMSO,0.7082553925557773,0.4709972452579038,1.0,0,Pw00
2473,PG_00024,G_00024,SRB-9000010.001.Pw00_vs_DMSO,-0.26321388974847276,0.30094769655713516,1.0,0,Pw00
2475,PG_00025,G_00025,SRB-9000010.001.Pw00_vs_DMSO,-1.325288241224047,0.4639395150392904,1.0,0,Pw00
2477,PG_00026,G_00026,SRB-9000010.001.Pw00_vs_DMSO,-2.641583492015866,0.2508194783130467,0.9823941922252988,0,Pw00
2479,PG_00027,G_00027,SRB-9000010.001.Pw00_vs_DMSO,-1.225631093181121,0.7938887013293112,1.0,0,Pw00
2481,PG_00028,G_00028,SRB-9000010.001.Pw00_vs_DMSO,-0.5815361951406226,0.0728615878455988,0.08017378528843762,0,Pw00
2483,PG_00029,G_00029,SRB-9000010.001.Pw00_vs_DMSO,0.8966767644214404,0.5550642535174385,1.0,0,Pw00
2485,PG_00030,G_00030,SRB-9000010.001.Pw00_vs_DMSO,-0.5036115799527565,0.563151442900667,1.0,0,Pw00
2487,PG_00031,G_00031,SRB-9000010.001.Pw00_vs_DMSO,1.7579814131530949,0.9180180690264317,0.943007282818823,0,Pw00
2489,PG_00032,G_00032,SRB-9000010.001.Pw00_vs_DMSO,-0.5160666113139369,0.32523022596690715,0.6758272170558471,0,Pw00
2491,PG_00033,G_00033,SRB-9000010.001.Pw00_vs_DMSO,0.8359898798978346,0.08019519706437887,0.37073111611509846,0,Pw00
2493,PG_00034,G_00034,SRB-9000010.001.Pw00_vs_DMSO,-1.7821403087719905,0.2708213898294399,0.7946688813989207,0,Pw00
2495,PG_00035,G_00035,SRB-9000010.001.Pw00_vs_DMSO,-2.1090430251519345,0.7864709155966508,1.0,0,Pw00
2497,PG_00036,G_00036,SRB-9000010.001.Pw00_vs_DMSO,0.683165902981565,0.8245468981353156,1.0,0,Pw00
2499,PG_00037,G_00037,SRB-9000010.001.Pw00_vs_DMSO,-1.8923007718893174,0.5846825319089768,1.0,0,Pw00
2501,PG_00038,G_00038,SRB-9000010.001.Pw00_vs_DMSO,-1.4700432587833223,0.6661690338171479,1.0,0,Pw00
2503,PG_00039,G_00039,SRB-9000010.001.Pw00_vs_DMSO,0.6186302811427674,0.7577958499833958,1.0,0,Pw00
2505,PG_00040,G_00040,SRB-9000010.001.Pw00_vs_DMSO,-2.45499737575227,0.08525788526494231,0.32663707494449856,0,Pw00
2507,PG_00041,G_00041,SRB-9000010.001.Pw00_vs_DMSO,1.6282587939391395,0.624163106660733,1.0,0,Pw00
2509,PG_00042,G_00042,SRB-9000010.001.Pw00_vs_DMSO,-0.0191826606193777,0.48372096453432917,1.0,0,Pw00
2511,PG_00043,G_00043,SRB-9000010.001.Pw00_vs_DMSO,-0.5541375923540526,0.11690563556588433,0.27267211820268555,0,Pw00
2513,PG_00044,G_00044,SRB-9000010.001.Pw00_vs_DMSO,1.042740302106698,0.0512596915098248,0.14078501479065772,0,Pw00
2515,PG_00045,G_00045,SRB-9000010.001.Pw00_vs_DMSO,-0.18781975601947593,0.16957037566051583,0.17895972347324998,0,Pw00
2517,PG_00046,G_00046,SRB-9000010.001.Pw00_vs_DMSO,0.08652575648639678,0.9347171807471122,1.0,0,Pw00
2519,PG_00047,G_00047,SRB-9000010.001.Pw00_vs_DMSO,-1.3510127948052781,0.7189258402404797,1.0,0,Pw00
2521,PG_00048,G_00048,SRB-9000010.001.Pw00_vs_DMSO,-0.606107677030091,0.5230926164869868,1.0,0,Pw00
2523,PG_00049,G_00049,SRB-9000010.001.Pw00_vs_DMSO,0.057622864610398235,0.791907465442271,0.8434412483756824,0,Pw00
2525,PG_00050,G_00050,SRB-9000010.001.Pw00_vs_DMSO,-0.6279851952704034,0.3811232597781861,0.5656715250059832,0,Pw00
2527,PG_00051,G_00051,SRB-9000010.001.Pw00_vs_DMSO,1.2172855542082575,0.7427314060443575,1.0,0,Pw00
2529,PG_00052,G_00052,SRB-9000010.001.Pw00_vs_DMSO,-0.6311641665052219,0.8880898418047249,1.0,0,Pw00
2531,PG_00053,G_00053,SRB-9000010.001.Pw00_vs_DMSO,0.3431167183932452,0.6310804215705367,1.0,0,Pw00
2533,PG_00054,G_00054,SRB-9000010.001.Pw00_vs_DMSO,1.0095599672294924,0.5558408833392993,1.0,0,Pw00
2535,PG_00055,G_00055,SRB-9000010.001.Pw00_vs_DMSO,1.0193803331312705,0.48196813724877086,1.0,0,Pw00
2537,PG_00056,G_00056,SRB-9000010.001.Pw00_vs_DMSO,-0.8938517997063049,0.014776063082294785,0.05941742434735915,0,Pw00
2539,PG_00057,G_00057,SRB-9000010.001.Pw00_vs_DMSO,-0.2641218176922204,0.8094822757822809,1.0,0,Pw00
2541,PG_00058,G_00058,SRB-9000010.001.Pw00_vs_DMSO,3.357223311670575,0.8001102690300231,1.0,0,Pw00
2543,PG_00059,G_00059,SRB-9000010.001.Pw00_vs_DMSO,2.919603225857821,0.9956979368525546,1.0,0,Pw00
2545,PG_00000,G_00000,SRB-9000010.001.Pw01_vs_DMSO,-1.4914511481869903,0.05338481909072683,0.10722354523142576,0,Pw01
2547,PG_00001,G_00001,SRB-9000010.001.Pw01_vs_DMSO,-0.9102680155261198,0.068431101900359,0.09282756738155239,0,Pw01
2549,PG_00002,G_00002,SRB-9000010.001.Pw01_vs_DMSO,-0.19924095429381786,0.7660068829663462,1.0,0,Pw01
2551,PG_00003,G_00003,SRB-9000010.001.Pw01_vs_DMSO,-0.3895926496283515,0.7923937675759535,1.0,0,Pw01
2553,PG_00004,G_00004,SRB-9000010.001.Pw01_vs_DMSO,-0.14243292882941477,0.3848118404478291,1.0,0,Pw01
2555,PG_00005,G_00005,SRB-9000010.001.Pw01_vs_DMSO,0.12075867467791229,0.47746223815604166,0.8702048138738108,0,Pw01
2557,PG_00006,G_00006,SRB-9000010.001.Pw01_vs_DMSO,-0.7463220178425606,0.7292612183574896,1.0,0,Pw01
2559,PG_00007,G_00007,SRB-9000010.001.Pw01_vs_DMSO,-0.8084131768578409,0.10214008465330134,0.17141804447532133,0,Pw01
2561,PG_00008,G_00008,SRB-9000010.001.Pw01_vs_DMSO,-2.4021389017167585,0.1432754827875647,0.6200324228092144,0,Pw01
2563,PG_00009,G_00009,SRB-9000010.001.Pw01_vs_DMSO,-1.9532477194574822,0.11894093070474379,0.208062130448643,0,Pw01
2565,PG_00010,G_00010,SRB-9000010.001.Pw01_vs_DMSO,-1.9367723255058875,0.9698182627081232,1.0,0,Pw01
2567,PG_00011,G_00011,SRB-9000010.001.Pw01_vs_DMSO,1.5144165226157087,0.5094882935017552,1.0,0,Pw01
2569,PG_00012,G_00012,SRB-9000010.001.Pw01_vs_DMSO,1.8379814318128316,0.07434556215849566,0.13597704308073508,0,Pw01
2571,PG_00013,G_00013,SRB-9000010.001.Pw01_vs_DMSO,-0.9011241171171883,0.9893402465231577,1.0,0,Pw01
2573,PG_00014,G_00014,SRB-9000010.001.Pw01_vs_DMSO,-0.5667105827799195,0.35446242690412705,1.0,0,Pw01
2575,PG_00015,G_00015,SRB-9000010.001.Pw01_vs_DMSO,0.8563860725223842,0.4855438072774486,1.0,0,Pw01
2577,PG_00016,G_00016,SRB-9000010.001.Pw01_vs_DMSO,-0.1399719706333278,0.47627322232163255,1.0,0,Pw01
2579,PG_00017,G_00017,SRB-9000010.001.Pw01_vs_DMSO,2.2685243129073265,0.06632162114222673,0.23592473868511887,0,Pw01
2581,PG_00018,G_00018,SRB-9000010.001.Pw01_vs_DMSO,-1.896706855069508,0.6806479397682074,0.8480718350953936,0,Pw01
2583,PG_00019,G_00019,SRB-9000010.001.Pw01_vs_DMSO,0.02651657785625302,0.5350738787129371,1.0,0,Pw01
2585,PG_00020,G_00020,SRB-9000010.001.Pw01_vs_DMSO,0.09747423193218394,0.6327265797471157,1.0,0,Pw01
2587,PG_00021,G_00021,SRB-9000010.001.Pw01_vs_DMSO,-1.5919710661944684,0.533739990572276,1.0,0,Pw01
2589,PG_00022,G_00022,SRB-9000010.001.Pw01_vs_DMSO,-0.6460629335178756,0.7157724899158132,1.0,0,Pw01
2591,PG_00023,G_00023,SRB-9000010.001.Pw01_vs_DMSO,0.269564647373245,0.41802611111998145,1.0,0,Pw01
2593,PG_00024,G_00024,SRB-9000010.001.Pw01_vs_DMSO,0.11381800445439852,0.2912371235172993,0.5162898225306617,0,Pw01
2595,PG_00025,G_00025,SRB-9000010.001.Pw01_vs_DMSO,0.3938215178709059,0.643083600217084,1.0,0,Pw01
2597,PG_00026,G_00026,SRB-9000010.001.Pw01_vs_DMSO,-0.37797339478229863,0.7163571873914941,1.0,0,Pw01
2599,PG_00027,G_00027,SRB-9000010.001.Pw01_vs_DMSO,1.951185155259261,0.22419188705058551,0.7090855579634895,0,Pw01
2601,PG_00028,G_00028,SRB-9000010.001.Pw01_vs_DMSO,-3.003719416724679,0.49185358617716163,0.8678813161762448,0,Pw01
2603,PG_00029,G_00029,SRB-9000010.001.Pw01_vs_DMSO,0.41134769893398493,0.4355751434272124,0.7344212560131772,0,Pw01
2605,PG_00030,G_00030,SRB-9000010.001.Pw01_vs_DMSO,-1.2470743121692962,0.3566272228675775,1.0,0,Pw01
2607,PG_00031,G_00031,SRB-9000010.001.Pw01_vs_DMSO,-1.5551648736100558,0.8458053706555261,1.0,0,Pw01
2609,PG_00032,G_00032,SRB-9000010.001.Pw01_vs_DMSO,2.0329969828669303,0.49834381837168146,1.0,0,Pw01
2611,PG_00033,G_00033,SRB-9000010.001.Pw01_vs_DMSO,-0.34793675815017383,0.2618873196573563,0.6168651482317526,0,Pw01
2613,PG_00034,G_00034,SRB-9000010.001.Pw01_vs_DMSO,0.1803250175181475,0.6160634778323721,1.0,0,Pw01
2615,PG_00035,G_00035,SRB-9000010.001.Pw01_vs_DMSO,2.702357445143234,0.7012330915835523,1.0,0,Pw01
2617,PG_00036,G_00036,SRB-9000010.001.Pw01_vs_DMSO,-2.671677457876463,0.9230396892235545,1.0,0,Pw01
2619,PG_00037,G_00037,SRB-9000010.001.Pw01_vs_DMSO,1.6439599933988687,0.5885796110884015,1.0,0,Pw01
2621,PG_00038,G_00038,SRB-9000010.001.Pw01_vs_DMSO,1.0461493201768526,0.309181081964416,1.0,0,Pw01
2623,PG_00039,G_00039,SRB-9000010.001.Pw01_vs_DMSO,0.13381288617373277,0.2861316293951895,1.0,0,Pw01
2625,PG_00040,G_00040,SRB-9000010.001.Pw01_vs_DMSO,0.598123246829151,0.4924116786878605,1.0,0,Pw01
2627,PG_00041,G_00041,SRB-9000010.001.Pw01_vs_DMSO,2.0132425666681595,0.7948868830217322,1.0,0,Pw01
2629,PG_00042,G_00042,SRB-9000010.001.Pw01_vs_DMSO,-0.9274303676969562,0.6040652225996228,0.6313860798838148,0,Pw01
2631,PG_00043,G_00043,SRB-9000010.001.Pw01_vs_DMSO,-1.3820702322479812,0.9988390480599132,1.0,0,Pw01
2633,PG_00044,G_00044,SRB-9000010.001.Pw01_vs_DMSO,0.13176002885547874,0.807617643772653,1.0,0,Pw01
2635,PG_00045,G_00045,SRB-9000010.001.Pw01_vs_DMSO,0.7889968274619679,0.35301867941417187,1.0,0,Pw01
2637,PG_00046,G_00046,SRB-9000010.001.Pw01_vs_DMSO,-1.1893061777158893,0.6685236540790389,0.9413227314835964,0,Pw01
2639,PG_00047,G_00047,SRB-9000010.001.Pw01_vs_DMSO,-0.9779219511767008,0.6074303156060995,0.999678203099327,0,Pw01
2641,PG_00048,G_00048,SRB-9000010.001.Pw01_vs_DMSO,-4.461040776836412,0.22680349574451256,0.6337722958029965,0,Pw01
2643,PG_00049,G_00049,SRB-9000010.001.Pw01_vs_DMSO,0.23656036909673528,0.24061993009494403,1.0,0,Pw01
2645,PG_00050,G_00050,SRB-9000010.001.Pw01_vs_DMSO,1.5825037467262262,0.6043053673416416,1.0,0,Pw01
2647,PG_00051,G_00051,SRB-9000010.001.Pw01_vs_DMSO,-0.38985935871264965,0.6411676814825082,1.0,0,Pw01
2649,PG_00052,G_00052,SRB-9000010.001.Pw01_vs_DMSO,-1.3474455800340523,0.09041515721143976,0.2243872022392914,0,Pw01
2651,PG_00053,G_00053,SRB-9000010.001.Pw01_vs_DMSO,-2.659733821360354,0.07590797757628155,0.18543987103079812,0,Pw01
2653,PG_00054,G_00054,SRB-9000010.001.Pw01_vs_DMSO,2.5427827925403785,0.5868500526035989,0.8931761788906287,0,Pw01
2655,PG_00055,G_00055,SRB-9000010.001.Pw01_vs_DMSO,0.8658128048958844,0.13000960616849133,0.6375420788306477,0,Pw01
2657,PG_00056,G_00056,SRB-9000010.001.Pw01_vs_DMSO,-0.37299518785440755,0.2872008934354034,1.0,0,Pw01
2659,PG_00057,G_00057,SRB-9000010.001.Pw01_vs_DMSO,0.7686649718051353,0.15869859937266112,0.2995988768990273,0,Pw01
2661,PG_00058,G_00058,SRB-9000010.001.Pw01_vs_DMSO,0.3614597638243794,0.4922637048270147,1.0,0,Pw01
2663,PG_00059,G_00059,SRB-9000010.001.Pw01_vs_DMSO,-0.9028769367319858,0.6861440295898128,1.0,0,Pw01
2665,PG_00000,G_00000,SRB-9000011.001.Pw00_vs_DMSO,1.7978291885098145,0.43487825389292933,1.0,0,Pw00
2667,PG_00001,G_00001,SRB-9000011.001.Pw00_vs_DMSO,0.09869093795048425,0.11859241086582284,0.2834450258619956,0,Pw00
2669,PG_00002,G_00002,SRB-9000011.001.Pw00_vs_DMSO,-0.5672836202107364,0.9555573699766042,1.0,0,Pw00
2671,PG_00003,G_00003,SRB-9000011.001.Pw00_vs_DMSO,2.598723136133734,0.8221367011493659,1.0,0,Pw00
2673,PG_00004,G_00004,SRB-9000011.001.Pw00_vs_DMSO,-1.0913346337157033,0.5912655036092502,1.0,0,Pw00
2675,PG_00005,G_00005,SRB-9000011.001.Pw00_vs_DMSO,-0.5041947395324387,0.11948455031034347,0.48951190520381305,0,Pw00
2677,PG_00006,G_00006,SRB-9000011.001.Pw00_vs_DMSO,2.552919063976587,0.8234347332179286,1.0,0,Pw00
2679,PG_00007,G_00007,SRB-9000011.001.Pw00_vs_DMSO,-0.2973748175227187,0.6512621643421235,1.0,0,Pw00
2681,PG_00008,G_00008,SRB-9000011.001.Pw00_vs_DMSO,1.0311073840298264,0.04499466845572314,0.17422939206974372,1,Pw00
2683,PG_00009,G_00009,SRB-9000011.001.Pw00_vs_DMSO,-1.9945295883653364,0.6048725470891624,1.0,0,Pw00
2685,PG_00010,G_00010,SRB-9000011.001.Pw00_vs_DMSO,0.5476817235424604,0.9519804191219032,1.0,0,Pw00
2687,PG_00011,G_00011,SRB-9000011.001.Pw00_vs_DMSO,3.0715394143623973,0.5079647402213343,0.6151156483384688,0,Pw00
2689,PG_00012,G_00012,SRB-9000011.001.Pw00_vs_DMSO,-0.31630246574238446,0.22527394976852225,0.6103617085702824,0,Pw00
2691,PG_00013,G_00013,SRB-9000011.001.Pw00_vs_DMSO,1.6212027857945532,0.30566192221606997,0.6971383109373768,0,Pw00
2693,PG_00014,G_00014,SRB-9000011.001.Pw00_vs_DMSO,-2.505295094290607,0.22555568442018767,0.2515545763812511,0,Pw00
2695,PG_00015,G_00015,SRB-9000011.001.Pw00_vs_DMSO,0.3858298310561802,0.17723035020690128,0.5683879223330182,0,Pw00
2697,PG_00016,G_00016,SRB-9000011.001.Pw00_vs_DMSO,-0.7847467184967685,0.38175337817145477,0.8218728709078614,0,Pw00
2699,PG_00017,G_00017,SRB-9000011.001.Pw00_vs_DMSO,1.0415760344653455,0.6703431267755953,1.0,0,Pw00
2701,PG_00018,G_00018,SRB-9000011.001.Pw00_vs_DMSO,-0.9764838327029199,0.3597145078989541,1.0,0,Pw00
2703,PG_00019,G_00019,SRB-9000011.001.Pw00_vs_DMSO,0.9841588598367119,0.8914290233699917,1.0,0,Pw00
2705,PG_00020,G_00020,SRB-9000011.001.Pw00_vs_DMSO,1.806973755304555,0.7777545334966323,1.0,0,Pw00
2707,PG_00021,G_00021,SRB-9000011.001.Pw00_vs_DMSO,-0.8204711610395905,0.4450621386057085,1.0,0,Pw00
2709,PG_00022,G_00022,SRB-9000011.001.Pw00_vs_DMSO,0.43635064517793354,0.8258961557755098,1.0,0,Pw00
2711,PG_00023,G_00023,SRB-9000011.001.Pw00_vs_DMSO,1.1328903310430753,0.7729279021657531,1.0,0,Pw00
2713,PG_00024,G_00024,SRB-9000011.001.Pw00_vs_DMSO,0.09474455829120094,0.4880727789537756,1.0,0,Pw00
2715,PG_00025,G_00025,SRB-9000011.001.Pw00_vs_DMSO,-1.1192983904218747,0.7274761892539243,1.0,0,Pw00
2717,PG_00026,G_00026,SRB-9000011.001.Pw00_vs_DMSO,2.3204788666457947,0.05896340254941905,0.19311501649859553,0,Pw00
2719,PG_00027,G_00027,SRB-9000011.001.Pw00_vs_DMSO,0.32222780558317127,0.87043660988292,1.0,0,Pw00
2721,PG_00028,G_00028,SRB-9000011.001.Pw00_vs_DMSO,0.2896661682863383,0.6951628881319988,0.9138699977505115,0,Pw00
2723,PG_00029,G_00029,SRB-9000011.001.Pw00_vs_DMSO,-2.4171895602969906,0.05261688696847621,0.05670912258482358,0,Pw00
2725,PG_00030,G_00030,SRB-9000011.001.Pw00_vs_DMSO,0.6703296069190805,0.855270989849279,1.0,0,Pw00
2727,PG_00031,G_00031,SRB-9000011.001.Pw00_vs_DMSO,0.5489831032324348,0.46329301940589845,1.0,0,Pw00
2729,PG_00032,G_00032,SRB-9000011.001.Pw00_vs_DMSO,1.0254336026953983,0.5347587691520389,1.0,0,Pw00
2731,PG_00033,G_00033,SRB-9000011.001.Pw00_vs_DMSO,-2.423788223328985,0.07198319157380086,0.316492830492826,0,Pw00
2733,PG_00034,G_00034,SRB-9000011.001.Pw00_vs_DMSO,-1.1929388938607814,0.5653905904727627,1.0,0,Pw00
2735,PG_00035,G_00035,SRB-9000011.001.Pw00_vs_DMSO,-0.4101391468327544,0.09035642069819559,0.3813168084491786,0,Pw00
2737,PG_00036,G_00036,SRB-9000011.001.Pw00_vs_DMSO,2.05414178351582,0.43993604367734546,1.0,0,Pw00
2739,PG_00037,G_00037,SRB-9000011.001.Pw00_vs_DMSO,2.076274253998811,0.13543632777016507,0.23510439221295593,0,Pw00
2741,PG_00038,G_00038,SRB-9000011.001.Pw00_vs_DMSO,-0.35632269031514696,0.3385125579718648,1.0,0,Pw00
2743,PG_00039,G_00039,SRB-9000011.001.Pw00_vs_DMSO,0.8753085250863754,0.6572159542735272,1.0,0,Pw00
2745,PG_00040,G_00040,SRB-9000011.001.Pw00_vs_DMSO,2.9791437075496576,0.13407380816315598,0.5898861851327851,0,Pw00
2747,PG_00041,G_00041,SRB-9000011.001.Pw00_vs_DMSO,0.7635566932630742,0.7445725948631027,1.0,0,Pw00
2749,PG_00042,G_00042,SRB-9000011.001.Pw00_vs_DMSO,4.287473953912157,0.08284909025440221,0.27471959218290914,0,Pw00
2751,PG_00043,G_00043,SRB-9000011.001.Pw00_vs_DMSO,1.8695623454199166,0.35128563096477383,1.0,0,Pw00
2753,PG_00044,G_00044,SRB-9000011.001.Pw00_vs_DMSO,-1.1337629183490983,0.8976777686751226,1.0,0,Pw00
2755,PG_00045,G_00045,SRB-9000011.001.Pw00_vs_DMSO,2.1008862189945696,0.14988527055050502,0.43275030292113015,0,Pw00
2757,PG_00046,G_00046,SRB-9000011.001.Pw00_vs_DMSO,0.6872857743295722,0.4929101334203873,1.0,0,Pw00
2759,PG_00047,G_00047,SRB-9000011.001.Pw00_vs_DMSO,2.7880643796951143,0.9624341473030961,1.0,0,Pw00
2761,PG_00048,G_00048,SRB-9000011.001.Pw00_vs_DMSO,-1.8139473373072028,0.7171064549867102,1.0,0,Pw00
2763,PG_00049,G_00049,SRB-9000011.001.Pw00_vs_DMSO,-0.5752191213568207,0.9300720584674292,1.0,0,Pw00
2765,PG_00050,G_00050,SRB-9000011.001.Pw00_vs_DMSO,-0.07937391139121573,0.1949553610569118,0.7911361251255604,0,Pw00
2767,PG_00051,G_00051,SRB-9000011.001.Pw00_vs_DMSO,-0.29128253015264977,0.8234614899886057,1.0,0,Pw00
2769,PG_00052,G_00052,SRB-9000011.001.Pw00_vs_DMSO,-1.7829230864325196,0.542659281693699,1.0,0,Pw00
2771,PG_00053,G_00053,SRB-9000011.001.Pw00_vs_DMSO,-1.414888047969943,0.37844444440671715,0.3984440585151149,0,Pw00
2773,PG_00054,G_00054,SRB-9000011.001.Pw00_vs_DMSO,-1.7815449911944055,0.7566277494143546,1.0,0,Pw00
2775,PG_00055,G_00055,SRB-9000011.001.Pw00_vs_DMSO,-0.7586696390343695,0.08104678132585359,0.24046900929077863,0,Pw00
2777,PG_00056,G_00056,SRB-9000011.001.Pw00_vs_DMSO,-2.5076615672493134,0.2568630390072714,0.42587195658667726,0,Pw00
2779,PG_00057,G_00057,SRB-9000011.001.Pw00_vs_DMSO,0.3947440330090706,0.4961739953681673,1.0,0,Pw00
2781,PG_00058,G_00058,SRB-9000011.001.Pw00_vs_DMSO,1.2340902733955315,0.7373469926986144,1.0,0,Pw00
2783,PG_00059,G_00059,SRB-9000011.001.Pw00_vs_DMSO,-1.146082557085332,0.9411239154098893,1.0,0,Pw00
2785,PG_00000,G_00000,SRB-9000011.001.Pw01_vs_DMSO,2.0087953081538785,0.05649091420108208,0.2434634437811431,0,Pw01
2787,PG_00001,G_00001,SRB-9000011.001.Pw01_vs_DMSO,0.5631396945470677,0.5387945884785814,0.9964180742386742,0,Pw01
2789,PG_00002,G_00002,SRB-9000011.001.Pw01_vs_DMSO,-0.11338455469790987,0.798853903503778,1.0,0,Pw01
2791,PG_00003,G_00003,SRB-9000011.001.Pw01_vs_DMSO,3.7445195332643495,0.14573772617755648,0.5138413601670565,0,Pw01
2793,PG_00004,G_00004,SRB-9000011.001.Pw01_vs_DMSO,0.3072547550921254,0.21404576503472414,0.45097537797079223,0,Pw01
2795,PG_00005,G_00005,SRB-9000011.001.Pw01_vs_DMSO,2.5616734143493334,0.929185935421637,1.0,0,Pw01
2797,PG_00006,G_00006,SRB-9000011.001.Pw01_vs_DMSO,0.2270834972029285,0.6470424904128712,0.9080536698835495,0,Pw01
2799,PG_00007,G_00007,SRB-9000011.001.Pw01_vs_DMSO,-0.9910954794960886,0.9465528520508318,1.0,0,Pw01
2801,PG_00008,G_00008,SRB-9000011.001.Pw01_vs_DMSO,-1.7442342250750582,0.6586183843690374,0.9509745440886647,0,Pw01
2803,PG_00009,G_00009,SRB-9000011.001.Pw01_vs_DMSO,0.6455976542408332,0.8357536251177249,1.0,0,Pw01
2805,PG_00010,G_00010,SRB-9000011.001.Pw01_vs_DMSO,-0.3190554470859545,0.1457974293688487,0.285192245697553,0,Pw01
2807,PG_00011,G_00011,SRB-9000011.001.Pw01_vs_DMSO,0.202899294736324,0.6823399625079454,0.8439257810751417,0,Pw01
2809,PG_00012,G_00012,SRB-9000011.001.Pw01_vs_DMSO,0.6305364411206619,0.020018985378663475,0.02270939558501643,0,Pw01
2811,PG_00013,G_00013,SRB-9000011.001.Pw01_vs_DMSO,-0.6768323814754432,0.762493397365508,1.0,0,Pw01
2813,PG_00014,G_00014,SRB-9000011.001.Pw01_vs_DMSO,-0.9260841685876067,0.20222680894990103,0.9288766261493002,0,Pw01
2815,PG_00015,G_00015,SRB-9000011.001.Pw01_vs_DMSO,2.1817953456738834,0.08897645520984471,0.29429448648243894,0,Pw01
2817,PG_00016,G_00016,SRB-9000011.001.Pw01_vs_DMSO,0.20435514174620803,0.15131756538611538,0.33229416760825625,0,Pw01
2819,PG_00017,G_00017,SRB-9000011.001.Pw01_vs_DMSO,-2.1015182417836176,0.8965139413248752,1.0,0,Pw01
2821,PG_00018,G_00018,SRB-9000011.001.Pw01_vs_DMSO,0.010512407870965156,0.2834202959489109,1.0,0,Pw01
2823,PG_00019,G_00019,SRB-9000011.001.Pw01_vs_DMSO,-0.7456344947734144,0.018786948598228305,0.09159801728379909,0,Pw01
2825,PG_00020,G_00020,SRB-9000011.001.Pw01_vs_DMSO,-0.34807660461994594,0.3290301004218012,1.0,0,Pw01
2827,PG_00021,G_00021,SRB-9000011.001.Pw01_vs_DMSO,-0.776530731742687,0.2706842258134405,0.5869607205031667,0,Pw01
2829,PG_00022,G_00022,SRB-9000011.001.Pw01_vs_DMSO,-1.704735406275566,0.9022623453569509,1.0,0,Pw01
2831,PG_00023,G_00023,SRB-9000011.001.Pw01_vs_DMSO,1.1303777621712139,0.6325727555114778,1.0,0,Pw01
2833,PG_00024,G_00024,SRB-9000011.001.Pw01_vs_DMSO,0.8865565231887987,0.37507220354436055,0.4417641349218083,0,Pw01
2835,PG_00025,G_00025,SRB-9000011.001.Pw01_vs_DMSO,3.7984267961241542,0.7144004125895802,1.0,0,Pw01
2837,PG_00026,G_00026,SRB-9000011.001.Pw01_vs_DMSO,-0.7759304982523045,0.7762913821778069,1.0,0,Pw01
2839,PG_00027,G_00027,SRB-9000011.001.Pw01_vs_DMSO,-0.4848706556055234,0.046186715123442953,0.12261514261136375,0,Pw01
2841,PG_00028,G_00028,SRB-9000011.001.Pw01_vs_DMSO,-0.07131094188125775,0.45961846062444484,1.0,0,Pw01
2843,PG_00029,G_00029,SRB-9000011.001.Pw01_vs_DMSO,0.2604098957838554,0.7559239035270225,1.0,0,Pw01
2845,PG_00030,G_00030,SRB-9000011.001.Pw01_vs_DMSO,-1.607275730445863,0.40985583949445736,1.0,0,Pw01
2847,PG_00031,G_00031,SRB-9000011.001.Pw01_vs_DMSO,0.37813104884222315,0.18207042984995914,0.4229874138684115,0,Pw01
2849,PG_00032,G_00032,SRB-9000011.001.Pw01_vs_DMSO,-0.1635034231732294,0.1916268207838034,0.7488570542012482,0,Pw01
2851,PG_00033,G_00033,SRB-9000011.001.Pw01_vs_DMSO,-1.6032408169147723,0.29596809056375006,0.4988937239387464,0,Pw01
2853,PG_00034,G_00034,SRB-9000011.001.Pw01_vs_DMSO,1.4742081854573392,0.1602582145323228,0.7283255550483573,0,Pw01
2855,PG_00035,G_00035,SRB-9000011.001.Pw01_vs_DMSO,-2.4369337691516626,0.84463545258368,1.0,0,Pw01
2857,PG_00036,G_00036,SRB-9000011.001.Pw01_vs_DMSO,1.0413888960159148,0.03590966308455689,0.16695081965453892,1,Pw01
2859,PG_00037,G_00037,SRB-9000011.001.Pw01_vs_DMSO,0.4992277194197592,0.9650207534186673,1.0,0,Pw01
2861,PG_00038,G_00038,SRB-9000011.001.Pw01_vs_DMSO,4.47065356694236,0.5423471687811934,1.0,0,Pw01
2863,PG_00039,G_00039,SRB-9000011.001.Pw01_vs_DMSO,0.6528023723487492,0.10018804466753753,0.10805504689683543,0,Pw01
2865,PG_00040,G_00040,SRB-9000011.001.Pw01_vs_DMSO,-1.7919107624739476,0.3179042591345884,1.0,0,Pw01
2867,PG_00041,G_00041,SRB-9000011.001.Pw01_vs_DMSO,-0.275384940405612,0.29851157895903674,0.9402265512008754,0,Pw01
2869,PG_00042,G_00042,SRB-9000011.001.Pw01_vs_DMSO,-2.8614321480336224,0.219886051050762,0.5881432519748333,0,Pw01
2871,PG_00043,G_00043,SRB-9000011.001.Pw01_vs_DMSO,0.34133545639151824,0.5018704671956354,0.7557566506300761,0,Pw01
2873,PG_00044,G_00044,SRB-9000011.001.Pw01_vs_DMSO,-2.1132684676833122,0.7671617474367032,1.0,0,Pw01
2875,PG_00045,G_00045,SRB-9000011.001.Pw01_vs_DMSO,-4.628871401261571,0.8603094243974371,1.0,0,Pw01
2877,PG_00046,G_00046,SRB-9000011.001.Pw01_vs_DMSO,1.1528697631828801,0.9792380798192123,1.0,0,Pw01
2879,PG_00047,G_00047,SRB-9000011.001.Pw01_vs_DMSO,2.1602111803138344,0.8378611495202024,1.0,0,Pw01
2881,PG_00048,G_00048,SRB-9000011.001.Pw01_vs_DMSO,-2.3281371704094425,0.849033265520192,1.0,0,Pw01
2883,PG_00049,G_00049,SRB-9000011.001.Pw01_vs_DMSO,-0.9324364480045926,0.014314725051698972,0.024200976935051813,0,Pw01
2885,PG_00050,G_00050,SRB-9000011.001.Pw01_vs_DMSO,-2.8498839925535506,0.253588837618771,1.0,0,Pw01
2887,PG_00051,G_00051,SRB-9000011.001.Pw01_vs_DMSO,0.07766755265366136,0.43548912553039476,1.0,0,Pw01
2889,PG_00052,G_00052,SRB-9000011.001.Pw01_vs_DMSO,2.416674119417236,0.6729634145205655,1.0,0,Pw01
2891,PG_00053,G_00053,SRB-9000011.001.Pw01_vs_DMSO,0.9120863251554536,0.46356980109458534,1.0,0,Pw01
2893,PG_00054,G_00054,SRB-9000011.001.Pw01_vs_DMSO,-0.3412233380640497,0.9557008072996609,1.0,0,Pw01
2895,PG_00055,G_00055,SRB-9000011.001.Pw01_vs_DMSO,0.9120242888964991,0.40941400202892686,0.4381518520116495,0,Pw01
2897,PG_00056,G_00056,SRB-9000011.001.Pw01_vs_DMSO,-1.6309087795009465,0.4532076369168746,1.0,0,Pw01
2899,PG_00057,G_00057,SRB-9000011.001.Pw01_vs_DMSO,3.7008932213144456,0.9888212048413058,1.0,0,Pw01
2901,PG_00058,G_00058,SRB-9000011.001.Pw01_vs_DMSO,-2.270071671503862,0.171130845563653,0.39439464202524066,0,Pw01
2903,PG_00059,G_00059,SRB-9000011.001.Pw01_vs_DMSO,0.01807318556253182,0.8517403767307341,1.0,0,Pw01
