id,uniquecontrast,plate,genes,pg,ms_score,ms_score_percent,activity,association_score,genetic_score,literature_score
26,SRB-9000000.001.Pw00_vs_DMSO,Pw00,G_00000,PG_00000,15.51057592451447,0.9480952019342865,Single (1),0.45432433204817446,0.25307662859330227,0.3662952790598545
28,SRB-9000000.001.Pw00_vs_DMSO,Pw00,G_00001,PG_00001,12.002902981246141,0.2617510527064123,Silent,0.799121455972093,0.5603166944228681,0.7555133630699407
30,SRB-9000000.001.Pw00_vs_DMSO,Pw00,G_00002,PG_00002,10.456737854711374,0.9086078929970499,Low (2-10),0.03230795097460959,0.40401704351348433,0.5990783350461515
32,SRB-9000000.001.Pw00_vs_DMSO,Pw00,G_00003,PG_00003,4.084777199851035,0.3113913208218849,Silent,0.2776770629060139,0.5349768493854603,0.4699668510855508
34,SRB-9000000.001.Pw00_vs_DMSO,Pw00,G_00004,PG_00004,50.49865824894065,0.21053604776210766,Medium (11-25),0.8325759625470681,0.3031100488529316,0.6302030741888225
36,SRB-9000000.001.Pw00_vs_DMSO,Pw00,G_00005,PG_00005,18.507242037568357,0.5653176546379098,Medium (11-25),0.9949325008787272,0.5054077576906073,0.9707855564503722
38,SRB-9000000.001.Pw00_vs_DMSO,Pw00,G_00006,PG_00006,1.1649874212407052,0.4000996334257171,High (>25),0.2638047564278596,0.5863212448255134,0.7553993009005958
40,SRB-9000000.001.Pw00_vs_DMSO,Pw00,G_00007,PG_00007,14.646419212893974,0.46668646583463025,Single (1),0.6676849920792929,0.7493065095007087,0.5950826931607746
42,SRB-9000000.001.Pw00_vs_DMSO,Pw00,G_00008,PG_00008,24.985956124443156,0.1474228551825708,High (>25),0.7960526429055006,0.3552912690982608,0.027648223890777812
44,SRB-9000000.001.Pw00_vs_DMSO,Pw00,G_00009,PG_00009,6.230376367516461,0.23239778990530824,Medium (11-25),0.23961089567654725,0.605683841328409,0.4587464094580297
46,SRB-9000000.001.Pw00_vs_DMSO,Pw00,G_00010,PG_00010,10.29709273318896,0.4518329849704166,Single (1),0.48843000251666,0.539615153442699,0.6119037963775958
48,SRB-9000000.001.Pw00_vs_DMSO,Pw00,G_00011,PG_00011,18.51670532154578,0.9074454958530358,Medium (11-25),0.5684910290345632,0.954930524697643,0.8891942150262614
50,SRB-9000000.001.Pw00_vs_DMSO,Pw00,G_00012,PG_00012,16.587504945032997,0.2242496617782025,High (>25),0.30286592987335736,0.5531972970186675,0.6680023812282657
52,SRB-9000000.001.Pw00_vs_DMSO,Pw00,G_00013,PG_00013,12.50202948858492,0.4943166919819788,Low (2-10),0.3252869416417503,0.39007926925614544,0.9802145418491998
54,SRB-9000000.001.Pw00_vs_DMSO,Pw00,G_00014,PG_00014,5.273623826229318,0.2932354212813836,Medium (11-25),0.49070773354197494,0.8192879161386839,0.898691945151877
56,SRB-9000000.001.Pw00_vs_DMSO,Pw00,G_00015,PG_00015,10.23694026994949,0.5717557019593288,High (>25),0.8082449710158315,0.2161332917662473,0.6404435427260339
58,SRB-9000000.001.Pw00_vs_DMSO,Pw00,G_00016,PG_00016,10.006057859420459,0.455995861645091,Single (1),0.05416074535238713,0.8855933765157984,0.007100138548846835
60,SRB-9000000.001.Pw00_vs_DMSO,Pw00,G_00017,PG_00017,2.8081960600814577,0.5868184690845721,Single (1),0.5140950928249927,0.48815313695012397,0.41459235744126754
62,SRB-9000000.001.Pw00_vs_DMSO,Pw00,G_00018,PG_00018,21.2546684223974,0.26158384004366997,High (>25),0.676472709192367,0.3106025988038049,0.4793572941029892
64,SRB-9000000.001.Pw00_vs_DMSO,Pw00,G_00019,PG_00019,0.20259694476639462,0.4551178603064714,Low (2-10),0.018253508215863468,0.283738513013459,0.021633098354995828
66,SRB-9000000.001.Pw00_vs_DMSO,Pw00,G_00020,PG_00020,4.181455830840951,0.26938687834296715,Medium (11-25),0.00589432619189767,0.9312190024808855,0.29917343299005383
68,SRB-9000000.001.Pw00_vs_DMSO,Pw00,G_00021,PG_00021,43.34797969112506,0.9506641371318882,Low (2-10),0.6072963694131809,0.6601890996514349,0.5464935086982716
70,SRB-9000000.001.Pw00_vs_DMSO,Pw00,G_00022,PG_00022,15.701151413797746,0.09762068619064845,Silent,0.4178175795017929,0.24285191345453272,0.5169584056705673
72,SRB-9000000.001.Pw00_vs_DMSO,Pw00,G_00023,PG_00023,12.528238798062807,0.8650223072314862,Single (1),0.3594089463397956,0.9895214527065097,0.46478181904410665
74,SRB-9000000.001.Pw00_vs_DMSO,Pw00,G_00024,PG_00024,31.76601862341505,0.4867399635935574,Silent,0.6243694178402193,0.17935334882239518,0.10434025490665855
76,SRB-9000000.001.Pw00_vs_DMSO,Pw00,G_00025,PG_00025,0.6798555981055385,0.10814525478647741,Medium (11-25),0.41055799029520057,0.49959962377450406,0.7819274666052072
78,SRB-9000000.001.Pw00_vs_DMSO,Pw00,G_00026,PG_00026,7.583110502982029,0.17646750976713022,Single (1),0.8573905254193043,0.17169651274159703,0.4847970909808371
80,SRB-9000000.001.Pw00_vs_DMSO,Pw00,G_00027,PG_00027,26.914078537242098,0.8968930184616697,High (>25),0.4972391461440586,0.8550150045806657,0.45593238731915764
82,SRB-9000000.001.Pw00_vs_DMSO,Pw00,G_00028,PG_00028,2.419681358922758,0.6194651880187729,Single (1),0.8826485888163224,0.5652086479034785,0.6419539290424137
84,SRB-9000000.001.Pw00_vs_DMSO,Pw00,G_00029,PG_00029,6.684577780932524,0.827402534808662,Medium (11-25),0.9969776471704295,0.4102414195980131,0.6988697889556047
86,SRB-9000000.001.Pw00_vs_DMSO,Pw00,G_00030,PG_00030,2.538124392412198,0.30093689960625014,Silent,0.897569107640113,0.2697745229439248,0.7101107377811492
88,SRB-9000000.001.Pw00_vs_DMSO,Pw00,G_00031,PG_00031,18.487666454789377,0.899509237080786,Single (1),0.3887528764677357,0.11443144884766554,0.7101469080962525
90,SRB-9000000.001.Pw00_vs_DMSO,Pw00,G_00032,PG_00032,10.608683695765142,0.6812627188957627,High (>25),0.5694127561233447,0.32200620084566134,0.3749928051054926
92,SRB-9000000.001.Pw00_vs_DMSO,Pw00,G_00033,PG_00033,185.07088277388937,0.36470451543763116,Silent,0.16522624443797707,0.3930769151894391,0.8545981281177918
94,SRB-9000000.001.Pw00_vs_DMSO,Pw00,G_00034,PG_00034,20.56312291282268,0.365242925487126,Medium (11-25),0.7388716252531844,0.8000617207681074,0.031197384225134517
96,SRB-9000000.001.Pw00_vs_DMSO,Pw00,G_00035,PG_00035,4.314360532726232,0.5549059430115884,Silent,0.9388658209828763,0.7600761635610868,0.18634497322715715
98,SRB-9000000.001.Pw00_vs_DMSO,Pw00,G_00036,PG_00036,10.381534366921795,0.8968430873753318,Single (1),0.204068255281858,0.7915798150342399,0.7061839776425234
100,SRB-9000000.001.Pw00_vs_DMSO,Pw00,G_00037,PG_00037,4.32850765192739,0.2766692195186733,Silent,0.3913778621726912,0.06485563441731546,0.4669360586972261
102,SRB-9000000.001.Pw00_vs_DMSO,Pw00,G_00038,PG_00038,67.3676073227079,0.025666963847431168,High (>25),0.14354286300560426,0.8269712752973627,0.0022046628876259966
104,SRB-9000000.001.Pw00_vs_DMSO,Pw00,G_00039,PG_00039,23.25824101875049,0.4416636031379939,Low (2-10),0.2720910451805134,0.7453956446239636,0.4205806009242917
106,SRB-9000000.001.Pw00_vs_DMSO,Pw00,G_00040,PG_00040,7.317159503829795,0.42384659373383793,Silent,0.8127997883288284,0.9948905487580122,0.29499144619370565
108,SRB-9000000.001.Pw00_vs_DMSO,Pw00,G_00041,PG_00041,159.42993431265484,0.4002169407979532,Silent,0.349624405308782,0.3529996621803133,0.9921791377679438
110,SRB-9000000.001.Pw00_vs_DMSO,Pw00,G_00042,PG_00042,8.239025085051235,0.596306243391731,Silent,0.48632960692490546,0.9897444920863983,0.9977164680169052
112,SRB-9000000.001.Pw00_vs_DMSO,Pw00,G_00043,PG_00043,11.956613571138218,0.3786628035564552,High (>25),0.4491939954018769,0.0019224514208484589,0.20038908891196994
114,SRB-9000000.001.Pw00_vs_DMSO,Pw00,G_00044,PG_00044,23.440263663500637,0.8633230368344608,Low (2-10),0.8243768917653337,0.4304080856016783,0.2560217421707278
116,SRB-9000000.001.Pw00_vs_DMSO,Pw00,G_00045,PG_00045,0.9775904357188554,0.0224234889596725,High (>25),0.1200013581611622,0.7915309784704542,0.023060380706564243
118,SRB-9000000.001.Pw00_vs_DMSO,Pw00,G_00046,PG_00046,12.413168249954534,0.1847214273514478,High (>25),0.1598418083187203,0.7452360169971262,0.6976809270750214
120,SRB-9000000.001.Pw00_vs_DMSO,Pw00,G_00047,PG_00047,5.186864494632339,0.09857263231988711,Silent,0.862431790863209,0.2966256928883342,0.06102171166942505
122,SRB-9000000.001.Pw00_vs_DMSO,Pw00,G_00048,PG_00048,1.5494302930717776,0.47339878546567715,Silent,0.27003334118280997,0.5400849733680404,0.9716923914624576
124,SRB-9000000.001.Pw00_vs_DMSO,Pw00,G_00049,PG_00049,0.7371300275297547,0.805000352076952,Silent,0.3177770871323946,0.6932150777897714,0.3670635077629223
126,SRB-9000000.001.Pw00_vs_DMSO,Pw00,G_00050,PG_00050,5.377366333770126,0.24881246108557742,High (>25),0.9312009150284576,0.20206174656954867,0.5577083764275993
128,SRB-9000000.001.Pw00_vs_DMSO,Pw00,G_00051,PG_00051,12.79319328254686,0.9856096356473186,Silent,0.41583643545305216,0.739526639956651,0.40125865821656426
130,SRB-9000000.001.Pw00_vs_DMSO,Pw00,G_00052,PG_00052,21.56496482755877,0.35951251350994273,Low (2-10),0.2933505204347375,0.5036061035846451,0.08795646107330746
132,SRB-9000000.001.Pw00_vs_DMSO,Pw00,G_00053,PG_00053,14.117803649701615,0.2623568321060742,Medium (11-25),0.045327038140534626,0.2006925556795911,0.22692909713856946
134,SRB-9000000.001.Pw00_vs_DMSO,Pw00,G_00054,PG_00054,21.871548893444853,0.07882526147186264,Single (1),0.4669828322314201,0.6128078515024622,0.39916340321544985
136,SRB-9000000.001.Pw00_vs_DMSO,Pw00,G_00055,PG_00055,3.1962588283904623,0.38078786510595275,Medium (11-25),0.5564840060585797,0.6775479155950644,0.6623641347214129
138,SRB-9000000.001.Pw00_vs_DMSO,Pw00,G_00056,PG_00056,111.129131836369,0.11978729127621146,Silent,0.3820207702955154,0.7578136156359824,0.4080112454547391
140,SRB-9000000.001.Pw00_vs_DMSO,Pw00,G_00057,PG_00057,0.4698066495670242,0.7424648159635354,High (>25),0.41736725303536704,0.7687851817300728,0.9605753862126916
142,SRB-9000000.001.Pw00_vs_DMSO,Pw00,G_00058,PG_00058,1.9249845269669017,0.5337859238808118,Single (1),0.8629752577097903,0.6295050982156436,0.6174014361389156
144,SRB-9000000.001.Pw00_vs_DMSO,Pw00,G_00059,PG_00059,2.653037679391089,0.06363292603616866,Silent,0.87125452030221,0.05887886201293269,0.10989665323408859
146,SRB-9000000.001.Pw01_vs_DMSO,Pw01,G_00000,PG_00000,13.255030896992222,0.3532741594165888,Silent,0.731403512941887,0.779181358284398,0.35936626545875683
148,SRB-9000000.001.Pw01_vs_DMSO,Pw01,G_00001,PG_00001,8.003502808439936,0.15097101879910513,High (>25),0.5124633012029939,0.4460464369694127,0.5575889867232328
150,SRB-9000000.001.Pw01_vs_DMSO,Pw01,G_00002,PG_00002,16.700384012566914,0.06295007589917168,High (>25),0.083281507750404,0.4053645922781334,0.5925797031087421
152,SRB-9000000.001.Pw01_vs_DMSO,Pw01,G_00003,PG_00003,29.539951772549745,0.9558725018944885,High (>25),0.0046286287203036736,0.5111303231301223,0.014019656178286155
154,SRB-9000000.001.Pw01_vs_DMSO,Pw01,G_00004,PG_00004,7.027230793148134,0.4215156992922314,Silent,0.3463893030650803,0.68159546075494,0.6041561033901817
156,SRB-9000000.001.Pw01_vs_DMSO,Pw01,G_00005,PG_00005,4.929387546421775,0.1673846653176415,High (>25),0.927651437321532,0.5417638726536517,0.06911958338066815
158,SRB-9000000.001.Pw01_vs_DMSO,Pw01,G_00006,PG_00006,9.109238656534034,0.2905814555909939,High (>25),0.2653477321591806,0.8007327578794755,0.7737654865630731
160,SRB-9000000.001.Pw01_vs_DMSO,Pw01,G_00007,PG_00007,1.9608651533387182,0.7513903205525527,Low (2-10),0.12654001209556276,0.35815435091223835,0.5581683578049428
162,SRB-9000000.001.Pw01_vs_DMSO,Pw01,G_00008,PG_00008,12.564741864006532,0.10861405080280973,Silent,0.7342031495731071,0.33354847541915145,0.3140189717599018
164,SRB-9000000.001.Pw01_vs_DMSO,Pw01,G_00009,PG_00009,10.987938646078593,0.398355338674516,High (>25),0.21983228298362356,0.28405771651858014,0.9908652432902281
166,SRB-9000000.001.Pw01_vs_DMSO,Pw01,G_00010,PG_00010,2.772108796989538,0.07233294439744786,Single (1),0.00393434596361919,0.4798802394212528,0.40116029911596884
168,SRB-9000000.001.Pw01_vs_DMSO,Pw01,G_00011,PG_00011,20.912092933927475,0.9067671691316438,Medium (11-25),0.6959307370069027,0.8780994417165575,0.21491826233644418
170,SRB-9000000.001.Pw01_vs_DMSO,Pw01,G_00012,PG_00012,19.58002107687146,0.13474679850538085,Single (1),0.3584985819465264,0.3368185454550363,0.11804684189550851
172,SRB-9000000.001.Pw01_vs_DMSO,Pw01,G_00013,PG_00013,0.43024960531533996,0.14884064474714842,Single (1),0.042777288153205695,0.43032476399879305,0.21015687288256146
174,SRB-9000000.001.Pw01_vs_DMSO,Pw01,G_00014,PG_00014,28.501574273328302,0.3146453080082927,Low (2-10),0.006812737551841863,0.572589334178824,0.14900386546387878
176,SRB-9000000.001.Pw01_vs_DMSO,Pw01,G_00015,PG_00015,38.959300987237725,0.5271022445148185,Single (1),0.19276244477631932,0.620398220156236,0.6607337478205019
178,SRB-9000000.001.Pw01_vs_DMSO,Pw01,G_00016,PG_00016,1.2553683451288902,0.3916133265029458,Low (2-10),0.6249954300206034,0.13860981149409723,0.8200450657930504
180,SRB-9000000.001.Pw01_vs_DMSO,Pw01,G_00017,PG_00017,10.01463809471804,0.5633149279706655,Single (1),0.5981464127889219,0.2557725620132405,0.41919628999576763
182,SRB-9000000.001.Pw01_vs_DMSO,Pw01,G_00018,PG_00018,19.200393940663982,0.5480428631153262,Medium (11-25),0.2309314561952166,0.22019872338421298,0.9793734994442016
184,SRB-9000000.001.Pw01_vs_DMSO,Pw01,G_00019,PG_00019,9.74337113670978,0.9014602879267752,Silent,0.2496348658646147,0.5713042419333287,0.42151618038822836
186,SRB-9000000.001.Pw01_vs_DMSO,Pw01,G_00020,PG_00020,6.43751408523698,0.6118649175752462,High (>25),0.004668397869428076,0.9633437267233587,0.43053642897005373
188,SRB-9000000.001.Pw01_vs_DMSO,Pw01,G_00021,PG_00021,45.38618484397726,0.28825100539578563,Single (1),0.6103737264080392,0.6278530122747289,0.6671606127787495
190,SRB-9000000.001.Pw01_vs_DMSO,Pw01,G_00022,PG_00022,1.76821376014579,0.2808301526122875,Single (1),0.17849667888979215,0.8923541097209851,0.29230520419804695
192,SRB-9000000.001.Pw01_vs_DMSO,Pw01,G_00023,PG_00023,13.55335604929487,0.15092562322510528,Silent,0.7933540145200136,0.7771982727059349,0.8298050544584449
194,SRB-9000000.001.Pw01_vs_DMSO,Pw01,G_00024,PG_00024,6.451757748080292,0.2329811116338466,Single (1),0.20367794007184692,0.3703173933927064,0.8061068751214423
196,SRB-9000000.001.Pw01_vs_DMSO,Pw01,G_00025,PG_00025,0.9300597467590215,0.6702129834229774,Single (1),0.9807778395124015,0.7074045788637406,0.834719282663761
198,SRB-9000000.001.Pw01_vs_DMSO,Pw01,G_00026,PG_00026,10.936379234018373,0.8720168440116135,Medium (11-25),0.28039066077858055,0.043356319610408534,0.7618947112136385
200,SRB-9000000.001.Pw01_vs_DMSO,Pw01,G_00027,PG_00027,0.05767849514148053,0.6149472338548695,Single (1),0.4360802125461929,0.026664488074428117,0.6314026423102859
202,SRB-9000000.001.Pw01_vs_DMSO,Pw01,G_00028,PG_00028,14.86651057494825,0.07787495346847895,Single (1),0.6997184112809727,0.6602593110010335,0.2279641952022472
204,SRB-9000000.001.Pw01_vs_DMSO,Pw01,G_00029,PG_00029,0.025599807990176422,0.42377839720608734,Low (2-10),0.18794390194084565,0.8401591313347878,0.2277812378421925
206,SRB-9000000.001.Pw01_vs_DMSO,Pw01,G_00030,PG_00030,4.744950450094237,0.34936741634667157,Medium (11-25),0.6243668363315519,0.6084930932686532,0.16963166875039593
208,SRB-9000000.001.Pw01_vs_DMSO,Pw01,G_00031,PG_00031,0.8960623883364119,0.7211078287919276,Silent,0.22009263738182605,0.7059638243838087,0.2740205470221617
210,SRB-9000000.001.Pw01_vs_DMSO,Pw01,G_00032,PG_00032,15.995154423823239,0.062217147402334416,Low (2-10),0.9666166163831559,0.5118719960605003,0.8831047232571901
212,SRB-9000000.001.Pw01_vs_DMSO,Pw01,G_00033,PG_00033,3.0175639489027373,0.8209120844327457,Silent,0.46616610185650387,0.9906344971951372,0.8312222274670011
214,SRB-9000000.001.Pw01_vs_DMSO,Pw01,G_00034,PG_00034,3.8533420723125604,0.9189892773259724,Low (2-10),0.5682833631734234,0.9909859303605887,0.37145815406167193
216,SRB-9000000.001.Pw01_vs_DMSO,Pw01,G_00035,PG_00035,9.805776684188213,0.7496626828841377,Medium (11-25),0.49281702461317434,0.8002368572100642,0.6237656984926017
218,SRB-9000000.001.Pw01_vs_DMSO,Pw01,G_00036,PG_00036,31.183447792967673,0.9174719627226621,Low (2-10),0.7677806880222064,0.965060402805691,0.37598369156871336
220,SRB-9000000.001.Pw01_vs_DMSO,Pw01,G_00037,PG_00037,167.8691603373506,0.7173176408078301,High (>25),0.21700234652327033,0.193280607666396,0.44441314873856863
222,SRB-9000000.001.Pw01_vs_DMSO,Pw01,G_00038,PG_00038,4.807129258233302,0.9444812496259114,Silent,0.36093890730523515,0.8453868479725579,0.24355815380381995
224,SRB-9000000.001.Pw01_vs_DMSO,Pw01,G_00039,PG_00039,6.691150147896707,0.08873209669621052,Low (2-10),0.5016819571522766,0.508307762059363,0.6871208842968387
226,SRB-9000000.001.Pw01_vs_DMSO,Pw01,G_00040,PG_00040,14.102558401581643,0.5779747284355541,Medium (11-25),0.5299232784466523,0.8722187697580215,0.16292838405606846
228,SRB-9000000.001.Pw01_vs_DMSO,Pw01,G_00041,PG_00041,4.647234931839707,0.9060490573203482,High (>25),0.3686193577135274,0.8786245729023153,0.9501695204586144
230,SRB-9000000.001.Pw01_vs_DMSO,Pw01,G_00042,PG_00042,7.878412304675683,0.8576744143762052,High (>25),0.7766256834062133,0.22210119719091637,0.13058216388539656
232,SRB-9000000.001.Pw01_vs_DMSO,Pw01,G_00043,PG_00043,0.3307754937364236,0.5903040313650945,Medium (11-25),0.07878167713188233,0.9187513065918059,0.8224801171085788
234,SRB-9000000.001.Pw01_vs_DMSO,Pw01,G_00044,PG_00044,28.72919570398001,0.8125129011356013,High (>25),0.8497720685427715,0.37454189956064965,0.3229953046036498
236,SRB-9000000.001.Pw01_vs_DMSO,Pw01,G_00045,PG_00045,12.545902693379926,0.21863053400260812,Silent,0.30507569335169205,0.37967080492654737,0.2242119291364454
238,SRB-9000000.001.Pw01_vs_DMSO,Pw01,G_00046,PG_00046,27.038938363986297,0.7021982102001898,Medium (11-25),0.6755146495166229,0.32919003539240255,0.6395506297592021
240,SRB-9000000.001.Pw01_vs_DMSO,Pw01,G_00047,PG_00047,186.54966693608048,0.39138304573629745,High (>25),0.13812700828506863,0.8641636449273401,0.9499516118971303
242,SRB-9000000.001.Pw01_vs_DMSO,Pw01,G_00048,PG_00048,5.198570115809408,0.9603287374248303,Single (1),0.7354834889618224,0.2519587556564581,0.013605580608370915
244,SRB-9000000.001.Pw01_vs_DMSO,Pw01,G_00049,PG_00049,15.744180416302122,0.35973133467399554,High (>25),0.9692169233531818,0.6968212143910839,0.406562199724949
246,SRB-9000000.001.Pw01_vs_DMSO,Pw01,G_00050,PG_00050,25.68857478311133,0.5966988167745215,Medium (11-25),0.4726980311305664,0.3474026638901725,0.036660279392212836
248,SRB-9000000.001.Pw01_vs_DMSO,Pw01,G_00051,PG_00051,4.3752153299390155,0.3773078892552133,Single (1),0.42560352383303546,0.24796425866881788,0.5163986428702974
250,SRB-9000000.001.Pw01_vs_DMSO,Pw01,G_00052,PG_00052,7.0151225596683195,0.5762330166669902,High (>25),0.10228545465323324,0.4552008797386271,0.02875194330304165
252,SRB-9000000.001.Pw01_vs_DMSO,Pw01,G_00053,PG_00053,31.477455293995156,0.568564158234168,Low (2-10),0.3140643228427219,0.9442366891930308,0.827483217089231
254,SRB-9000000.001.Pw01_vs_DMSO,Pw01,G_00054,PG_00054,19.24995469126586,0.830864295553221,Silent,0.5608290963711823,0.21425274334094746,0.6110085683451856
256,SRB-9000000.001.Pw01_vs_DMSO,Pw01,G_00055,PG_00055,2.6970279325909114,0.5914259394114715,Single (1),0.30783925982430016,0.2380803821902947,0.6222598618621668
258,SRB-9000000.001.Pw01_vs_DMSO,Pw01,G_00056,PG_00056,150.99059626222916,0.38782829002546215,High (>25),0.8037636362191561,0.15171956696008815,0.35660395016129287
260,SRB-9000000.001.Pw01_vs_DMSO,Pw01,G_00057,PG_00057,4.2072523174940475,0.14847189316515952,Medium (11-25),0.5600990317122796,0.24787803596589464,0.4094288640150313
262,SRB-9000000.001.Pw01_vs_DMSO,Pw01,G_00058,PG_00058,14.25875070760613,0.4025585483934573,Silent,0.10231522596827425,0.4168432557763573,0.8737301062345295
264,SRB-9000000.001.Pw01_vs_DMSO,Pw01,G_00059,PG_00059,2.158062449874598,0.33241114474862665,High (>25),0.9070319913200003,0.4599392328510665,0.7116616100477151
266,SRB-9000001.001.Pw00_vs_DMSO,Pw00,G_00000,PG_00000,2.557353888828563,0.741771542700097,Low (2-10),0.0005309992675163189,0.7362265837041841,0.8796829434012206
268,SRB-9000001.001.Pw00_vs_DMSO,Pw00,G_00001,PG_00001,3.962865561119234,0.169006196217389,Medium (11-25),0.6810662758454318,0.7160750685318998,0.7988636047074075
270,SRB-9000001.001.Pw00_vs_DMSO,Pw00,G_00002,PG_00002,35.62262679832265,0.5643629339321055,Single (1),0.1450357151824141,0.8360240928852206,0.3992694250146481
272,SRB-9000001.001.Pw00_vs_DMSO,Pw00,G_00003,PG_00003,28.79361671703419,0.043271434408369114,Single (1),0.5293521147916658,0.3887312619199893,0.7842315615456054
274,SRB-9000001.001.Pw00_vs_DMSO,Pw00,G_00004,PG_00004,27.80269917858512,0.6426704549623125,Medium (11-25),0.4427417676861555,0.7358837837561562,0.19506591522394334
276,SRB-9000001.001.Pw00_vs_DMSO,Pw00,G_00005,PG_00005,0.3544595494403713,0.5210996912431186,High (>25),0.5372393920324078,0.27225420226191255,0.9151085550502974
278,SRB-9000001.001.Pw00_vs_DMSO,Pw00,G_00006,PG_00006,24.56950621037682,0.9854042597707567,Medium (11-25),0.461173705859117,0.2992079183411128,0.9569359996554906
280,SRB-9000001.001.Pw00_vs_DMSO,Pw00,G_00007,PG_00007,0.6572326755230161,0.980421859088718,Low (2-10),0.9072713645934767,0.5337149418039627,0.22420846667299055
282,SRB-9000001.001.Pw00_vs_DMSO,Pw00,G_00008,PG_00008,5.271621179123644,0.5056209374161016,Low (2-10),0.14640003245597166,0.37699892638617494,0.3258270310152699
284,SRB-9000001.001.Pw00_vs_DMSO,Pw00,G_00009,PG_00009,5.365512753980955,0.26136174266459433,Medium (11-25),0.2051049593441987,0.49006728260000876,0.5692417781406253
286,SRB-9000001.001.Pw00_vs_DMSO,Pw00,G_00010,PG_00010,1.58382930327359,0.12134323261254287,Medium (11-25),0.9664033930397384,0.35302883074961344,0.9468656811987218
288,SRB-9000001.001.Pw00_vs_DMSO,Pw00,G_00011,PG_00011,18.894027964734665,0.6960579822435445,High (>25),0.38927835082407125,0.32813930437344163,0.8389766571071836
290,SRB-9000001.001.Pw00_vs_DMSO,Pw00,G_00012,PG_00012,0.040881341621627834,0.9529104099598851,Medium (11-25),0.49730382559615793,0.7260701948928149,0.9181028279428175
292,SRB-9000001.001.Pw00_vs_DMSO,Pw00,G_00013,PG_00013,13.408802109026686,0.07387917241502628,Single (1),0.6569287497652819,0.04961345600545275,0.47207966523199896
294,SRB-9000001.001.Pw00_vs_DMSO,Pw00,G_00014,PG_00014,52.64588801695888,0.6466065222348342,Low (2-10),0.5061571324490824,0.178934008819721,0.4555870092372387
296,SRB-9000001.001.Pw00_vs_DMSO,Pw00,G_00015,PG_00015,2.0583115857211602,0.6558764502592851,Medium (11-25),0.7630961849992008,0.040231226894584915,0.24422907723507592
298,SRB-9000001.001.Pw00_vs_DMSO,Pw00,G_00016,PG_00016,20.707679012377415,0.4096738035303056,Single (1),0.7551527959379697,0.7778014531324988,0.1051977691676681
300,SRB-9000001.001.Pw00_vs_DMSO,Pw00,G_00017,PG_00017,20.086212428588976,0.4831087509913681,Single (1),0.9210196734516412,0.126152050041632,0.22752301185581414
302,SRB-9000001.001.Pw00_vs_DMSO,Pw00,G_00018,PG_00018,11.007015790336894,0.30314676887640335,Low (2-10),0.7512095770142658,0.20978382962676034,0.1812987353183826
304,SRB-9000001.001.Pw00_vs_DMSO,Pw00,G_00019,PG_00019,16.056433068411387,0.6360235918345635,Silent,0.7353692010009227,0.5500806191745345,0.3616208593258905
306,SRB-9000001.001.Pw00_vs_DMSO,Pw00,G_00020,PG_00020,6.880641693818836,0.5792065265464768,Medium (11-25),0.20648214321813696,0.9247550420335308,0.41744071822250617
308,SRB-9000001.001.Pw00_vs_DMSO,Pw00,G_00021,PG_00021,16.668405732066088,0.7158253985556997,Silent,0.10553747687788728,0.8239839181597253,0.8886758465271241
310,SRB-9000001.001.Pw00_vs_DMSO,Pw00,G_00022,PG_00022,3.949909863982673,0.014053663616955037,Single (1),0.551748136629253,0.24647624414507652,0.40314971621773843
312,SRB-9000001.001.Pw00_vs_DMSO,Pw00,G_00023,PG_00023,8.124395149868048,0.9908478536408436,High (>25),0.5369433426741458,0.6566996313933685,0.40741314052896027
314,SRB-9000001.001.Pw00_vs_DMSO,Pw00,G_00024,PG_00024,8.433241963553776,0.9197844280733696,Silent,0.1898920311960588,0.3145970981209115,0.5835564238976793
316,SRB-9000001.001.Pw00_vs_DMSO,Pw00,G_00025,PG_00025,2.4439162053287684,0.7476986098252086,Silent,0.18246688824577195,0.32310974724207764,0.8078607930755637
318,SRB-9000001.001.Pw00_vs_DMSO,Pw00,G_00026,PG_00026,7.049213116065424,0.515247582322138,Single (1),0.7468252505100241,0.3242810456109143,0.40181209241235594
320,SRB-9000001.001.Pw00_vs_DMSO,Pw00,G_00027,PG_00027,9.038676130521145,0.666762480383023,Low (2-10),0.6448509616598347,0.5069423756216518,0.04945194968066058
322,SRB-9000001.001.Pw00_vs_DMSO,Pw00,G_00028,PG_00028,10.139888842865927,0.6069445271168453,Medium (11-25),0.5253024111606164,0.2120152272166561,0.43666328085376194
324,SRB-9000001.001.Pw00_vs_DMSO,Pw00,G_00029,PG_00029,7.262469608422634,0.1288926150473615,Single (1),0.7277067380422942,0.2853817732190119,0.8212024274729646
326,SRB-9000001.001.Pw00_vs_DMSO,Pw00,G_00030,PG_00030,191.95262932306628,0.13023971878620355,Silent,0.5821996824266022,0.7299578795717818,0.4731255312364996
328,SRB-9000001.001.Pw00_vs_DMSO,Pw00,G_00031,PG_00031,7.51778892390506,0.6096156075979668,Medium (11-25),0.37580866465825236,0.2943645305870072,0.7929307124874394
330,SRB-9000001.001.Pw00_vs_DMSO,Pw00,G_00032,PG_00032,8.501856743233022,0.26780601251774017,Low (2-10),0.23768916435529552,0.5226643398376383,0.7956361533703914
332,SRB-9000001.001.Pw00_vs_DMSO,Pw00,G_00033,PG_00033,6.954514496926363,0.9676043988352805,Low (2-10),0.2183386603114319,0.04865389352778504,0.5842516521806009
334,SRB-9000001.001.Pw00_vs_DMSO,Pw00,G_00034,PG_00034,7.0945148370697595,0.663371444588777,Low (2-10),0.8662593503506555,0.5912694780306349,0.5303250732450665
336,SRB-9000001.001.Pw00_vs_DMSO,Pw00,G_00035,PG_00035,4.654515482000925,0.5755048907491884,Medium (11-25),0.6227825155830913,0.16635562787515545,0.0014349967785685092
338,SRB-9000001.001.Pw00_vs_DMSO,Pw00,G_00036,PG_00036,0.3478244326914978,0.06102852470813158,Medium (11-25),0.7702866912399761,0.7717007846021697,0.38932727733249417
340,SRB-9000001.001.Pw00_vs_DMSO,Pw00,G_00037,PG_00037,1.9391017486851814,0.8378049670891387,High (>25),0.9387384759220809,0.18635644682424102,0.5451108144031286
342,SRB-9000001.001.Pw00_vs_DMSO,Pw00,G_00038,PG_00038,13.138473804310154,0.6465982628903617,High (>25),0.823206469420876,0.8716289086234157,0.18797146789093333
344,SRB-9000001.001.Pw00_vs_DMSO,Pw00,G_00039,PG_00039,0.5477087525281488,0.3436622996102251,Silent,0.7183000907099089,0.5294630116762141,0.08196783282049214
346,SRB-9000001.001.Pw00_vs_DMSO,Pw00,G_00040,PG_00040,2.988591924932682,0.8357513338300799,High (>25),0.8674626980034811,0.1686499704844865,0.9186349011049884
348,SRB-9000001.001.Pw00_vs_DMSO,Pw00,G_00041,PG_00041,3.3685699282174797,0.5569685785268432,Silent,0.7263861603967325,0.27948192365033175,0.6439889945204004
350,SRB-9000001.001.Pw00_vs_DMSO,Pw00,G_00042,PG_00042,7.111789824873183,0.48309034700170117,High (>25),0.38020289307934885,0.8138784659433366,0.8495916552982686
352,SRB-9000001.001.Pw00_vs_DMSO,Pw00,G_00043,PG_00043,20.21761993870263,0.9995780826592148,Single (1),0.16173206853795563,0.42940431829734405,0.9456017914223663
354,SRB-9000001.001.Pw00_vs_DMSO,Pw00,G_00044,PG_00044,17.45127444440691,0.1266263806732172,Silent,0.645443482369406,0.6583676294828265,0.5479475557454307
356,SRB-9000001.001.Pw00_vs_DMSO,Pw00,G_00045,PG_00045,54.00859724707184,0.17639678511370982,Low (2-10),0.9645994561342762,0.09187790833999776,0.03233307455078416
358,SRB-9000001.001.Pw00_vs_DMSO,Pw00,G_00046,PG_00046,4.7975107744365,0.09651055030937927,Single (1),0.44955092660851015,0.7725018555694173,0.7391984619463755
360,SRB-9000001.001.Pw00_vs_DMSO,Pw00,G_00047,PG_00047,0.7591865718411628,0.8708698844675359,Medium (11-25),0.9833098367203406,0.9475301841038398,0.6536546225672399
362,SRB-9000001.001.Pw00_vs_DMSO,Pw00,G_00048,PG_00048,11.153980722771312,0.562406891196043,High (>25),0.5682505708485005,0.8884574258924404,0.656591482662758
364,SRB-9000001.001.Pw00_vs_DMSO,Pw00,G_00049,PG_00049,6.215242040615154,0.6239227392891736,Medium (11-25),0.6251728699056605,0.2589757714775447,0.769415578066131
366,SRB-9000001.001.Pw00_vs_DMSO,Pw00,G_00050,PG_00050,9.162334753096436,0.036964035792162675,High (>25),0.7830895633466147,0.5872823530660535,0.5062927016983357
368,SRB-9000001.001.Pw00_vs_DMSO,Pw00,G_00051,PG_00051,1.8245390891687516,0.5108067887368786,Medium (11-25),0.1641605341479726,0.9733640992895224,0.3426752588643627
370,SRB-9000001.001.Pw00_vs_DMSO,Pw00,G_00052,PG_00052,39.508040040637184,0.35582112010824674,High (>25),0.8305121916525998,0.5619447636054093,0.7686035081871891
372,SRB-9000001.001.Pw00_vs_DMSO,Pw00,G_00053,PG_00053,6.216489615028127,0.22420335653983448,Medium (11-25),0.737243210030785,0.5688626167024623,0.33847362176343554
374,SRB-9000001.001.Pw00_vs_DMSO,Pw00,G_00054,PG_00054,3.6791754513429287,0.8644303795830934,Single (1),0.2569157166251159,0.3633066862066445,0.3618445748855488
376,SRB-9000001.001.Pw00_vs_DMSO,Pw00,G_00055,PG_00055,25.905340324235507,0.4793166155411309,Low (2-10),0.07384135086694121,0.4285321110200867,0.5215653651143264
378,SRB-9000001.001.Pw00_vs_DMSO,Pw00,G_00056,PG_00056,18.396199928981886,0.9854246708798303,Single (1),0.511889822350491,0.24221586044373689,0.13164697373304302
380,SRB-9000001.001.Pw00_vs_DMSO,Pw00,G_00057,PG_00057,1.826911107258517,0.10760863060115189,Single (1),0.5386154411402526,0.626290207317829,0.8481148282097368
382,SRB-9000001.001.Pw00_vs_DMSO,Pw00,G_00058,PG_00058,2.5438202566530355,0.020138713932303043,Single (1),0.30037269613736295,0.838095061969726,0.14854367146204628
384,SRB-9000001.001.Pw00_vs_DMSO,Pw00,G_00059,PG_00059,7.261829056237761,0.9343131741739524,Silent,0.051947509513083134,0.9434361356985977,0.5014817171844672
386,SRB-9000001.001.Pw01_vs_DMSO,Pw01,G_00000,PG_00000,6.059014031192662,0.19428981738985718,High (>25),0.09471277076977724,0.34204448934615517,0.7455215479801299
388,SRB-9000001.001.Pw01_vs_DMSO,Pw01,G_00001,PG_00001,53.95884283669949,0.8524594877841636,High (>25),0.23469833632275194,0.48882917570057727,0.8879200359572669
390,SRB-9000001.001.Pw01_vs_DMSO,Pw01,G_00002,PG_00002,12.409625084039382,0.4439487557592814,High (>25),0.9167738809691705,0.6189646770067919,0.6616526232218432
392,SRB-9000001.001.Pw01_vs_DMSO,Pw01,G_00003,PG_00003,6.304317665174306,0.38008213586721473,High (>25),0.3979765160664618,0.1648312516432583,0.9020784248566674
394,SRB-9000001.001.Pw01_vs_DMSO,Pw01,G_00004,PG_00004,4.832486663373205,0.21833956817714595,Medium (11-25),0.16051485185636427,0.3217010030243628,0.5304782964353181
396,SRB-9000001.001.Pw01_vs_DMSO,Pw01,G_00005,PG_00005,3.9208545656740217,0.1737190604222152,Medium (11-25),0.13595409792260427,0.86423840951354,0.8890767885955171
398,SRB-9000001.001.Pw01_vs_DMSO,Pw01,G_00006,PG_00006,6.232858048662614,0.7582629512237886,Medium (11-25),0.12936249311223225,0.2918038613321561,0.7167065363373495
400,SRB-9000001.001.Pw01_vs_DMSO,Pw01,G_00007,PG_00007,9.235068589687405,0.5643480977457379,Single (1),0.07996357599897952,0.6971687473330184,0.4702947205077651
402,SRB-9000001.001.Pw01_vs_DMSO,Pw01,G_00008,PG_00008,5.579917211692943,0.4629795051790583,High (>25),0.04199463493866751,0.6883304994455604,0.5471852957787398
404,SRB-9000001.001.Pw01_vs_DMSO,Pw01,G_00009,PG_00009,27.75320728830866,0.5915529866218263,Single (1),0.3191903337899068,0.9072556389415489,0.21464290967834587
406,SRB-9000001.001.Pw01_vs_DMSO,Pw01,G_00010,PG_00010,3.178372867715944,0.042184429182574146,Medium (11-25),0.5728709223506654,0.19961279429521828,0.5384875884312169
408,SRB-9000001.001.Pw01_vs_DMSO,Pw01,G_00011,PG_00011,13.830697872267582,0.19852329017778803,Single (1),0.1546630564688123,0.5325558165082791,0.704524958290585
410,SRB-9000001.001.Pw01_vs_DMSO,Pw01,G_00012,PG_00012,3.039361171154921,0.36579814623038975,Silent,0.9506694227791624,0.8940469961652108,0.6174046586498021
412,SRB-9000001.001.Pw01_vs_DMSO,Pw01,G_00013,PG_00013,5.804176683652852,0.6135110924316832,High (>25),0.3098026057909089,0.6540783521721638,0.7344215601893991
414,SRB-9000001.001.Pw01_vs_DMSO,Pw01,G_00014,PG_00014,5.695293889488198,0.8778137785911095,High (>25),0.0310279270957049,0.3126215867459885,0.6259553986206643
416,SRB-9000001.001.Pw01_vs_DMSO,Pw01,G_00015,PG_00015,19.15335768957994,0.8254206075156889,High (>25),0.21196812661804798,0.804929920713827,0.542784585333213
418,SRB-9000001.001.Pw01_vs_DMSO,Pw01,G_00016,PG_00016,13.291563208112635,0.4085589469391322,Single (1),0.4677601676148444,0.5628373633654972,0.615446903482299
420,SRB-9000001.001.Pw01_vs_DMSO,Pw01,G_00017,PG_00017,8.743865961917034,0.707974228365353,Silent,0.857370639802269,0.011590513841920225,0.015461647770508735
422,SRB-9000001.001.Pw01_vs_DMSO,Pw01,G_00018,PG_00018,0.7214881646959161,0.6501988073202875,Low (2-10),0.7200685095169823,0.5402678098577107,0.22649441168509876
424,SRB-9000001.001.Pw01_vs_DMSO,Pw01,G_00019,PG_00019,3.9267957666894677,0.9169440769527583,High (>25),0.6659782733423202,0.7913112115481594,0.5718638802268812
426,SRB-9000001.001.Pw01_vs_DMSO,Pw01,G_00020,PG_00020,4.7131287546114065,0.6526462413434271,High (>25),0.0986050989899564,0.37189031513697535,0.7508652710174666
428,SRB-9000001.001.Pw01_vs_DMSO,Pw01,G_00021,PG_00021,17.232816410694788,0.8148787954939217,Single (1),0.41337560718490496,0.5833290462621891,0.47566205755994095
430,SRB-9000001.001.Pw01_vs_DMSO,Pw01,G_00022,PG_00022,20.794143498087667,0.9991043373348001,Medium (11-25),0.32406851564294525,0.5882921202845214,0.7004562360474934
432,SRB-9000001.001.Pw01_vs_DMSO,Pw01,G_00023,PG_00023,33.16061347809385,0.56620307250187,High (>25),0.7334811679662581,0.0025045405444958924,0.10839894220023483
434,SRB-9000001.001.Pw01_vs_DMSO,Pw01,G_00024,PG_00024,29.370609456316313,0.008944330077005569,Low (2-10),0.9565409404405408,0.8264879335552292,0.526384587559252
436,SRB-9000001.001.Pw01_vs_DMSO,Pw01,G_00025,PG_00025,2.369631232931745,0.6260921539998938,Low (2-10),0.49836362249261257,0.6492571205401337,0.9976642816688046
438,SRB-9000001.001.Pw01_vs_DMSO,Pw01,G_00026,PG_00026,15.246899120405091,0.040416966844430746,Medium (11-25),0.7288582709533622,0.12943582385822094,0.9249188311371646
440,SRB-9000001.001.Pw01_vs_DMSO,Pw01,G_00027,PG_00027,25.780501540031885,0.6396668591969793,High (>25),0.28639215664749407,0.8948836095921915,0.3099668139747853
442,SRB-9000001.001.Pw01_vs_DMSO,Pw01,G_00028,PG_00028,4.9272929587383345,0.8668243367279722,High (>25),0.14525375073702307,0.19692493424793223,0.3416474699653511
444,SRB-9000001.001.Pw01_vs_DMSO,Pw01,G_00029,PG_00029,5.986305707738339,0.0675317586705072,Low (2-10),0.40469140926908986,0.46875777638468696,0.5390680231995307
446,SRB-9000001.001.Pw01_vs_DMSO,Pw01,G_00030,PG_00030,4.035967152454157,0.6667991226232232,Single (1),0.48740833845148035,0.9226807895087784,0.7415788189163124
448,SRB-9000001.001.Pw01_vs_DMSO,Pw01,G_00031,PG_00031,14.056685478150628,0.12631133543099782,Medium (11-25),0.5387093837867643,0.6597769348065137,0.08719005226123921
450,SRB-9000001.001.Pw01_vs_DMSO,Pw01,G_00032,PG_00032,14.772460109428588,0.36270100073463307,Medium (11-25),0.2583185904487416,0.5847991524105126,0.7890216552974408
452,SRB-9000001.001.Pw01_vs_DMSO,Pw01,G_00033,PG_00033,11.019633180890436,0.845477694301781,Medium (11-25),0.7798614634826669,0.646622640335644,0.16624543924156288
454,SRB-9000001.001.Pw01_vs_DMSO,Pw01,G_00034,PG_00034,4.195808757254989,0.6222961784079934,Silent,0.269971207647416,0.11302312649905333,0.3289869894869777
456,SRB-9000001.001.Pw01_vs_DMSO,Pw01,G_00035,PG_00035,14.559626371622004,0.17910605076158126,Silent,0.8451345299125245,0.41998312743110566,0.9395824686154861
458,SRB-9000001.001.Pw01_vs_DMSO,Pw01,G_00036,PG_00036,12.433297943586274,0.5060851547094619,High (>25),0.6746786991585505,0.2293420667579703,0.24728546603598667
460,SRB-9000001.001.Pw01_vs_DMSO,Pw01,G_00037,PG_00037,10.133960828956042,0.10068863859360888,Medium (11-25),0.12473379535834916,0.6176433693255282,0.331054285473274
462,SRB-9000001.001.Pw01_vs_DMSO,Pw01,G_00038,PG_00038,4.415918877986808,0.09521309690940172,High (>25),0.11742178795218494,0.019556760051140043,0.08646706431088502
464,SRB-9000001.001.Pw01_vs_DMSO,Pw01,G_00039,PG_00039,0.8129223000510524,0.3997292201412995,Single (1),0.37921833723298326,0.84111063429797,0.12426461195048744
466,SRB-9000001.001.Pw01_vs_DMSO,Pw01,G_00040,PG_00040,1.8506247073942963,0.7845156860374047,Single (1),0.24107892316330903,0.8836157259770417,0.8811676209253856
468,SRB-9000001.001.Pw01_vs_DMSO,Pw01,G_00041,PG_00041,11.427430840344375,0.7668520916673528,High (>25),0.15353801547388446,0.27775870508916867,0.7853667426094463
470,SRB-9000001.001.Pw01_vs_DMSO,Pw01,G_00042,PG_00042,49.09155267205651,0.4191987044761568,Low (2-10),0.9735983543015219,0.6087635695312356,0.7622679232189474
472,SRB-9000001.001.Pw01_vs_DMSO,Pw01,G_00043,PG_00043,0.2678558896068298,0.5209951030582602,Silent,0.3553822870612722,0.5897597815879517,0.5119070027184486
474,SRB-9000001.001.Pw01_vs_DMSO,Pw01,G_00044,PG_00044,11.39866126507985,0.45900827646208675,Single (1),0.28010255163029996,0.9324569526055122,0.16762108324206748
476,SRB-9000001.001.Pw01_vs_DMSO,Pw01,G_00045,PG_00045,10.602491640805434,0.9964945182630888,Medium (11-25),0.21272357201779557,0.838465864642921,0.20826205129377606
478,SRB-9000001.001.Pw01_vs_DMSO,Pw01,G_00046,PG_00046,5.216928723391247,0.35134024808601527,Low (2-10),0.8689039377889942,0.4976781304660778,0.4586956846579945
480,SRB-9000001.001.Pw01_vs_DMSO,Pw01,G_00047,PG_00047,2.0650621187169054,0.43868266389069255,Single (1),0.9356489891929212,0.4184722623754408,0.15267193215444075
482,SRB-9000001.001.Pw01_vs_DMSO,Pw01,G_00048,PG_00048,3.380549212427296,0.799733882618066,High (>25),0.8055785426696841,0.29415489612094403,0.2967867844252805
484,SRB-9000001.001.Pw01_vs_DMSO,Pw01,G_00049,PG_00049,7.46001898599165,0.4976178871359116,Low (2-10),0.21237067253636188,0.40360218498609446,0.5574565246970553
486,SRB-9000001.001.Pw01_vs_DMSO,Pw01,G_00050,PG_00050,185.01710244598385,0.48776757949859617,Single (1),0.11483182900654598,0.8873472553013189,0.9182705316255141
488,SRB-9000001.001.Pw01_vs_DMSO,Pw01,G_00051,PG_00051,2.2068027470238105,0.9746098933137107,Medium (11-25),0.22217640850226694,0.023705838088721176,0.15759062815536562
490,SRB-9000001.001.Pw01_vs_DMSO,Pw01,G_00052,PG_00052,13.668980951788118,0.3887766000731455,High (>25),0.20695587285498074,0.09261126240415796,0.6494236831698088
492,SRB-9000001.001.Pw01_vs_DMSO,Pw01,G_00053,PG_00053,14.705169682875177,0.08606369995785157,Silent,0.7537570116560671,0.8900714759384372,0.7395571820282765
494,SRB-9000001.001.Pw01_vs_DMSO,Pw01,G_00054,PG_00054,13.48013970897641,0.19087105773324453,High (>25),0.6601752003882504,0.10448611722461965,0.0979807592645423
496,SRB-9000001.001.Pw01_vs_DMSO,Pw01,G_00055,PG_00055,0.28751408768817077,0.6220466157688787,Single (1),0.005995961579516651,0.9630742949496758,0.842914151788915
498,SRB-9000001.001.Pw01_vs_DMSO,Pw01,G_00056,PG_00056,7.987152822822521,0.18761103408787239,Silent,0.14452949863612474,0.6343904598485143,0.7574057323049858
500,SRB-9000001.001.Pw01_vs_DMSO,Pw01,G_00057,PG_00057,29.56500802226448,0.2932086693492548,Silent,0.6014500601844557,0.3633528427504461,0.6702903169471883
502,SRB-9000001.001.Pw01_vs_DMSO,Pw01,G_00058,PG_00058,21.43493457003594,0.974392199256736,Silent,0.7270414624597978,0.24065649889121565,0.24778503632167392
504,SRB-9000001.001.Pw01_vs_DMSO,Pw01,G_00059,PG_00059,7.951810098668471,0.8318977433553983,Silent,0.4332542151450878,0.07800610171081968,0.6932345677535444
506,SRB-9000002.001.Pw00_vs_DMSO,Pw00,G_00000,PG_00000,4.06738532282034,0.07890999030502288,High (>25),0.527651966692402,0.8806707919138907,0.3714097360699574
508,SRB-9000002.001.Pw00_vs_DMSO,Pw00,G_00001,PG_00001,13.901608915025108,0.7110281772174171,Silent,0.6323434663965961,0.7090000169109434,0.40308514689851727
510,SRB-9000002.001.Pw00_vs_DMSO,Pw00,G_00002,PG_00002,6.8378450186789905,0.8901508812331344,Silent,0.8022755780109588,0.15261685291399196,0.47325337306498827
512,SRB-9000002.001.Pw00_vs_DMSO,Pw00,G_00003,PG_00003,19.886923915836654,0.5996551828479719,Medium (11-25),0.8276543143060061,0.7781923497979605,0.8809490964288492
514,SRB-9000002.001.Pw00_vs_DMSO,Pw00,G_00004,PG_00004,24.365840859727747,0.8848624075756272,High (>25),0.003099808408872362,0.8019138592782119,0.4262694217638331
516,SRB-9000002.001.Pw00_vs_DMSO,Pw00,G_00005,PG_00005,8.039466933166105,0.7374643469088984,Medium (11-25),0.8057166650187872,0.48531694101147393,0.8097074910279433
518,SRB-9000002.001.Pw00_vs_DMSO,Pw00,G_00006,PG_00006,150.73642208558067,0.45906838901293767,High (>25),0.9988927002057912,0.4107608931596113,0.10574276465545007
520,SRB-9000002.001.Pw00_vs_DMSO,Pw00,G_00007,PG_00007,5.150257620012568,0.35003740349627255,Medium (11-25),0.6089500675622094,0.07359495237728853,0.39938044031763087
522,SRB-9000002.001.Pw00_vs_DMSO,Pw00,G_00008,PG_00008,2.302099609312697,0.28676260696980127,High (>25),0.1774704605753158,0.8760042728350989,0.5405920742743826
524,SRB-9000002.001.Pw00_vs_DMSO,Pw00,G_00009,PG_00009,3.276280814564668,0.5346352013427874,Medium (11-25),0.35666636349324,0.11503094357067412,0.08097979408618206
526,SRB-9000002.001.Pw00_vs_DMSO,Pw00,G_00010,PG_00010,0.27682988582313794,0.6407537603932876,Low (2-10),0.5059980648225351,0.7064419330827669,0.11659244945107683
528,SRB-9000002.001.Pw00_vs_DMSO,Pw00,G_00011,PG_00011,48.8367780800219,0.5315141396574278,Silent,0.9759376522550252,0.04439407766475634,0.22908196202660336
530,SRB-9000002.001.Pw00_vs_DMSO,Pw00,G_00012,PG_00012,11.183941825961035,0.5479162207146513,High (>25),0.4145842469423121,0.820850201431297,0.4067292183436445
532,SRB-9000002.001.Pw00_vs_DMSO,Pw00,G_00013,PG_00013,9.281584144156197,0.9524747576383181,High (>25),0.303128838448954,0.397383525383472,0.01715394148713234
534,SRB-9000002.001.Pw00_vs_DMSO,Pw00,G_00014,PG_00014,16.031721646280168,0.4374234480389152,Low (2-10),0.6488232260694069,0.0864739290666029,0.9499369464212498
536,SRB-9000002.001.Pw00_vs_DMSO,Pw00,G_00015,PG_00015,0.19161304809717644,0.3268299684246837,Single (1),0.9982206476393571,0.780819696929709,0.8151610969500882
538,SRB-9000002.001.Pw00_vs_DMSO,Pw00,G_00016,PG_00016,4.685667878856223,0.5793513789758981,Single (1),0.37872944454759827,0.16296131683380466,0.2685645716925167
540,SRB-9000002.001.Pw00_vs_DMSO,Pw00,G_00017,PG_00017,13.01781111937978,0.9530728736404999,Medium (11-25),0.7527360794945868,0.13542099619070047,0.7305967951036374
542,SRB-9000002.001.Pw00_vs_DMSO,Pw00,G_00018,PG_00018,3.093554566087369,0.6885459830192412,Low (2-10),0.6826535493059772,0.8792937372602031,0.9542135339548371
544,SRB-9000002.001.Pw00_vs_DMSO,Pw00,G_00019,PG_00019,0.937411978001114,0.19905870330785702,Medium (11-25),0.5857097531211075,0.8925682967400626,0.8279407181906708
546,SRB-9000002.001.Pw00_vs_DMSO,Pw00,G_00020,PG_00020,1.8867309528812262,0.5789134273808538,High (>25),0.6352708568929559,0.4636492364454933,0.8773701479881416
548,SRB-9000002.001.Pw00_vs_DMSO,Pw00,G_00021,PG_00021,4.1707949524347,0.0704789707197635,High (>25),0.15771229524469021,0.6082502414455194,0.19307109465730998
550,SRB-9000002.001.Pw00_vs_DMSO,Pw00,G_00022,PG_00022,1.619589827420887,0.14960322752352984,Medium (11-25),0.6405227548772409,0.8099890180144109,0.8269876641495909
552,SRB-9000002.001.Pw00_vs_DMSO,Pw00,G_00023,PG_00023,13.206667404608524,0.735317037873526,Low (2-10),0.4207083917659947,0.9874097037870726,0.10445934725721429
554,SRB-9000002.001.Pw00_vs_DMSO,Pw00,G_00024,PG_00024,11.992240013524226,0.9845661397370221,High (>25),0.9098772937720667,0.3834253765616248,0.2698657120646921
556,SRB-9000002.001.Pw00_vs_DMSO,Pw00,G_00025,PG_00025,1.1251697419233015,0.27691738016713563,Single (1),0.555283557801204,0.7171090868994492,0.6154834251778507
558,SRB-9000002.001.Pw00_vs_DMSO,Pw00,G_00026,PG_00026,24.08905664204522,0.07540963965649383,Low (2-10),0.7403785406618537,0.8658683738312076,0.3011680476889207
560,SRB-9000002.001.Pw00_vs_DMSO,Pw00,G_00027,PG_00027,1.5924696355647128,0.18039222586737846,Silent,0.6846986919531531,0.07069968050070996,0.08237442082938462
562,SRB-9000002.001.Pw00_vs_DMSO,Pw00,G_00028,PG_00028,7.759318295628951,0.7739640467894188,Medium (11-25),0.7131852932132554,0.20830454759506634,0.28769973147855465
564,SRB-9000002.001.Pw00_vs_DMSO,Pw00,G_00029,PG_00029,4.457801766059103,0.778575335568279,Medium (11-25),0.8297917998725142,0.22223184396279616,0.49574103455559804
566,SRB-9000002.001.Pw00_vs_DMSO,Pw00,G_00030,PG_00030,2.8155898821853125,0.299851197288719,Low (2-10),0.19241883961271034,0.089340603887475,0.8935382346489774
568,SRB-9000002.001.Pw00_vs_DMSO,Pw00,G_00031,PG_00031,0.20142432907790708,0.381989165970786,Medium (11-25),0.9966178141931474,0.7955563360697024,0.47925508183530396
570,SRB-9000002.001.Pw00_vs_DMSO,Pw00,G_00032,PG_00032,5.298901594166406,0.03332815261335553,Single (1),0.7583232094468485,0.7391441053030704,0.33279100794321315
572,SRB-9000002.001.Pw00_vs_DMSO,Pw00,G_00033,PG_00033,17.505052604226684,0.5362632506940309,Single (1),0.3063086597025414,0.7507527526989052,0.07910756769716121
574,SRB-9000002.001.Pw00_vs_DMSO,Pw00,G_00034,PG_00034,2.852896273491736,0.7482937093552977,Single (1),0.36513303247093676,0.425050219076319,0.5920997809445872
576,SRB-9000002.001.Pw00_vs_DMSO,Pw00,G_00035,PG_00035,45.41350284852494,0.05761404371576817,Medium (11-25),0.7622546750322756,0.0008593413401842831,0.4984644023602286
578,SRB-9000002.001.Pw00_vs_DMSO,Pw00,G_00036,PG_00036,7.008719341271204,0.30773820675912367,High (>25),0.19213109751773216,0.9373678040487571,0.6835111104314228
580,SRB-9000002.001.Pw00_vs_DMSO,Pw00,G_00037,PG_00037,7.770171770356059,0.18596732143309014,Low (2-10),0.7121195699099968,0.148526863765425,0.4435620027965329
582,SRB-9000002.001.Pw00_vs_DMSO,Pw00,G_00038,PG_00038,37.50054522936305,0.26934611380391627,Single (1),0.22388860301823854,0.5079635320182526,0.027889148255012874
584,SRB-9000002.001.Pw00_vs_DMSO,Pw00,G_00039,PG_00039,7.121020430318307,0.4541716878399571,Low (2-10),0.049956292834405724,0.7311511140740549,0.56266789079339
586,SRB-9000002.001.Pw00_vs_DMSO,Pw00,G_00040,PG_00040,14.519166872414548,0.2765904541596611,High (>25),0.4257031725847811,0.9400159921656825,0.8201426063247143
588,SRB-9000002.001.Pw00_vs_DMSO,Pw00,G_00041,PG_00041,11.670601470410826,0.1544671632824397,Low (2-10),0.45023022457734485,0.46878831260247844,0.2606422876957072
590,SRB-9000002.001.Pw00_vs_DMSO,Pw00,G_00042,PG_00042,16.076589225568558,0.9814982113013132,Single (1),0.16015524416662386,0.5642299034368438,0.6818853331570705
592,SRB-9000002.001.Pw00_vs_DMSO,Pw00,G_00043,PG_00043,15.247040602000105,0.6543172715270339,Single (1),0.9103377149366311,0.6730638193825591,0.41568666351475403
594,SRB-9000002.001.Pw00_vs_DMSO,Pw00,G_00044,PG_00044,3.081931870954486,0.19788899269554816,Single (1),0.38967085612385965,0.2534496840869239,0.8304596569839388
596,SRB-9000002.001.Pw00_vs_DMSO,Pw00,G_00045,PG_00045,11.316610672422431,0.5540025386158307,Low (2-10),0.16865613634453136,0.22123028375449538,0.39083081806324127
598,SRB-9000002.001.Pw00_vs_DMSO,Pw00,G_00046,PG_00046,8.827940908139418,0.5055048738136771,Single (1),0.790247298262371,0.3369455367655162,0.19066663137222262
600,SRB-9000002.001.Pw00_vs_DMSO,Pw00,G_00047,PG_00047,4.84218431602836,0.9962358635820452,High (>25),0.18193047896359416,0.04522409144635542,0.5141735677519546
602,SRB-9000002.001.Pw00_vs_DMSO,Pw00,G_00048,PG_00048,14.206723550783677,0.08139308092646114,Medium (11-25),0.9801512707170221,0.9484263363553115,0.24228804565690898
604,SRB-9000002.001.Pw00_vs_DMSO,Pw00,G_00049,PG_00049,4.639162078151192,0.9114207150325667,Silent,0.45775287461560776,0.562579521368984,0.3221559080311913
606,SRB-9000002.001.Pw00_vs_DMSO,Pw00,G_00050,PG_00050,14.916691485692102,0.7034813540317232,High (>25),0.18549154256251532,0.5639537299689859,0.38483285887386764
608,SRB-9000002.001.Pw00_vs_DMSO,Pw00,G_00051,PG_00051,3.4595306998251814,0.6588710868691879,Low (2-10),0.044176797107172705,0.568554054212169,0.0015755928831227006
610,SRB-9000002.001.Pw00_vs_DMSO,Pw00,G_00052,PG_00052,30.985120478151092,0.3842292361949309,Single (1),0.5888117512229463,0.563865602847449,0.6089733595195832
612,SRB-9000002.001.Pw00_vs_DMSO,Pw00,G_00053,PG_00053,11.840399561992182,0.5338127429103358,Low (2-10),0.005752077927705379,0.07322046767024304,0.9450570860954989
614,SRB-9000002.001.Pw00_vs_DMSO,Pw00,G_00054,PG_00054,5.517780824750483,0.7019120211468141,Medium (11-25),0.544531204817169,0.5309836125270216,0.5081140471169026
616,SRB-9000002.001.Pw00_vs_DMSO,Pw00,G_00055,PG_00055,8.436000660824172,0.061199220405677934,Silent,0.8841753999411592,0.2596530632665103,0.18868074316544603
618,SRB-9000002.001.Pw00_vs_DMSO,Pw00,G_00056,PG_00056,15.88714915465766,0.41302492471051977,Medium (11-25),0.5572064813246939,0.27499859779305824,0.30635208623208
620,SRB-9000002.001.Pw00_vs_DMSO,Pw00,G_00057,PG_00057,18.820930816278587,0.9215682898975219,Single (1),0.5046167863216253,0.8210617909696065,0.626080090164036
622,SRB-9000002.001.Pw00_vs_DMSO,Pw00,G_00058,PG_00058,4.281386566399028,0.9609208227039914,Single (1),0.8776732166056387,0.828388968382708,0.6863686126684595
624,SRB-9000002.001.Pw00_vs_DMSO,Pw00,G_00059,PG_00059,18.85956844999049,0.014299351112405434,High (>25),0.6472970095895612,0.25169344715994135,0.3631737772942476
626,SRB-9000002.001.Pw01_vs_DMSO,Pw01,G_00000,PG_00000,2.438715049757899,0.6817351426098126,Silent,0.7233846790193111,0.8811290789283198,0.4686119038902866
628,SRB-9000002.001.Pw01_vs_DMSO,Pw01,G_00001,PG_00001,24.299493301003686,0.6841493690204806,Silent,0.3650617402880816,0.6746921981488652,0.32863161314899436
630,SRB-9000002.001.Pw01_vs_DMSO,Pw01,G_00002,PG_00002,4.525340141481431,0.9885629216235642,Silent,0.25535963956134855,0.1471179926917966,0.424711813564257
632,SRB-9000002.001.Pw01_vs_DMSO,Pw01,G_00003,PG_00003,10.678044484293459,0.6887430417080772,Single (1),0.4555336134506818,0.9041050647014062,0.9551416985566403
634,SRB-9000002.001.Pw01_vs_DMSO,Pw01,G_00004,PG_00004,17.33009107450114,0.6986587329144758,Low (2-10),0.9250305675168969,0.4209608364423447,0.7968218402422609
636,SRB-9000002.001.Pw01_vs_DMSO,Pw01,G_00005,PG_00005,7.025272555010346,0.033725375952290304,Silent,0.1938448455982219,0.28510661261304104,0.6803888595630613
638,SRB-9000002.001.Pw01_vs_DMSO,Pw01,G_00006,PG_00006,2.455146084975009,0.5976673647442703,Low (2-10),0.24247229899930367,0.02277899585633858,0.8806171851071093
640,SRB-9000002.001.Pw01_vs_DMSO,Pw01,G_00007,PG_00007,0.9738452704362713,0.3573798152412746,Low (2-10),0.4849245422015874,0.1566989125503585,0.4734580382829785
642,SRB-9000002.001.Pw01_vs_DMSO,Pw01,G_00008,PG_00008,3.586776708205777,0.14814846774797719,High (>25),0.045241418595875715,0.5448065164915837,0.5529224618723955
644,SRB-9000002.001.Pw01_vs_DMSO,Pw01,G_00009,PG_00009,2.521478379964017,0.31842447691147757,Medium (11-25),0.2069460510039497,0.3675053530385889,0.7523032225785597
646,SRB-9000002.001.Pw01_vs_DMSO,Pw01,G_00010,PG_00010,2.2324353643758315,0.27849672302340767,High (>25),0.9394606193716352,0.0804097520226752,0.5932115248232209
648,SRB-9000002.001.Pw01_vs_DMSO,Pw01,G_00011,PG_00011,13.557465353246446,0.506277571672386,Single (1),0.4388774480621057,0.1089687474174108,0.7360318784852111
650,SRB-9000002.001.Pw01_vs_DMSO,Pw01,G_00012,PG_00012,15.74480772672283,0.9167982867078869,Silent,0.7219372807353012,0.46687646630961466,0.4379554472641416
652,SRB-9000002.001.Pw01_vs_DMSO,Pw01,G_00013,PG_00013,8.17828477644349,0.4733466589473496,High (>25),0.5375403933341364,0.806642763380384,0.9059286229536004
654,SRB-9000002.001.Pw01_vs_DMSO,Pw01,G_00014,PG_00014,3.5801088251918594,0.6741515737268228,High (>25),0.08825325910000648,0.3580872385898517,0.9827632284123252
656,SRB-9000002.001.Pw01_vs_DMSO,Pw01,G_00015,PG_00015,5.336695889811342,0.2930835285456208,Medium (11-25),0.5204611669836315,0.9196045017444378,0.44353729123314256
658,SRB-9000002.001.Pw01_vs_DMSO,Pw01,G_00016,PG_00016,31.179595290750637,0.7714466711825521,High (>25),0.06979372966815989,0.49443342594285755,0.42789401835255725
660,SRB-9000002.001.Pw01_vs_DMSO,Pw01,G_00017,PG_00017,207.74597971080394,0.4581692077073686,High (>25),0.1842851409750914,0.9795778533532282,0.5222400774440352
662,SRB-9000002.001.Pw01_vs_DMSO,Pw01,G_00018,PG_00018,0.9193765104569638,0.3690314297281725,Silent,0.32339759723869277,0.8409264537688671,0.8718892578582087
664,SRB-9000002.001.Pw01_vs_DMSO,Pw01,G_00019,PG_00019,14.153295643155337,0.09729602412130378,Medium (11-25),0.05394225733132796,0.5441617584467424,0.7152376359379867
666,SRB-9000002.001.Pw01_vs_DMSO,Pw01,G_00020,PG_00020,2.5750513894764087,0.34074043657845676,Low (2-10),0.5174597594750184,0.7422867168291591,0.3030611895523573
668,SRB-9000002.001.Pw01_vs_DMSO,Pw01,G_00021,PG_00021,50.138849779723856,0.5442464942582131,Medium (11-25),0.3482152336251374,0.9886231662189728,0.2826218035547412
670,SRB-9000002.001.Pw01_vs_DMSO,Pw01,G_00022,PG_00022,1.2128307628446064,0.945724100597528,Single (1),0.09998686511978316,0.4097205917163088,0.19606331330192162
672,SRB-9000002.001.Pw01_vs_DMSO,Pw01,G_00023,PG_00023,2.037386564459615,0.603903807983647,Silent,0.765602949784353,0.31501895881966757,0.03172962365941867
674,SRB-9000002.001.Pw01_vs_DMSO,Pw01,G_00024,PG_00024,176.45338672860558,0.6597784478964192,Medium (11-25),0.8268388853771438,0.5632694486106719,0.029214968360618654
676,SRB-9000002.001.Pw01_vs_DMSO,Pw01,G_00025,PG_00025,7.8342613768992955,0.03479135681251333,Silent,0.678668408029766,0.5325320020514097,0.17264887469753232
678,SRB-9000002.001.Pw01_vs_DMSO,Pw01,G_00026,PG_00026,24.320848632374393,0.5452777448853715,Low (2-10),0.16452000506295927,0.16485529537381105,0.8080176773026408
680,SRB-9000002.001.Pw01_vs_DMSO,Pw01,G_00027,PG_00027,9.84353706227812,0.3061815035960186,Low (2-10),0.8084831839488448,0.11316140609137948,0.2862111930316483
682,SRB-9000002.001.Pw01_vs_DMSO,Pw01,G_00028,PG_00028,0.859593903021213,0.6046244460069251,High (>25),0.24405797827808617,0.46446810074804035,0.9597394991258458
684,SRB-9000002.001.Pw01_vs_DMSO,Pw01,G_00029,PG_00029,23.684422016033245,0.6404130610045405,Medium (11-25),0.5127033607897051,0.47366887944801395,0.23642603540598628
686,SRB-9000002.001.Pw01_vs_DMSO,Pw01,G_00030,PG_00030,48.1982374414812,0.4937967896151828,Medium (11-25),0.515358394504203,0.8315126690416894,0.7738551574564947
688,SRB-9000002.001.Pw01_vs_DMSO,Pw01,G_00031,PG_00031,24.012288626820496,0.3565803735690526,High (>25),0.9366986127287676,0.6600846509547209,0.0641597857944941
690,SRB-9000002.001.Pw01_vs_DMSO,Pw01,G_00032,PG_00032,6.345886689527719,0.8197431492487628,Low (2-10),0.8806055632100535,0.689033007674996,0.5875474952955732
692,SRB-9000002.001.Pw01_vs_DMSO,Pw01,G_00033,PG_00033,11.024960492910642,0.46858294525057453,Medium (11-25),0.9997255117191849,0.8177987784175769,0.3056859227603391
694,SRB-9000002.001.Pw01_vs_DMSO,Pw01,G_00034,PG_00034,10.743307703317083,0.22515567430074557,Single (1),0.8580951223255145,0.2568040745474426,0.3727157260221444
696,SRB-9000002.001.Pw01_vs_DMSO,Pw01,G_00035,PG_00035,0.8360463083922397,0.9226170114232155,Medium (11-25),0.4533295076894268,0.36635564851174807,0.7944425103840335
698,SRB-9000002.001.Pw01_vs_DMSO,Pw01,G_00036,PG_00036,1.7461111271563934,0.8537404524140512,High (>25),0.4475706312105152,0.26360553737797077,0.6306586408053021
700,SRB-9000002.001.Pw01_vs_DMSO,Pw01,G_00037,PG_00037,5.038478530978026,0.23667570917512126,Medium (11-25),0.9007717291451132,0.9098363792008368,0.7395442951996715
702,SRB-9000002.001.Pw01_vs_DMSO,Pw01,G_00038,PG_00038,12.904653902887446,0.41972496536881476,High (>25),0.9674742221617578,0.21233499719752047,0.38107304934370245
704,SRB-9000002.001.Pw01_vs_DMSO,Pw01,G_00039,PG_00039,11.749150060412786,0.9019317390997316,High (>25),0.5691413156690351,0.9571962939269124,0.024016563938924484
706,SRB-9000002.001.Pw01_vs_DMSO,Pw01,G_00040,PG_00040,17.920747591149457,0.6774545899487349,Medium (11-25),0.9205332759105922,0.5909617776011653,0.00930018785434672
708,SRB-9000002.001.Pw01_vs_DMSO,Pw01,G_00041,PG_00041,7.603162339590924,0.1866804545557217,Silent,0.28438781450552775,0.4293430333436373,0.2552184224113432
710,SRB-9000002.001.Pw01_vs_DMSO,Pw01,G_00042,PG_00042,3.561616389110191,0.8977834044727605,High (>25),0.021270017730457447,0.029499863560163098,0.15687143436386297
712,SRB-9000002.001.Pw01_vs_DMSO,Pw01,G_00043,PG_00043,24.38611003539271,0.07096133724460862,Low (2-10),0.03865068449764919,0.3318776153412093,0.16935741503837654
714,SRB-9000002.001.Pw01_vs_DMSO,Pw01,G_00044,PG_00044,3.411768649280356,0.47647582076157513,High (>25),0.7061508700632478,0.5138397130040833,0.717699711636678
716,SRB-9000002.001.Pw01_vs_DMSO,Pw01,G_00045,PG_00045,0.45291795139323815,0.3659272985245553,Single (1),0.8920857731977664,0.8242711631731722,0.14495048268503707
718,SRB-9000002.001.Pw01_vs_DMSO,Pw01,G_00046,PG_00046,6.503044126308702,0.02526373526022485,Low (2-10),0.010664292995475999,0.8958846399916751,0.23359190123190443
720,SRB-9000002.001.Pw01_vs_DMSO,Pw01,G_00047,PG_00047,40.55828834328445,0.6129929407837784,Silent,0.1472661209714653,0.9130576042703152,0.6411431329604882
722,SRB-9000002.001.Pw01_vs_DMSO,Pw01,G_00048,PG_00048,4.455443672898887,0.011556638271507103,Single (1),0.3282806626967826,0.69369124479727,0.6368880592572689
724,SRB-9000002.001.Pw01_vs_DMSO,Pw01,G_00049,PG_00049,6.031637689051274,0.8748741475126689,Silent,0.8038132492253177,0.752275362404008,0.9740013580210548
726,SRB-9000002.001.Pw01_vs_DMSO,Pw01,G_00050,PG_00050,17.23542062227644,0.6119262862816032,Medium (11-25),0.846816680150953,0.8248837787813914,0.8703159063862508
728,SRB-9000002.001.Pw01_vs_DMSO,Pw01,G_00051,PG_00051,8.319808271745094,0.832493827857708,Medium (11-25),0.7133816779020007,0.5682827689858382,0.21202114828355578
730,SRB-9000002.001.Pw01_vs_DMSO,Pw01,G_00052,PG_00052,14.219774088869206,0.06975243245613327,Silent,0.4008920410345811,0.6566139404412935,0.237427433237261
732,SRB-9000002.001.Pw01_vs_DMSO,Pw01,G_00053,PG_00053,1.520412376860651,0.9013935098787889,Single (1),0.4984614120430042,0.8813751958504576,0.3864212757613199
734,SRB-9000002.001.Pw01_vs_DMSO,Pw01,G_00054,PG_00054,20.361974881436332,0.4599648135329206,Medium (11-25),0.6903297106185697,0.28586426705287804,0.3223119618944327
736,SRB-9000002.001.Pw01_vs_DMSO,Pw01,G_00055,PG_00055,1.08002188378564,0.4336212604487839,Silent,0.8374452457562683,0.8473793238043268,0.5847924910183917
738,SRB-9000002.001.Pw01_vs_DMSO,Pw01,G_00056,PG_00056,11.90962207842011,0.7034475816178595,Medium (11-25),0.38880758827648787,0.31959635604792946,0.2613450683580608
740,SRB-9000002.001.Pw01_vs_DMSO,Pw01,G_00057,PG_00057,3.299929509678683,0.14553409100680603,Silent,0.734647748173034,0.17531503695470607,0.587776124307568
742,SRB-9000002.001.Pw01_vs_DMSO,Pw01,G_00058,PG_00058,13.07288180253045,0.7398192698529081,Silent,0.22215099491504076,0.05239288983104673,0.39387695003673107
744,SRB-9000002.001.Pw01_vs_DMSO,Pw01,G_00059,PG_00059,15.024426368757677,0.11694874487498785,High (>25),0.8230592508116723,0.10393112936590698,0.5251947099775096
746,SRB-9000003.001.Pw00_vs_DMSO,Pw00,G_00000,PG_00000,19.156817657016582,0.3644633946491571,Low (2-10),0.8385514732112289,0.4392757993599449,0.5441872405062819
748,SRB-9000003.001.Pw00_vs_DMSO,Pw00,G_00001,PG_00001,8.810631247159465,0.003958019051176098,Single (1),0.8532110020926739,0.04268122803084318,0.061812169149842555
750,SRB-9000003.001.Pw00_vs_DMSO,Pw00,G_00002,PG_00002,15.36291796462374,0.7898047056802862,Low (2-10),0.21193669750280064,0.09776543553077732,0.6087871557809753
752,SRB-9000003.001.Pw00_vs_DMSO,Pw00,G_00003,PG_00003,17.573554744968426,0.06097187951688343,Medium (11-25),0.2496362099871715,0.04507266613365679,0.09068596290563491
754,SRB-9000003.001.Pw00_vs_DMSO,Pw00,G_00004,PG_00004,1.9492619113661243,0.9896085546232978,Silent,0.13994479039458407,0.9351976352816153,0.24198248217149687
756,SRB-9000003.001.Pw00_vs_DMSO,Pw00,G_00005,PG_00005,28.421925503653885,0.05848268930710965,Single (1),0.29375957342626036,0.18783833848840903,0.23140802166925722
758,SRB-9000003.001.Pw00_vs_DMSO,Pw00,G_00006,PG_00006,5.1065275896859434,0.4381761259040783,High (>25),0.7998784975671268,0.6067428419442712,0.9405048883455857
760,SRB-9000003.001.Pw00_vs_DMSO,Pw00,G_00007,PG_00007,19.787287772815258,0.8624438806685393,Medium (11-25),0.5118191624809226,0.5933923866597147,0.9026328074132007
762,SRB-9000003.001.Pw00_vs_DMSO,Pw00,G_00008,PG_00008,10.051769843070467,0.8079110421295689,Medium (11-25),0.48324956723816215,0.9516726016616511,0.5452857371874887
764,SRB-9000003.001.Pw00_vs_DMSO,Pw00,G_00009,PG_00009,1.1253488116253534,0.21871154023442696,Medium (11-25),0.6078959286339937,0.429805244451524,0.696998514975693
766,SRB-9000003.001.Pw00_vs_DMSO,Pw00,G_00010,PG_00010,11.897806698035408,0.9660019608830636,High (>25),0.6955090129345809,0.9642831374284223,0.8896952653049853
768,SRB-9000003.001.Pw00_vs_DMSO,Pw00,G_00011,PG_00011,33.06857267613701,0.5456445046914172,Medium (11-25),0.08940936326633109,0.3536501205835717,0.4834974574675198
770,SRB-9000003.001.Pw00_vs_DMSO,Pw00,G_00012,PG_00012,5.763569957086539,0.37669284623940535,Medium (11-25),0.7839384818954287,0.3180899595155099,0.3395392143796544
772,SRB-9000003.001.Pw00_vs_DMSO,Pw00,G_00013,PG_00013,10.472519770343917,0.17309273900098598,Low (2-10),0.5999650085892186,0.5690639169112442,0.8769744606328804
774,SRB-9000003.001.Pw00_vs_DMSO,Pw00,G_00014,PG_00014,2.1455275196191055,0.24940050746461273,Low (2-10),0.6670679982980162,0.09152426977776806,0.9498369628361643
776,SRB-9000003.001.Pw00_vs_DMSO,Pw00,G_00015,PG_00015,3.9403965190615073,0.817521403018599,Medium (11-25),0.9926338192763402,0.039039451844604445,0.7658211767616173
778,SRB-9000003.001.Pw00_vs_DMSO,Pw00,G_00016,PG_00016,1.2549906403580238,0.021592761059659793,High (>25),0.3426152726802828,0.9935334939954445,0.8847319308353837
780,SRB-9000003.001.Pw00_vs_DMSO,Pw00,G_00017,PG_00017,9.572846396750238,0.367943477333186,Silent,0.4830341290508695,0.37378610890043384,0.7113229640971672
782,SRB-9000003.001.Pw00_vs_DMSO,Pw00,G_00018,PG_00018,1.5225586370712054,0.10690107928194481,Silent,0.39023548075846604,0.583051960254185,0.019046415424992635
784,SRB-9000003.001.Pw00_vs_DMSO,Pw00,G_00019,PG_00019,18.041321409190143,0.6526125884493292,Single (1),0.4029545788562189,0.3278915792459963,0.029659613463245416
786,SRB-9000003.001.Pw00_vs_DMSO,Pw00,G_00020,PG_00020,3.5981397871790257,0.3795105927290897,Single (1),0.47157053296069884,0.14625894573046716,0.32894787373765133
788,SRB-9000003.001.Pw00_vs_DMSO,Pw00,G_00021,PG_00021,42.60643029517888,0.25550862973675836,Silent,0.6609893347204847,0.019250697291675167,0.12827948843493542
790,SRB-9000003.001.Pw00_vs_DMSO,Pw00,G_00022,PG_00022,2.3756294802754914,0.7585808830793468,Medium (11-25),0.17693504792395698,0.931960084051473,0.11118398003668384
792,SRB-9000003.001.Pw00_vs_DMSO,Pw00,G_00023,PG_00023,9.996097428593497,0.8713482302392361,Silent,0.8286461280727242,0.43263900543386324,0.5854454917680286
794,SRB-9000003.001.Pw00_vs_DMSO,Pw00,G_00024,PG_00024,9.607560245935941,0.3552445556406414,High (>25),0.1448776909725793,0.8751105566794513,0.86425808048933
796,SRB-9000003.001.Pw00_vs_DMSO,Pw00,G_00025,PG_00025,36.73931467364514,0.9182042663716847,Low (2-10),0.5581328090200788,0.9734943079962649,0.9920001509440315
798,SRB-9000003.001.Pw00_vs_DMSO,Pw00,G_00026,PG_00026,3.2226588628585153,0.7409435007788656,Single (1),0.8614738419395369,0.4740423790926699,0.1660738866154936
800,SRB-9000003.001.Pw00_vs_DMSO,Pw00,G_00027,PG_00027,6.873110962205818,0.9343026561726684,High (>25),0.1547095040272366,0.5787767386405464,0.4556134144264571
802,SRB-9000003.001.Pw00_vs_DMSO,Pw00,G_00028,PG_00028,3.957542571863134,0.8695685321063208,Single (1),0.6256413346106375,0.3408816992216136,0.5847488165975685
804,SRB-9000003.001.Pw00_vs_DMSO,Pw00,G_00029,PG_00029,1.726776848077955,0.45556429951848887,Medium (11-25),0.0429816297414537,0.7244792920543965,0.7195390096152282
806,SRB-9000003.001.Pw00_vs_DMSO,Pw00,G_00030,PG_00030,5.521552464722699,0.19760103814470698,High (>25),0.1892514759802123,0.09646179449791559,0.4365627404903213
808,SRB-9000003.001.Pw00_vs_DMSO,Pw00,G_00031,PG_00031,2.7866414899262226,0.36404549975604605,Medium (11-25),0.20100076421582724,0.3807257816987557,0.8513336318353271
810,SRB-9000003.001.Pw00_vs_DMSO,Pw00,G_00032,PG_00032,4.458240035796338,0.29922286883767935,Medium (11-25),0.7422306085492433,0.3430277203597031,0.7999367509363753
812,SRB-9000003.001.Pw00_vs_DMSO,Pw00,G_00033,PG_00033,10.979825626737687,0.985733196724064,Silent,0.9883046479959422,0.6953526643097019,0.80328127190439
814,SRB-9000003.001.Pw00_vs_DMSO,Pw00,G_00034,PG_00034,0.5411989311081329,0.542066210328229,Single (1),0.24318195657221187,0.10852015456734987,0.7566647590455922
816,SRB-9000003.001.Pw00_vs_DMSO,Pw00,G_00035,PG_00035,0.09358011479766887,0.64891542601256,Medium (11-25),0.02582403652999421,0.5923808028401528,0.047627700664396255
818,SRB-9000003.001.Pw00_vs_DMSO,Pw00,G_00036,PG_00036,24.08707692003545,0.5675678450537955,Low (2-10),0.009111367746946986,0.20812713214479994,0.5961982815903133
820,SRB-9000003.001.Pw00_vs_DMSO,Pw00,G_00037,PG_00037,0.4166848553805249,0.7780089909229103,High (>25),0.2609288126127107,0.22692803625056046,0.5410599258121771
822,SRB-9000003.001.Pw00_vs_DMSO,Pw00,G_00038,PG_00038,7.478347299752903,0.5265363521911327,High (>25),0.29135698223380857,0.3337660230884949,0.078557361864099
824,SRB-9000003.001.Pw00_vs_DMSO,Pw00,G_00039,PG_00039,3.7725109930398775,0.16935959549701673,Silent,0.6793440053390752,0.4978687280753148,0.4078378478857141
826,SRB-9000003.001.Pw00_vs_DMSO,Pw00,G_00040,PG_00040,2.588694478782644,0.3689621940444998,High (>25),0.6671929191970525,0.7539394696724641,0.8091727932657825
828,SRB-9000003.001.Pw00_vs_DMSO,Pw00,G_00041,PG_00041,4.253003327539007,0.9362985013332603,High (>25),0.0959334748741637,0.33619827069955055,0.4926022234133782
830,SRB-9000003.001.Pw00_vs_DMSO,Pw00,G_00042,PG_00042,14.2539302659906,0.9817574195794524,High (>25),0.42433261998398,0.7586780093925876,0.07389274283405722
832,SRB-9000003.001.Pw00_vs_DMSO,Pw00,G_00043,PG_00043,12.905121585975797,0.10171403137899326,Low (2-10),0.38704953750916227,0.19680835453403556,0.4792908954673133
834,SRB-9000003.001.Pw00_vs_DMSO,Pw00,G_00044,PG_00044,11.93854895965771,0.2928635676914252,Single (1),0.5557650903459315,0.13000087975068553,0.6087892460302132
836,SRB-9000003.001.Pw00_vs_DMSO,Pw00,G_00045,PG_00045,5.724684903584317,0.27853287291136053,Medium (11-25),0.048333134010699386,0.38432095613903916,0.6755043827982605
838,SRB-9000003.001.Pw00_vs_DMSO,Pw00,G_00046,PG_00046,5.433426739195341,0.7833502122335254,Medium (11-25),0.5900565148938556,0.06977539493715645,0.4332213260786194
840,SRB-9000003.001.Pw00_vs_DMSO,Pw00,G_00047,PG_00047,22.359439007780896,0.726689754636043,Single (1),0.5923489163892188,0.6561355697667203,0.19344911184960034
842,SRB-9000003.001.Pw00_vs_DMSO,Pw00,G_00048,PG_00048,1.77039330323613,0.6708570106817674,Low (2-10),0.08504846615164963,0.04765047980444781,0.2527492474812164
844,SRB-9000003.001.Pw00_vs_DMSO,Pw00,G_00049,PG_00049,18.214455410895642,0.6867876243593929,Medium (11-25),0.3119009491596507,0.8088196662392948,0.5702822336978356
846,SRB-9000003.001.Pw00_vs_DMSO,Pw00,G_00050,PG_00050,5.287920070412621,0.43232385905093873,Low (2-10),0.5662688238699679,0.24241238467690795,0.7090451673909813
848,SRB-9000003.001.Pw00_vs_DMSO,Pw00,G_00051,PG_00051,8.010405617238188,0.8763030764069357,Medium (11-25),0.5676818088000024,0.9663698925013914,0.7434101680476354
850,SRB-9000003.001.Pw00_vs_DMSO,Pw00,G_00052,PG_00052,2.8585163984939,0.0972001351558609,High (>25),0.3445651635751179,0.28262011315689917,0.28885844733337673
852,SRB-9000003.001.Pw00_vs_DMSO,Pw00,G_00053,PG_00053,9.191596334116607,0.15648625976317854,Medium (11-25),0.6193453460202814,0.09087157468553464,0.32422005496502937
854,SRB-9000003.001.Pw00_vs_DMSO,Pw00,G_00054,PG_00054,15.313853641057541,0.8666945822431531,Silent,0.971020050236112,0.22379647894872456,0.9166977170471715
856,SRB-9000003.001.Pw00_vs_DMSO,Pw00,G_00055,PG_00055,5.171550581716914,0.9829533357658635,High (>25),0.8118628100453882,0.3980667783801527,0.5144122301526889
858,SRB-9000003.001.Pw00_vs_DMSO,Pw00,G_00056,PG_00056,18.482219994908306,0.5144072458440558,Single (1),0.34956967180618725,0.5750751314581932,0.19018990618052678
860,SRB-9000003.001.Pw00_vs_DMSO,Pw00,G_00057,PG_00057,8.719028902295673,0.5188143669249689,Silent,0.21386024898344347,0.8420943853267034,0.6093915805697354
862,SRB-9000003.001.Pw00_vs_DMSO,Pw00,G_00058,PG_00058,1.858041435048286,0.1546741858607087,High (>25),0.9444847160667592,0.34373859386249417,0.02212427323142896
864,SRB-9000003.001.Pw00_vs_DMSO,Pw00,G_00059,PG_00059,4.361037474282714,0.8768680549874888,Low (2-10),0.5297829524634055,0.9124875525338666,0.9429028492195014
866,SRB-9000003.001.Pw01_vs_DMSO,Pw01,G_00000,PG_00000,8.379756795030175,0.42397328796158607,High (>25),0.22498125030263716,0.2511322472667028,0.7796777658206135
868,SRB-9000003.001.Pw01_vs_DMSO,Pw01,G_00001,PG_00001,0.8056839066417488,0.4180417529793097,Medium (11-25),0.2553544512694922,0.7518807257802324,0.1909013337103802
870,SRB-9000003.001.Pw01_vs_DMSO,Pw01,G_00002,PG_00002,1.9438169521641369,0.8736346876375164,Low (2-10),0.03763914109810684,0.5851864897911122,0.7192734051538792
872,SRB-9000003.001.Pw01_vs_DMSO,Pw01,G_00003,PG_00003,6.615846831854814,0.47721514936911547,Silent,0.1522439645200948,0.9294077134344586,0.97094438263391
874,SRB-9000003.001.Pw01_vs_DMSO,Pw01,G_00004,PG_00004,25.720232346943256,0.7190988570928165,Low (2-10),0.5633415659354302,0.7084584502017319,0.8525979649018811
876,SRB-9000003.001.Pw01_vs_DMSO,Pw01,G_00005,PG_00005,1.0552914503485975,0.04463837698545503,Medium (11-25),0.1855731608792347,0.8774421578347132,0.5308010018234265
878,SRB-9000003.001.Pw01_vs_DMSO,Pw01,G_00006,PG_00006,5.956753965200437,0.16790793073047539,High (>25),0.4401386481037325,0.8782542056766736,0.3021138818186473
880,SRB-9000003.001.Pw01_vs_DMSO,Pw01,G_00007,PG_00007,14.624854017478242,0.09482727947417946,Silent,0.8489317787446075,0.34532101642077306,0.3096736831220508
882,SRB-9000003.001.Pw01_vs_DMSO,Pw01,G_00008,PG_00008,9.523139417271787,0.36240999386508266,Single (1),0.2711724032063286,0.025232370490456568,0.8015897123584175
884,SRB-9000003.001.Pw01_vs_DMSO,Pw01,G_00009,PG_00009,6.365481904151112,0.3162351187250928,Low (2-10),0.1276301496281772,0.10384246613774006,0.5705818391131654
886,SRB-9000003.001.Pw01_vs_DMSO,Pw01,G_00010,PG_00010,2.220368336483688,0.8032995474868,Low (2-10),0.2356175938155064,0.20836544213097663,0.3528257459582931
888,SRB-9000003.001.Pw01_vs_DMSO,Pw01,G_00011,PG_00011,2.425843779157445,0.21169319867579217,Medium (11-25),0.30584211217951685,0.10037313427424732,0.21244210233171656
890,SRB-9000003.001.Pw01_vs_DMSO,Pw01,G_00012,PG_00012,0.09735992364127903,0.6497888659583679,Silent,0.9915747667324628,0.5680326529177224,0.5239220460978395
892,SRB-9000003.001.Pw01_vs_DMSO,Pw01,G_00013,PG_00013,11.67156117770923,0.6039674997022991,High (>25),0.2367293187121574,0.5836220903257042,0.7501727813586136
894,SRB-9000003.001.Pw01_vs_DMSO,Pw01,G_00014,PG_00014,7.213473783448194,0.28295239331784383,High (>25),0.6025661090197196,0.24344494270664185,0.4316897394643815
896,SRB-9000003.001.Pw01_vs_DMSO,Pw01,G_00015,PG_00015,11.135358221791561,0.4200198884977908,Silent,0.35440219138379825,0.33015433175582587,0.24291636594024024
898,SRB-9000003.001.Pw01_vs_DMSO,Pw01,G_00016,PG_00016,27.88817907584412,0.8468582738532388,Low (2-10),0.6698129826121718,0.49664353515484705,0.6556198293525688
900,SRB-9000003.001.Pw01_vs_DMSO,Pw01,G_00017,PG_00017,5.748187891026042,0.8452298346018081,Single (1),0.9026887017028546,0.2763514537843076,0.9855371608032092
902,SRB-9000003.001.Pw01_vs_DMSO,Pw01,G_00018,PG_00018,3.039314739250719,0.05975867921756861,High (>25),0.8639969131226163,0.2534682113818072,0.6760231627439184
904,SRB-9000003.001.Pw01_vs_DMSO,Pw01,G_00019,PG_00019,2.1786408017068815,0.4944781165277129,Low (2-10),0.1424674527502322,0.027950019432041118,0.3882423176294404
906,SRB-9000003.001.Pw01_vs_DMSO,Pw01,G_00020,PG_00020,3.719225212900284,0.035196192302613394,Single (1),0.5728166665066878,0.6289145291124284,0.39350864755184156
908,SRB-9000003.001.Pw01_vs_DMSO,Pw01,G_00021,PG_00021,0.8942365917005667,0.5170199342190869,Single (1),0.9504048187272188,0.6378538613115046,0.13782654134625283
910,SRB-9000003.001.Pw01_vs_DMSO,Pw01,G_00022,PG_00022,0.5592965460136153,0.11595630173999238,Single (1),0.27989151827106407,0.7799548866012331,0.3864155991321536
912,SRB-9000003.001.Pw01_vs_DMSO,Pw01,G_00023,PG_00023,33.223193514246674,0.22214583372975694,Low (2-10),0.04718430354963332,0.058331164659923496,0.16187218295883377
914,SRB-9000003.001.Pw01_vs_DMSO,Pw01,G_00024,PG_00024,7.486798565264074,0.4689126694579592,Single (1),0.46256929588179563,0.5496789307745737,0.2323406943536649
916,SRB-9000003.001.Pw01_vs_DMSO,Pw01,G_00025,PG_00025,18.876260433208778,0.4507939653626747,Silent,0.5138400748515826,0.5520084315743053,0.7580437475975366
918,SRB-9000003.001.Pw01_vs_DMSO,Pw01,G_00026,PG_00026,6.058802489204025,0.08411589412722353,Medium (11-25),0.0013468614482334829,0.9883813792265153,0.2961430564053029
920,SRB-9000003.001.Pw01_vs_DMSO,Pw01,G_00027,PG_00027,170.2313719613639,0.7578976047372061,Single (1),0.6756720163137089,0.5175293656698283,0.8707057044672377
922,SRB-9000003.001.Pw01_vs_DMSO,Pw01,G_00028,PG_00028,7.233826049523271,0.2887317863919978,Medium (11-25),0.019293988048653454,0.8938305998569654,0.2431668311471784
924,SRB-9000003.001.Pw01_vs_DMSO,Pw01,G_00029,PG_00029,29.857461475729565,0.6191380886342231,Silent,0.6449361888275614,0.10931226967178187,0.06779785121232995
926,SRB-9000003.001.Pw01_vs_DMSO,Pw01,G_00030,PG_00030,3.158916749912684,0.7869412346915389,High (>25),0.816067926124959,0.8205178822671007,0.053873119628729094
928,SRB-9000003.001.Pw01_vs_DMSO,Pw01,G_00031,PG_00031,13.12009407869025,0.9107563715917555,Single (1),0.33827926870110225,0.5399015721133773,0.08746495216179695
930,SRB-9000003.001.Pw01_vs_DMSO,Pw01,G_00032,PG_00032,9.102022092113597,0.3339597283551732,Low (2-10),0.49908564099148767,0.7622730011015514,0.3613133966423383
932,SRB-9000003.001.Pw01_vs_DMSO,Pw01,G_00033,PG_00033,18.06463202074094,0.4652905845663623,Silent,0.3556526869762747,0.8291951438022552,0.6038961048310758
934,SRB-9000003.001.Pw01_vs_DMSO,Pw01,G_00034,PG_00034,5.329196605916549,0.20041495364726614,High (>25),0.7116767939760119,0.24413766464210596,0.3986959271908268
936,SRB-9000003.001.Pw01_vs_DMSO,Pw01,G_00035,PG_00035,30.939780079558346,0.9391918692289976,Medium (11-25),0.9071612883155218,0.8901588884203312,0.12681991412231164
938,SRB-9000003.001.Pw01_vs_DMSO,Pw01,G_00036,PG_00036,3.1006483452697875,0.3197313151077229,High (>25),0.9571089703415061,0.4185806533412829,0.1472551565850535
940,SRB-9000003.001.Pw01_vs_DMSO,Pw01,G_00037,PG_00037,2.310271604404238,0.1441178703878011,Low (2-10),0.9418804185611939,0.030645279750902255,0.04216925479549538
942,SRB-9000003.001.Pw01_vs_DMSO,Pw01,G_00038,PG_00038,1.8294438113095595,0.0865208150614718,Silent,0.35554625986757105,0.6481695793351415,0.8456510666838052
944,SRB-9000003.001.Pw01_vs_DMSO,Pw01,G_00039,PG_00039,5.581522324335626,0.6568840929234636,Low (2-10),0.7745260553617223,0.08166326872635765,0.832842536652164
946,SRB-9000003.001.Pw01_vs_DMSO,Pw01,G_00040,PG_00040,6.950412902422423,0.17688116936501574,Single (1),0.5380129216853949,0.7170191093014968,0.08381619582697941
948,SRB-9000003.001.Pw01_vs_DMSO,Pw01,G_00041,PG_00041,4.273388837042677,0.3960834552844278,Single (1),0.8762642180404693,0.9543550059095586,0.4140807854942713
950,SRB-9000003.001.Pw01_vs_DMSO,Pw01,G_00042,PG_00042,4.85543331882309,0.7799589933417346,Single (1),0.4975788605940661,0.1404096336578855,0.7885436503051704
952,SRB-9000003.001.Pw01_vs_DMSO,Pw01,G_00043,PG_00043,9.509211325353903,0.4250761590671064,Single (1),0.019579873450170204,0.40146603917117973,0.18306172082401262
954,SRB-9000003.001.Pw01_vs_DMSO,Pw01,G_00044,PG_00044,2.168581169314942,0.47231164673314774,Medium (11-25),0.8767754941541123,0.036110586846530235,0.47266447118448174
956,SRB-9000003.001.Pw01_vs_DMSO,Pw01,G_00045,PG_00045,17.849468506407025,0.5747462116391764,Medium (11-25),0.3698391231858503,0.6736231033916533,0.30507377061938024
958,SRB-9000003.001.Pw01_vs_DMSO,Pw01,G_00046,PG_00046,20.452441183436207,0.3739231069821165,Silent,0.2025429346544143,0.9117659883575401,0.32804697836101104
960,SRB-9000003.001.Pw01_vs_DMSO,Pw01,G_00047,PG_00047,0.683749499192315,0.16542209424840104,Silent,0.8511915809068423,0.5817936749773791,0.27827091503086476
962,SRB-9000003.001.Pw01_vs_DMSO,Pw01,G_00048,PG_00048,16.482407311655848,0.9066770716796957,Low (2-10),0.027797304874647266,0.03829787625026726,0.0940622935615828
964,SRB-9000003.001.Pw01_vs_DMSO,Pw01,G_00049,PG_00049,8.060922757169688,0.28196325743101036,Single (1),0.35276566942675747,0.7848282240586933,0.9361346842879906
966,SRB-9000003.001.Pw01_vs_DMSO,Pw01,G_00050,PG_00050,16.615778476825156,0.554041026627913,Silent,0.4191697911894193,0.2709571841040417,0.4579792106669761
968,SRB-9000003.001.Pw01_vs_DMSO,Pw01,G_00051,PG_00051,12.734313583486006,0.015504817093781043,Single (1),0.721339351080205,0.42360441472366817,0.6906400002478434
970,SRB-9000003.001.Pw01_vs_DMSO,Pw01,G_00052,PG_00052,4.411113297605002,0.39983685913267153,Medium (11-25),0.7633846657816035,0.7572484439425826,0.8284188254067747
972,SRB-9000003.001.Pw01_vs_DMSO,Pw01,G_00053,PG_00053,12.567176795231305,0.744732158710491,Low (2-10),0.8263137843036515,0.08605372474614759,0.28334127611166215
974,SRB-9000003.001.Pw01_vs_DMSO,Pw01,G_00054,PG_00054,0.10772727586041098,0.40341468536467695,Single (1),0.08944544052570225,0.6391463984105161,0.6184269576296034
976,SRB-9000003.001.Pw01_vs_DMSO,Pw01,G_00055,PG_00055,40.82916262847428,0.1925442963896331,High (>25),0.07042741923217943,0.5149554824051685,0.9623656515737493
978,SRB-9000003.001.Pw01_vs_DMSO,Pw01,G_00056,PG_00056,5.263703384744394,0.6091025391506785,High (>25),0.777062659444546,0.6212443206117977,0.6173780529512992
980,SRB-9000003.001.Pw01_vs_DMSO,Pw01,G_00057,PG_00057,33.80161684707967,0.531503475261324,High (>25),0.817852573410281,0.9677915890619941,0.5101861699075414
982,SRB-9000003.001.Pw01_vs_DMSO,Pw01,G_00058,PG_00058,8.749754119704335,0.3240336687385694,Silent,0.5422886988984339,0.9126304187552693,0.23887137811489023
984,SRB-9000003.001.Pw01_vs_DMSO,Pw01,G_00059,PG_00059,8.655569793980874,0.46192194459737645,Low (2-10),0.3287518439322248,0.8732687333990707,0.7400171827794488
986,SRB-9000004.001.Pw00_vs_DMSO,Pw00,G_00000,PG_00000,2.8451666024116413,0.8183512624421442,Medium (11-25),0.42937249431372004,0.4319269536505105,0.8916774963758538
988,SRB-9000004.001.Pw00_vs_DMSO,Pw00,G_00001,PG_00001,18.039868493511364,0.619252467529267,Medium (11-25),0.6838725294892579,0.8415766037691994,0.03687929642629906
990,SRB-9000004.001.Pw00_vs_DMSO,Pw00,G_00002,PG_00002,21.315578621416478,0.6872749310602921,Low (2-10),0.49773799029216126,0.8058560373201904,0.6614475014881754
992,SRB-9000004.001.Pw00_vs_DMSO,Pw00,G_00003,PG_00003,21.66035603629302,0.2825956415927111,Single (1),0.6348522819494228,0.13514279342385005,0.4761249397148629
994,SRB-9000004.001.Pw00_vs_DMSO,Pw00,G_00004,PG_00004,11.142010426238105,0.652812701107777,High (>25),0.40800833018023386,0.5736737543475043,0.794087476423821
996,SRB-9000004.001.Pw00_vs_DMSO,Pw00,G_00005,PG_00005,19.96056217073158,0.9295678663084627,High (>25),0.34660732727797205,0.3408173827733141,0.9934027635067841
998,SRB-9000004.001.Pw00_vs_DMSO,Pw00,G_00006,PG_00006,4.140863923587378,0.18606591230713931,Silent,0.11497436111653081,0.822572268016579,0.10212114612520895
1000,SRB-9000004.001.Pw00_vs_DMSO,Pw00,G_00007,PG_00007,36.428402940316715,0.05185397923491886,High (>25),0.7172651810982072,0.3229310512888732,0.0558006166958569
1002,SRB-9000004.001.Pw00_vs_DMSO,Pw00,G_00008,PG_00008,13.119309242577366,0.3353865362276648,Medium (11-25),0.8269342976272179,0.024268434723948018,0.8977248169819607
1004,SRB-9000004.001.Pw00_vs_DMSO,Pw00,G_00009,PG_00009,2.9231119339283724,0.4007077006562956,Low (2-10),0.5712974285570726,0.48211794630450555,0.30010848735715057
1006,SRB-9000004.001.Pw00_vs_DMSO,Pw00,G_00010,PG_00010,39.36384670608562,0.774753310490591,Silent,0.002033733291852302,0.47696806976684425,0.48432545070292576
1008,SRB-9000004.001.Pw00_vs_DMSO,Pw00,G_00011,PG_00011,30.646565724183773,0.13810923353726312,Medium (11-25),0.5037749198604913,0.31009514385180714,0.9379652638335252
1010,SRB-9000004.001.Pw00_vs_DMSO,Pw00,G_00012,PG_00012,7.355245381798303,0.6060532508934272,Silent,0.8643023806776791,0.7017576993996993,0.5705626241542113
1012,SRB-9000004.001.Pw00_vs_DMSO,Pw00,G_00013,PG_00013,4.9380421628471405,0.4529568443360005,High (>25),0.5333946200228478,0.7043084464165448,0.21713669357827248
1014,SRB-9000004.001.Pw00_vs_DMSO,Pw00,G_00014,PG_00014,25.006926934593906,0.6123372837948828,Medium (11-25),0.518308237626603,0.24229369533236678,0.7426317082663941
1016,SRB-9000004.001.Pw00_vs_DMSO,Pw00,G_00015,PG_00015,3.006009596248176,0.01685129026313137,Single (1),0.6286135688192444,0.2146795260358667,0.18163163592186404
1018,SRB-9000004.001.Pw00_vs_DMSO,Pw00,G_00016,PG_00016,16.950125618621993,0.7278610591029963,Medium (11-25),0.9126113837142373,0.2769059412574282,0.13321216484179965
1020,SRB-9000004.001.Pw00_vs_DMSO,Pw00,G_00017,PG_00017,10.32996368669936,0.7370931627427014,Medium (11-25),0.004693090368648178,0.3537101916403861,0.07136889319652584
1022,SRB-9000004.001.Pw00_vs_DMSO,Pw00,G_00018,PG_00018,4.831825828756388,0.9167656700496736,Low (2-10),0.4858769134600226,0.2582280951780991,0.06181830761166096
1024,SRB-9000004.001.Pw00_vs_DMSO,Pw00,G_00019,PG_00019,2.6033076372224846,0.39937450485973525,Silent,0.09615986339427485,0.7254150284643986,0.2217835307297985
1026,SRB-9000004.001.Pw00_vs_DMSO,Pw00,G_00020,PG_00020,18.897198903156262,0.3723584024194495,Single (1),0.9667234504962655,0.6980849974604001,0.9921550002386049
1028,SRB-9000004.001.Pw00_vs_DMSO,Pw00,G_00021,PG_00021,45.17490331003947,0.22899773726642936,High (>25),0.4338907649113505,0.22107018440770887,0.5590757822761334
1030,SRB-9000004.001.Pw00_vs_DMSO,Pw00,G_00022,PG_00022,3.7870595226269943,0.04355106499087591,Single (1),0.5138138971690995,0.5170164884150911,0.9615379115529468
1032,SRB-9000004.001.Pw00_vs_DMSO,Pw00,G_00023,PG_00023,1.7873690613307558,0.11534462660038214,Silent,0.5270078083300481,0.8683140163339893,0.020418685011396986
1034,SRB-9000004.001.Pw00_vs_DMSO,Pw00,G_00024,PG_00024,10.809648731922072,0.9708894079344741,High (>25),0.16870800541878794,0.3962464852318007,0.9850103751304673
1036,SRB-9000004.001.Pw00_vs_DMSO,Pw00,G_00025,PG_00025,35.478540795526996,0.011218123866395313,Single (1),0.5638792672736107,0.809808397672508,0.29993473759450406
1038,SRB-9000004.001.Pw00_vs_DMSO,Pw00,G_00026,PG_00026,1.33324872322569,0.7122813724618817,Medium (11-25),0.9109473568096005,0.30939190603105093,0.036084423973201885
1040,SRB-9000004.001.Pw00_vs_DMSO,Pw00,G_00027,PG_00027,158.5328475429042,0.3236606761774701,Medium (11-25),0.620640216500738,0.8513349470848735,0.942281287143696
1042,SRB-9000004.001.Pw00_vs_DMSO,Pw00,G_00028,PG_00028,8.282696936349213,0.788146975917933,Silent,0.5316454542936523,0.5638072354736912,0.878158923091185
1044,SRB-9000004.001.Pw00_vs_DMSO,Pw00,G_00029,PG_00029,9.708175944841255,0.9432173597180511,Medium (11-25),0.3110568658620403,0.746061967718057,0.7281954767152672
1046,SRB-9000004.001.Pw00_vs_DMSO,Pw00,G_00030,PG_00030,5.193941462089537,0.0740955677796078,Low (2-10),0.98039926709286,0.009383868263620698,0.028100402864840057
1048,SRB-9000004.001.Pw00_vs_DMSO,Pw00,G_00031,PG_00031,2.9126513914414183,0.6089313018763275,Single (1),0.5826558579405492,0.14141868945049474,0.5793039448614258
1050,SRB-9000004.001.Pw00_vs_DMSO,Pw00,G_00032,PG_00032,5.763220937435388,0.7017392196644338,Single (1),0.326098557649252,0.6751456553072851,0.18265037813272134
1052,SRB-9000004.001.Pw00_vs_DMSO,Pw00,G_00033,PG_00033,7.680201555010009,0.5647482932474801,Low (2-10),0.8100330494639753,0.8928483756017974,0.799893616799983
1054,SRB-9000004.001.Pw00_vs_DMSO,Pw00,G_00034,PG_00034,23.94771069949816,0.7576250235618974,Silent,0.22725033817351414,0.8473535819494264,0.42261860388329375
1056,SRB-9000004.001.Pw00_vs_DMSO,Pw00,G_00035,PG_00035,3.710817960170286,0.012766760760416052,Medium (11-25),0.09295024329048784,0.6660503131756456,0.3958247140236113
1058,SRB-9000004.001.Pw00_vs_DMSO,Pw00,G_00036,PG_00036,15.728081402400143,0.9499229694148985,Medium (11-25),0.5676558275624017,0.685795358298225,0.11442192524883221
1060,SRB-9000004.001.Pw00_vs_DMSO,Pw00,G_00037,PG_00037,4.509643492784505,0.9691973664466039,Medium (11-25),0.42619379897810084,0.5269005848082612,0.34758404296629475
1062,SRB-9000004.001.Pw00_vs_DMSO,Pw00,G_00038,PG_00038,4.876454465536803,0.6639653159675718,Silent,0.1148161187218556,0.44989184954104533,0.4525021459172873
1064,SRB-9000004.001.Pw00_vs_DMSO,Pw00,G_00039,PG_00039,10.350238140998153,0.5798294825233125,Medium (11-25),0.04925866781422494,0.6650937014733574,0.4762131522059888
1066,SRB-9000004.001.Pw00_vs_DMSO,Pw00,G_00040,PG_00040,1.669656394166434,0.3330900367813009,Single (1),0.01456907505406091,0.40409650414995646,0.712051085875356
1068,SRB-9000004.001.Pw00_vs_DMSO,Pw00,G_00041,PG_00041,3.5153741042871745,0.5238154104291521,Single (1),0.2753538182399129,0.2835654402585893,0.6150209700517728
1070,SRB-9000004.001.Pw00_vs_DMSO,Pw00,G_00042,PG_00042,14.838538118970838,0.6653227753279322,High (>25),0.17858176407355708,0.9865602837079437,0.7693114486510839
1072,SRB-9000004.001.Pw00_vs_DMSO,Pw00,G_00043,PG_00043,3.915888019977248,0.8651072897898051,High (>25),0.5554554126958194,0.44213172788413346,0.9039967432919324
1074,SRB-9000004.001.Pw00_vs_DMSO,Pw00,G_00044,PG_00044,9.513983652463585,0.6705445048248833,Single (1),0.8533481304104847,0.5104946816034442,0.5948733409182645
1076,SRB-9000004.001.Pw00_vs_DMSO,Pw00,G_00045,PG_00045,30.97720529274229,0.45627075650303617,Silent,0.34830014217049465,0.48548613795316775,0.7796388593326348
1078,SRB-9000004.001.Pw00_vs_DMSO,Pw00,G_00046,PG_00046,8.215745869530785,0.7805475641619936,Medium (11-25),0.4269154457301415,0.40161432450390144,0.018985284439631656
1080,SRB-9000004.001.Pw00_vs_DMSO,Pw00,G_00047,PG_00047,11.91554683220254,0.02058479169725813,Single (1),0.4472719053316646,0.19358326211200383,0.2961041197256663
1082,SRB-9000004.001.Pw00_vs_DMSO,Pw00,G_00048,PG_00048,3.2545812809230314,0.845331669507219,High (>25),0.3783701101312674,0.5872455429805353,0.6429278517901442
1084,SRB-9000004.001.Pw00_vs_DMSO,Pw00,G_00049,PG_00049,6.100218017711002,0.23153366564169697,Single (1),0.6495649959225882,0.06961886982040033,0.17669885924543705
1086,SRB-9000004.001.Pw00_vs_DMSO,Pw00,G_00050,PG_00050,165.82273693740848,0.061244447882844555,High (>25),0.2673621530786492,0.3651024574677455,0.07794382353794138
1088,SRB-9000004.001.Pw00_vs_DMSO,Pw00,G_00051,PG_00051,0.020276433691916597,0.5072357002007484,Silent,0.6046339391205345,0.8339498897317599,0.3817237208988403
1090,SRB-9000004.001.Pw00_vs_DMSO,Pw00,G_00052,PG_00052,13.061121302917723,0.8954528073354301,High (>25),0.00693163293511867,0.8036686951034772,0.9937865442074049
1092,SRB-9000004.001.Pw00_vs_DMSO,Pw00,G_00053,PG_00053,1.786055423669695,0.44311375961276256,Low (2-10),0.5044437073404052,0.22861738346617033,0.24074666155335434
1094,SRB-9000004.001.Pw00_vs_DMSO,Pw00,G_00054,PG_00054,17.546301412693502,0.3936040731885482,Medium (11-25),0.7974630627478267,0.5492448000299722,0.7535669114314787
1096,SRB-9000004.001.Pw00_vs_DMSO,Pw00,G_00055,PG_00055,21.183821579327425,0.05255383295370619,Single (1),0.5649443213588458,0.640492651088228,0.9454397893181362
1098,SRB-9000004.001.Pw00_vs_DMSO,Pw00,G_00056,PG_00056,15.885329064139363,0.09574590586311926,Low (2-10),0.8540472809743463,0.6151854742610842,0.06690394385984877
1100,SRB-9000004.001.Pw00_vs_DMSO,Pw00,G_00057,PG_00057,27.220781226866272,0.285321572926021,Low (2-10),0.938869461756774,0.26906727484938187,0.9488682025790497
1102,SRB-9000004.001.Pw00_vs_DMSO,Pw00,G_00058,PG_00058,4.6286773669064365,0.8569118853950332,Single (1),0.5507896005538825,0.5216237503815351,0.09562025497361992
1104,SRB-9000004.001.Pw00_vs_DMSO,Pw00,G_00059,PG_00059,7.506178751771251,0.33104476262043514,High (>25),0.19999603242762964,0.3408129731955324,0.7370223578364979
1106,SRB-9000004.001.Pw01_vs_DMSO,Pw01,G_00000,PG_00000,0.05602939898395158,0.867421336799643,Single (1),0.9704918191277657,0.7132813578315796,0.5140213597469809
1108,SRB-9000004.001.Pw01_vs_DMSO,Pw01,G_00001,PG_00001,4.311385953569277,0.5737459803012159,Silent,0.018319065365645093,0.8338803266971129,0.14822138650486238
1110,SRB-9000004.001.Pw01_vs_DMSO,Pw01,G_00002,PG_00002,15.331922405606807,0.8185903703337195,High (>25),0.8043609494405387,0.391405539681256,0.75436610317763
1112,SRB-9000004.001.Pw01_vs_DMSO,Pw01,G_00003,PG_00003,4.294613325235293,0.49415342725689093,Single (1),0.11148190246939804,0.014051813077372133,0.01108815461856183
1114,SRB-9000004.001.Pw01_vs_DMSO,Pw01,G_00004,PG_00004,42.827392107212816,0.2687281360977476,Silent,0.9912008477794038,0.14253807509958794,0.7465031597227881
1116,SRB-9000004.001.Pw01_vs_DMSO,Pw01,G_00005,PG_00005,1.7944390375369939,0.43969084604094466,Medium (11-25),0.7179942804949737,0.5085095227399584,0.22157125327614802
1118,SRB-9000004.001.Pw01_vs_DMSO,Pw01,G_00006,PG_00006,5.06093709038401,0.24569727122553853,High (>25),0.8277397305023476,0.13878239958978011,0.579191247318888
1120,SRB-9000004.001.Pw01_vs_DMSO,Pw01,G_00007,PG_00007,45.97814522761433,0.841267457990927,High (>25),0.7671561221188207,0.7547721880050067,0.02642606144046844
1122,SRB-9000004.001.Pw01_vs_DMSO,Pw01,G_00008,PG_00008,0.7565403665437769,0.6514914574047954,Medium (11-25),0.9109455263381829,0.22467397114421817,0.954701113386075
1124,SRB-9000004.001.Pw01_vs_DMSO,Pw01,G_00009,PG_00009,3.6798807947330987,0.3684793828990739,Silent,0.7729859768866385,0.8100153791914202,0.8207996501918017
1126,SRB-9000004.001.Pw01_vs_DMSO,Pw01,G_00010,PG_00010,1.3737405923701238,0.37256329209069183,Single (1),0.9734560544406837,0.17989416615958187,0.6621850644451116
1128,SRB-9000004.001.Pw01_vs_DMSO,Pw01,G_00011,PG_00011,3.875323997013682,0.008230997791761618,Medium (11-25),0.8670387411974085,0.2931357710323945,0.2897687032643558
1130,SRB-9000004.001.Pw01_vs_DMSO,Pw01,G_00012,PG_00012,9.272399847031332,0.9398400815565373,High (>25),0.2179500687417919,0.4574462509334247,0.8465060750777015
1132,SRB-9000004.001.Pw01_vs_DMSO,Pw01,G_00013,PG_00013,8.000199362893646,0.19758743181434157,High (>25),0.8857928624685767,0.8547785954395628,0.6837575887775267
1134,SRB-9000004.001.Pw01_vs_DMSO,Pw01,G_00014,PG_00014,8.217525213455282,0.9578938091480824,Low (2-10),0.7517166992219757,0.8026933680620869,0.45462437061511873
1136,SRB-9000004.001.Pw01_vs_DMSO,Pw01,G_00015,PG_00015,3.23448502013713,0.36412522986010887,High (>25),0.714299300080151,0.599228101313994,0.21982795393600063
1138,SRB-9000004.001.Pw01_vs_DMSO,Pw01,G_00016,PG_00016,2.1911813327506318,0.8541124516014826,High (>25),0.32805773552125317,0.9771539231523073,0.34619425722913466
1140,SRB-9000004.001.Pw01_vs_DMSO,Pw01,G_00017,PG_00017,22.124309390403702,0.3815742895101806,Low (2-10),0.2541456263692301,0.8102407431564307,0.7687925606822681
1142,SRB-9000004.001.Pw01_vs_DMSO,Pw01,G_00018,PG_00018,10.850702750991122,0.5907192959126847,Medium (11-25),0.672614919907953,0.35951244946523364,0.9937568675066837
1144,SRB-9000004.001.Pw01_vs_DMSO,Pw01,G_00019,PG_00019,5.885025345585097,0.26893579695272607,High (>25),0.25502175839934704,0.9194758290091812,0.05530755091487238
1146,SRB-9000004.001.Pw01_vs_DMSO,Pw01,G_00020,PG_00020,1.0288153795189552,0.013410912753736626,Silent,0.48151138339773614,0.6854125920890662,0.79566666470104
1148,SRB-9000004.001.Pw01_vs_DMSO,Pw01,G_00021,PG_00021,2.1432691054357753,0.19722495960195785,Medium (11-25),0.260302744754778,0.4084525411309974,0.41315536656732443
1150,SRB-9000004.001.Pw01_vs_DMSO,Pw01,G_00022,PG_00022,2.0526741671483166,0.9255780105571214,Single (1),0.2479832937470704,0.0032392740297051414,0.34927922299272784
1152,SRB-9000004.001.Pw01_vs_DMSO,Pw01,G_00023,PG_00023,13.940059928776382,0.40823569906577584,Silent,0.15058906718049525,0.12616654380340364,0.11066633089968025
1154,SRB-9000004.001.Pw01_vs_DMSO,Pw01,G_00024,PG_00024,1.4364355710334968,0.5148547445120334,High (>25),0.08697957304010095,0.7114324545011519,0.7076763892312395
1156,SRB-9000004.001.Pw01_vs_DMSO,Pw01,G_00025,PG_00025,0.6172517262269261,0.5095867657800193,Single (1),0.9027352503584735,0.3554892680544113,0.48155804499543975
1158,SRB-9000004.001.Pw01_vs_DMSO,Pw01,G_00026,PG_00026,17.160456262257746,0.857343560353981,Medium (11-25),0.9669705035787474,0.9714297350976311,0.4860693295169315
1160,SRB-9000004.001.Pw01_vs_DMSO,Pw01,G_00027,PG_00027,1.2447115825677986,0.4575690271917451,Silent,0.9513588737072718,0.34796802106308666,0.6216972831229177
1162,SRB-9000004.001.Pw01_vs_DMSO,Pw01,G_00028,PG_00028,4.561319383886133,0.2883888014292263,Low (2-10),0.19342070123711386,0.02798527276583307,0.41922174535082013
1164,SRB-9000004.001.Pw01_vs_DMSO,Pw01,G_00029,PG_00029,12.533060957230354,0.16628880722904515,Silent,0.6226183360729446,0.6790003721902238,0.4539708574467938
1166,SRB-9000004.001.Pw01_vs_DMSO,Pw01,G_00030,PG_00030,7.350458701540978,0.17140281990649042,High (>25),0.11484374466038949,0.4053566920621786,0.9810267838693176
1168,SRB-9000004.001.Pw01_vs_DMSO,Pw01,G_00031,PG_00031,11.805083013551545,0.21254315937625035,Medium (11-25),0.48432454806743364,0.09117965410798556,0.31996011230498356
1170,SRB-9000004.001.Pw01_vs_DMSO,Pw01,G_00032,PG_00032,6.1259941119712416,0.4349995326377031,Silent,0.5995939346581104,0.13008758968212097,0.6006205750421417
1172,SRB-9000004.001.Pw01_vs_DMSO,Pw01,G_00033,PG_00033,1.010102757041217,0.66270970780268,Silent,0.8840044974834883,0.857711421578195,0.3471776795607008
1174,SRB-9000004.001.Pw01_vs_DMSO,Pw01,G_00034,PG_00034,49.11772209314442,0.8453787631002048,Single (1),0.09160721725425802,0.663613160531374,0.6088258274890873
1176,SRB-9000004.001.Pw01_vs_DMSO,Pw01,G_00035,PG_00035,7.011832793063116,0.5313319646164693,High (>25),0.5266270822837338,0.7395820671821481,0.30817231833287473
1178,SRB-9000004.001.Pw01_vs_DMSO,Pw01,G_00036,PG_00036,5.80125334275631,0.284056640004428,Silent,0.4220438601893427,0.10806798630029124,0.5164878442455247
1180,SRB-9000004.001.Pw01_vs_DMSO,Pw01,G_00037,PG_00037,35.90115274754496,0.1535239843686147,High (>25),0.7495505943479134,0.8604080276173489,0.4595201947748876
1182,SRB-9000004.001.Pw01_vs_DMSO,Pw01,G_00038,PG_00038,11.912407758085145,0.7168030799492888,High (>25),0.04648484833109823,0.5875906344443151,0.4515200707484984
1184,SRB-9000004.001.Pw01_vs_DMSO,Pw01,G_00039,PG_00039,10.753040979208603,0.7523150615510783,High (>25),0.27511943798880045,0.7312523049704271,0.6963034891411766
1186,SRB-9000004.001.Pw01_vs_DMSO,Pw01,G_00040,PG_00040,2.768112530015898,0.04787085980776706,Single (1),0.810069151175608,0.22383846337280888,0.9684993992668282
1188,SRB-9000004.001.Pw01_vs_DMSO,Pw01,G_00041,PG_00041,8.407342666885606,0.26186117343529747,Medium (11-25),0.431913841857842,0.12457553468762961,0.2469417180773541
1190,SRB-9000004.001.Pw01_vs_DMSO,Pw01,G_00042,PG_00042,7.360358652924977,0.023797774277020123,High (>25),0.5591741042639785,0.005143674971907264,0.05298535154469419
1192,SRB-9000004.001.Pw01_vs_DMSO,Pw01,G_00043,PG_00043,14.840161922258686,0.6342578359776961,Silent,0.12343419696403124,0.6740710269160322,0.5887239034577052
1194,SRB-9000004.001.Pw01_vs_DMSO,Pw01,G_00044,PG_00044,3.6549718563065037,0.36761859323086743,Low (2-10),0.20418601863895136,0.622325495837942,0.13801285520550666
1196,SRB-9000004.001.Pw01_vs_DMSO,Pw01,G_00045,PG_00045,0.10406273784135586,0.052343378512759275,Silent,0.947618101585453,0.7396618929453231,0.6742563273060396
1198,SRB-9000004.001.Pw01_vs_DMSO,Pw01,G_00046,PG_00046,5.917283294689987,0.8841222083289489,Medium (11-25),0.5698571743283434,0.9472445200487297,0.9027936615555608
1200,SRB-9000004.001.Pw01_vs_DMSO,Pw01,G_00047,PG_00047,18.203116033992202,0.0017782647315379707,Low (2-10),0.3435259027721018,0.48393413711574695,0.2154742105710461
1202,SRB-9000004.001.Pw01_vs_DMSO,Pw01,G_00048,PG_00048,0.6058019436433417,0.21364261407713248,High (>25),0.7596733609488152,0.17704181102449634,0.3547095460616747
1204,SRB-9000004.001.Pw01_vs_DMSO,Pw01,G_00049,PG_00049,45.77585162209524,0.4846640689643177,Single (1),0.7969413549353037,0.8089011404655648,0.6351082366155099
1206,SRB-9000004.001.Pw01_vs_DMSO,Pw01,G_00050,PG_00050,3.525184918904926,0.5830567083413025,Silent,0.7102542418364742,0.9265336131834577,0.47515567838880235
1208,SRB-9000004.001.Pw01_vs_DMSO,Pw01,G_00051,PG_00051,12.254897795315902,0.7445794372825975,Silent,0.2869654580234421,0.09930539571724639,0.2635103073577172
1210,SRB-9000004.001.Pw01_vs_DMSO,Pw01,G_00052,PG_00052,15.369828296988297,0.40131851664900975,Single (1),0.3856430041014616,0.9350703595245612,0.523195450823728
1212,SRB-9000004.001.Pw01_vs_DMSO,Pw01,G_00053,PG_00053,19.176393615431948,0.6048466078333801,Single (1),0.8285802682944208,0.37645127460482164,0.9668925928374053
1214,SRB-9000004.001.Pw01_vs_DMSO,Pw01,G_00054,PG_00054,12.822773493242195,0.051011859740798915,Silent,0.13070902870879253,0.10969232648210514,0.6419762408581503
1216,SRB-9000004.001.Pw01_vs_DMSO,Pw01,G_00055,PG_00055,1.6374940072631752,0.4668026463278129,Single (1),0.047133735743685956,0.15574291216842429,0.297285217367657
1218,SRB-9000004.001.Pw01_vs_DMSO,Pw01,G_00056,PG_00056,7.412524007939329,0.022434390596883014,High (>25),0.45841211703121376,0.9386629407845619,0.9672919458156891
1220,SRB-9000004.001.Pw01_vs_DMSO,Pw01,G_00057,PG_00057,5.31857647719795,0.392972805345041,Silent,0.17988344329307815,0.2704356050218202,0.9180506285403808
1222,SRB-9000004.001.Pw01_vs_DMSO,Pw01,G_00058,PG_00058,7.955514749449108,0.43729754029582524,Medium (11-25),0.1642568315479933,0.6126759639457632,0.44552769607003495
1224,SRB-9000004.001.Pw01_vs_DMSO,Pw01,G_00059,PG_00059,151.41190663646694,0.8596010513664111,Silent,0.11212693674270102,0.5944392899221612,0.7599569923820408
1226,SRB-9000005.001.Pw00_vs_DMSO,Pw00,G_00000,PG_00000,22.8496078691858,0.0767346177244489,Medium (11-25),0.4315156613447615,0.34761815638011195,0.13510065623581657
1228,SRB-9000005.001.Pw00_vs_DMSO,Pw00,G_00001,PG_00001,25.040478864128577,0.4511566807735605,Low (2-10),0.4196592938811843,0.527355202613178,0.8154044453475886
1230,SRB-9000005.001.Pw00_vs_DMSO,Pw00,G_00002,PG_00002,13.763782031709258,0.5892349742494277,Single (1),0.020366504232833482,0.25404231466861305,0.8229450031893549
1232,SRB-9000005.001.Pw00_vs_DMSO,Pw00,G_00003,PG_00003,0.11579523165855234,0.8529690512826509,Silent,0.27755106447789735,0.26063491388554993,0.8511222680798666
1234,SRB-9000005.001.Pw00_vs_DMSO,Pw00,G_00004,PG_00004,11.023252681679857,0.7459828894936602,Silent,0.7953546402273527,0.5994026346478307,0.8698003493943662
1236,SRB-9000005.001.Pw00_vs_DMSO,Pw00,G_00005,PG_00005,8.544096878642145,0.8522367843217566,Low (2-10),0.7519218607691697,0.2556679357885201,0.3199285717620193
1238,SRB-9000005.001.Pw00_vs_DMSO,Pw00,G_00006,PG_00006,7.7152215866157805,0.13231785051280642,Low (2-10),0.8050405541273868,0.7323956815978356,0.023813640673947645
1240,SRB-9000005.001.Pw00_vs_DMSO,Pw00,G_00007,PG_00007,21.696101025540948,0.13960863522479816,Single (1),0.6829616081539724,0.12230514561242334,0.15267588846888225
1242,SRB-9000005.001.Pw00_vs_DMSO,Pw00,G_00008,PG_00008,5.996314401285854,0.05347129047744581,Single (1),0.6646519873577379,0.17360973908117183,0.06564324917489017
1244,SRB-9000005.001.Pw00_vs_DMSO,Pw00,G_00009,PG_00009,10.05378446635709,0.29368703103939775,Silent,0.512299941688939,0.3222200183719618,0.7073006485593812
1246,SRB-9000005.001.Pw00_vs_DMSO,Pw00,G_00010,PG_00010,28.845727722905856,0.7842398744086523,Medium (11-25),0.5484726039324469,0.7232736607438153,0.7343682345650103
1248,SRB-9000005.001.Pw00_vs_DMSO,Pw00,G_00011,PG_00011,20.0574251106433,0.31358135728484093,Silent,0.5767610162171714,0.5413709968805022,0.34274240003889844
1250,SRB-9000005.001.Pw00_vs_DMSO,Pw00,G_00012,PG_00012,14.854339008355094,0.38649714285982983,Silent,0.19262814983819476,0.9685644084236016,0.3274857666203824
1252,SRB-9000005.001.Pw00_vs_DMSO,Pw00,G_00013,PG_00013,24.99675689789066,0.3817608182072221,Single (1),0.2130819890045803,0.5470932975983391,0.796422526369315
1254,SRB-9000005.001.Pw00_vs_DMSO,Pw00,G_00014,PG_00014,0.20862480306478942,0.632597267903135,Single (1),0.36426628945075745,0.10411932327973139,0.6450997900436236
1256,SRB-9000005.001.Pw00_vs_DMSO,Pw00,G_00015,PG_00015,162.89161795147618,0.7725043360026079,Low (2-10),0.07994791373739196,0.744532964991349,0.055653834355213205
1258,SRB-9000005.001.Pw00_vs_DMSO,Pw00,G_00016,PG_00016,9.96106517328432,0.20417509215264384,Single (1),0.9513700283344905,0.0568648298418345,0.9378875910347615
1260,SRB-9000005.001.Pw00_vs_DMSO,Pw00,G_00017,PG_00017,0.43621442394051213,0.4908107409663329,Single (1),0.5475653065021787,0.7959307471929644,0.8192149303059758
1262,SRB-9000005.001.Pw00_vs_DMSO,Pw00,G_00018,PG_00018,9.248538236459783,0.5792178244251336,High (>25),0.4550570278684847,0.5634099508428602,0.6613804779753953
1264,SRB-9000005.001.Pw00_vs_DMSO,Pw00,G_00019,PG_00019,18.38516164295359,0.7991772724104108,Medium (11-25),0.3299730245420208,0.16970064601002988,0.33538718352650754
1266,SRB-9000005.001.Pw00_vs_DMSO,Pw00,G_00020,PG_00020,0.7316691373531368,0.7634686139153255,Medium (11-25),0.13631301341587543,0.37200331321716795,0.12060537890839229
1268,SRB-9000005.001.Pw00_vs_DMSO,Pw00,G_00021,PG_00021,3.3362057744561344,0.6455212280790495,Silent,0.9418153090647812,0.3435022682321721,0.18220137719209395
1270,SRB-9000005.001.Pw00_vs_DMSO,Pw00,G_00022,PG_00022,10.947464603358709,0.7807258611022007,Silent,0.05341830072023224,0.7120198738241358,0.4050251535909021
1272,SRB-9000005.001.Pw00_vs_DMSO,Pw00,G_00023,PG_00023,11.353310820749794,0.8149286512400263,Silent,0.025410763242794565,0.7092517780324646,0.8785889371186326
1274,SRB-9000005.001.Pw00_vs_DMSO,Pw00,G_00024,PG_00024,5.857311495768061,0.6793805353025238,Single (1),0.12280108111582222,0.4037261599402274,0.7748787891531426
1276,SRB-9000005.001.Pw00_vs_DMSO,Pw00,G_00025,PG_00025,21.858736107853147,0.8301195487173186,Single (1),0.8137710507584959,0.37339727109229504,0.08923552540353419
1278,SRB-9000005.001.Pw00_vs_DMSO,Pw00,G_00026,PG_00026,21.526389037094734,0.8961680128181936,Medium (11-25),0.7592594425635195,0.2850300127945058,0.912986570195263
1280,SRB-9000005.001.Pw00_vs_DMSO,Pw00,G_00027,PG_00027,3.6635508984926943,0.8676218236797802,Single (1),0.9752356652638631,0.7051651000191299,0.15410040793445634
1282,SRB-9000005.001.Pw00_vs_DMSO,Pw00,G_00028,PG_00028,0.622318099849692,0.0708976796417855,Single (1),0.2098820840401331,0.9406800533070903,0.7846159645947061
1284,SRB-9000005.001.Pw00_vs_DMSO,Pw00,G_00029,PG_00029,8.498944189384979,0.8134436679666788,Silent,0.9470950429614189,0.04639084128945614,0.2776203304392534
1286,SRB-9000005.001.Pw00_vs_DMSO,Pw00,G_00030,PG_00030,5.552780892442197,0.17865303713238168,Single (1),0.5382611959273731,0.2069422453887888,0.39815988144358805
1288,SRB-9000005.001.Pw00_vs_DMSO,Pw00,G_00031,PG_00031,0.9264345515763699,0.9230683468414019,Low (2-10),0.5766297300955285,0.09886687044712217,0.6039638183396646
1290,SRB-9000005.001.Pw00_vs_DMSO,Pw00,G_00032,PG_00032,2.354225213894808,0.6835896843273387,Medium (11-25),0.6597918454533912,0.7959226771143413,0.21375551013231664
1292,SRB-9000005.001.Pw00_vs_DMSO,Pw00,G_00033,PG_00033,4.473435085450575,0.6553824073794391,High (>25),0.1214813657633731,0.06575498259439105,0.8689760273295469
1294,SRB-9000005.001.Pw00_vs_DMSO,Pw00,G_00034,PG_00034,1.410715574966149,0.8960687625628223,Low (2-10),0.24416464531279547,0.9300344613582535,0.6993691077208044
1296,SRB-9000005.001.Pw00_vs_DMSO,Pw00,G_00035,PG_00035,7.907476921269473,0.594256421442183,High (>25),0.15949849850349573,0.4615518448541436,0.2118964057107552
1298,SRB-9000005.001.Pw00_vs_DMSO,Pw00,G_00036,PG_00036,6.16846753902454,0.10289699270958119,Silent,0.8261135383241058,0.24762800737747526,0.45416721024934736
1300,SRB-9000005.001.Pw00_vs_DMSO,Pw00,G_00037,PG_00037,7.273335608776657,0.699648268051403,High (>25),0.7308870151264564,0.5664061430409746,0.1962396149811383
1302,SRB-9000005.001.Pw00_vs_DMSO,Pw00,G_00038,PG_00038,30.42416726384208,0.019368496377633604,Medium (11-25),0.2760310817851317,0.20425140158799082,0.196967045191339
1304,SRB-9000005.001.Pw00_vs_DMSO,Pw00,G_00039,PG_00039,1.8427738930390272,0.46054262299396176,Single (1),0.6752052107042914,0.009872321395597461,0.35022470495656666
1306,SRB-9000005.001.Pw00_vs_DMSO,Pw00,G_00040,PG_00040,5.0890067024514964,0.882890158926763,Silent,0.25466792307163966,0.9572445769468503,0.5474759354896497
1308,SRB-9000005.001.Pw00_vs_DMSO,Pw00,G_00041,PG_00041,5.890039091845756,0.5979157985268014,Low (2-10),0.9047970925561232,0.3729761816323256,0.23791248806188547
1310,SRB-9000005.001.Pw00_vs_DMSO,Pw00,G_00042,PG_00042,19.683562143146705,0.9713250188377852,Single (1),0.5967473585586119,0.7726747871123802,0.03253548943044282
1312,SRB-9000005.001.Pw00_vs_DMSO,Pw00,G_00043,PG_00043,8.14412408095353,0.7870211218606543,Silent,0.08898855031354092,0.37229385992097763,0.7629765873432441
1314,SRB-9000005.001.Pw00_vs_DMSO,Pw00,G_00044,PG_00044,20.851366289420394,0.9151267845365463,Single (1),0.04859348997625923,0.31526116715640085,0.7198936206060286
1316,SRB-9000005.001.Pw00_vs_DMSO,Pw00,G_00045,PG_00045,5.909403875296475,0.7721351161956402,Low (2-10),0.39049742626185,0.4580759996244226,0.7154098155707285
1318,SRB-9000005.001.Pw00_vs_DMSO,Pw00,G_00046,PG_00046,11.33490908746216,0.7643141151366023,Low (2-10),0.2240553639164683,0.6129858259245808,0.14000278946670064
1320,SRB-9000005.001.Pw00_vs_DMSO,Pw00,G_00047,PG_00047,11.54758108739182,0.49297034321896727,Silent,0.7666880889897035,0.8405967941700315,0.8227724795886505
1322,SRB-9000005.001.Pw00_vs_DMSO,Pw00,G_00048,PG_00048,7.784739454713752,0.8446308826210775,Medium (11-25),0.36179396041910805,0.34809432590147227,0.13523421210373465
1324,SRB-9000005.001.Pw00_vs_DMSO,Pw00,G_00049,PG_00049,6.870521604276816,0.931366019347817,Silent,0.5063638273154251,0.8655642506967,0.43245651945767005
1326,SRB-9000005.001.Pw00_vs_DMSO,Pw00,G_00050,PG_00050,12.470766761938702,0.1152460635442265,Low (2-10),0.5741859007257256,0.9077168878051305,0.32512891195629157
1328,SRB-9000005.001.Pw00_vs_DMSO,Pw00,G_00051,PG_00051,36.93501641360095,0.004093929374179184,Single (1),0.7778437923462516,0.007381802088132439,0.4255486805396137
1330,SRB-9000005.001.Pw00_vs_DMSO,Pw00,G_00052,PG_00052,66.7852452436608,0.1108590110326576,Low (2-10),0.12298852371830793,0.3737073607803597,0.8125737928775736
1332,SRB-9000005.001.Pw00_vs_DMSO,Pw00,G_00053,PG_00053,3.444616194171628,0.30866553123392093,Medium (11-25),0.4792061187623642,0.9549819074484525,0.27079513181722104
1334,SRB-9000005.001.Pw00_vs_DMSO,Pw00,G_00054,PG_00054,14.841991192418991,0.9741392960853092,Medium (11-25),0.22257492050888106,0.053762629762978076,0.005590662795688206
1336,SRB-9000005.001.Pw00_vs_DMSO,Pw00,G_00055,PG_00055,3.4564535202346827,0.8546256891839674,High (>25),0.7910363534083319,0.7611257278867748,0.5072843052456959
1338,SRB-9000005.001.Pw00_vs_DMSO,Pw00,G_00056,PG_00056,11.598880152597777,0.8064980829556069,Low (2-10),0.25456869254572223,0.9466776969011077,0.0615159186122034
1340,SRB-9000005.001.Pw00_vs_DMSO,Pw00,G_00057,PG_00057,22.700145599880983,0.029056999921585946,Silent,0.20257085769696126,0.27941178834304714,0.7245558430251711
1342,SRB-9000005.001.Pw00_vs_DMSO,Pw00,G_00058,PG_00058,39.0271372339101,0.14034575304715902,Low (2-10),0.9225011227287265,0.22493136320798635,0.8648970360312299
1344,SRB-9000005.001.Pw00_vs_DMSO,Pw00,G_00059,PG_00059,18.922650395230068,0.3195759418830789,Medium (11-25),0.6472652073760417,0.48557579247328453,0.4367166690329243
1346,SRB-9000005.001.Pw01_vs_DMSO,Pw01,G_00000,PG_00000,2.942893291561867,0.12574802190386014,Medium (11-25),0.9766402578366236,0.9712018925724719,0.41234991755706385
1348,SRB-9000005.001.Pw01_vs_DMSO,Pw01,G_00001,PG_00001,0.8221634924431396,0.8849016247954232,Medium (11-25),0.057347109186262624,0.45063828101402326,0.9923177212017416
1350,SRB-9000005.001.Pw01_vs_DMSO,Pw01,G_00002,PG_00002,6.947662654436542,0.2961816266366343,Single (1),0.48585496465029265,0.48152017485807996,0.9787956012383439
1352,SRB-9000005.001.Pw01_vs_DMSO,Pw01,G_00003,PG_00003,4.810484466813451,0.07571220351479302,Single (1),0.857311653961819,0.2870192349523074,0.22893951464760798
1354,SRB-9000005.001.Pw01_vs_DMSO,Pw01,G_00004,PG_00004,39.805377086006956,0.37063748708462085,Low (2-10),0.3094501344594678,0.09061454885698639,0.5901516370868715
1356,SRB-9000005.001.Pw01_vs_DMSO,Pw01,G_00005,PG_00005,6.207901623396147,0.7947736759096911,Single (1),0.06877538423206064,0.7150497805133117,0.9415029265757564
1358,SRB-9000005.001.Pw01_vs_DMSO,Pw01,G_00006,PG_00006,0.3461645132104335,0.8906767090328991,Silent,0.2743179493019051,0.2914375394927271,0.6233912258031007
1360,SRB-9000005.001.Pw01_vs_DMSO,Pw01,G_00007,PG_00007,2.7023502765750655,0.15071645916676402,Silent,0.2811129736012542,0.8155852882593799,0.6832746062627135
1362,SRB-9000005.001.Pw01_vs_DMSO,Pw01,G_00008,PG_00008,1.042397283200736,0.2212707042651958,Low (2-10),0.8900436561423739,0.2901866045645922,0.2048999929240326
1364,SRB-9000005.001.Pw01_vs_DMSO,Pw01,G_00009,PG_00009,10.243633901785321,0.27909230836741117,High (>25),0.6170815979907633,0.8426046366352309,0.056632332288021
1366,SRB-9000005.001.Pw01_vs_DMSO,Pw01,G_00010,PG_00010,27.668454374344584,0.24282259116326677,Low (2-10),0.10754904564044931,0.5860693159264656,0.516114207556916
1368,SRB-9000005.001.Pw01_vs_DMSO,Pw01,G_00011,PG_00011,0.21973236846026883,0.05810448599551876,Silent,0.2974334913493817,0.8856166818348314,0.8155210793031875
1370,SRB-9000005.001.Pw01_vs_DMSO,Pw01,G_00012,PG_00012,1.38637516803748,0.9682285199606598,Single (1),0.6317102201822399,0.722548178621129,0.472288572371806
1372,SRB-9000005.001.Pw01_vs_DMSO,Pw01,G_00013,PG_00013,1.0855476062697635,0.2860975571197071,Silent,0.09953204200254906,0.583909678526215,0.10849304691817363
1374,SRB-9000005.001.Pw01_vs_DMSO,Pw01,G_00014,PG_00014,4.010769855624374,0.7116359954728401,Medium (11-25),0.9137186406384585,0.6804231186582329,0.9069335601476135
1376,SRB-9000005.001.Pw01_vs_DMSO,Pw01,G_00015,PG_00015,7.359750282886732,0.40985259498098636,Low (2-10),0.694281529506955,0.9523622557326247,0.34897424670678734
1378,SRB-9000005.001.Pw01_vs_DMSO,Pw01,G_00016,PG_00016,5.2309218942921625,0.8955566802090128,Low (2-10),0.38521962775147334,0.9784816448802576,0.6964284874873719
1380,SRB-9000005.001.Pw01_vs_DMSO,Pw01,G_00017,PG_00017,157.12583149530585,0.8890134100173449,Medium (11-25),0.507288765159771,0.9198560217711613,0.7614223299841274
1382,SRB-9000005.001.Pw01_vs_DMSO,Pw01,G_00018,PG_00018,16.80748351327937,0.8698428505318728,Silent,0.5171417525197427,0.21007927464885434,0.5955432252537263
1384,SRB-9000005.001.Pw01_vs_DMSO,Pw01,G_00019,PG_00019,6.325216513103447,0.5413901266511606,Low (2-10),0.45048825316816465,0.221743331644508,0.1483928178506314
1386,SRB-9000005.001.Pw01_vs_DMSO,Pw01,G_00020,PG_00020,9.91669500297096,0.3101179728525193,Silent,0.4218256274904483,0.030421591760288358,0.07562599705116191
1388,SRB-9000005.001.Pw01_vs_DMSO,Pw01,G_00021,PG_00021,4.3009681512470195,0.9581643993221816,Silent,0.573449669885045,0.7733209027625513,0.01990856754288961
1390,SRB-9000005.001.Pw01_vs_DMSO,Pw01,G_00022,PG_00022,174.49348478465964,0.13921883349678277,Silent,0.021546677073562837,0.26931450374367605,0.1333321969304586
1392,SRB-9000005.001.Pw01_vs_DMSO,Pw01,G_00023,PG_00023,0.9498931648450344,0.34490298932469776,Medium (11-25),0.7688721974934588,0.9206723157358824,0.2727645871712404
1394,SRB-9000005.001.Pw01_vs_DMSO,Pw01,G_00024,PG_00024,20.848391019626668,0.7808723605378605,Silent,0.8704971883420161,0.21512116071856502,0.48567737837448655
1396,SRB-9000005.001.Pw01_vs_DMSO,Pw01,G_00025,PG_00025,23.937981370585728,0.09574658459705787,Single (1),0.25507067869375355,0.6538308260151512,0.297255454074428
1398,SRB-9000005.001.Pw01_vs_DMSO,Pw01,G_00026,PG_00026,1.7067999504791551,0.4183069637684764,High (>25),0.614205197615428,0.2844543532270256,0.8240202016285498
1400,SRB-9000005.001.Pw01_vs_DMSO,Pw01,G_00027,PG_00027,13.702421263517069,0.9261977201323893,Low (2-10),0.7180335845642807,0.9901624475818738,0.1833558325169269
1402,SRB-9000005.001.Pw01_vs_DMSO,Pw01,G_00028,PG_00028,3.761447896886397,0.48419232160567194,Medium (11-25),0.9350767093855077,0.2832315380802829,0.25581652093544216
1404,SRB-9000005.001.Pw01_vs_DMSO,Pw01,G_00029,PG_00029,16.214578187635283,0.9083648247204053,High (>25),0.20101631860124258,0.7280507309014609,0.9213631191631593
1406,SRB-9000005.001.Pw01_vs_DMSO,Pw01,G_00030,PG_00030,11.000295367789418,0.12362676628989122,Single (1),0.7461251569995837,0.2780549056274626,0.9693338656887939
1408,SRB-9000005.001.Pw01_vs_DMSO,Pw01,G_00031,PG_00031,0.817888904044235,0.3137572282398492,Low (2-10),0.8628885739468339,0.5737008327172576,0.3049682610382558
1410,SRB-9000005.001.Pw01_vs_DMSO,Pw01,G_00032,PG_00032,5.844008949749355,0.48004261142496885,Low (2-10),0.2859350856409648,0.9585822231635913,0.8196087141826991
1412,SRB-9000005.001.Pw01_vs_DMSO,Pw01,G_00033,PG_00033,5.4641088200730925,0.3288213172254948,Low (2-10),0.536003320328237,0.21575254599219673,0.5079107827988987
1414,SRB-9000005.001.Pw01_vs_DMSO,Pw01,G_00034,PG_00034,5.921371654837692,0.17305722405517343,Single (1),0.26593612805169375,0.9052556822137191,0.2983312573349387
1416,SRB-9000005.001.Pw01_vs_DMSO,Pw01,G_00035,PG_00035,4.533243739301845,0.39798334217879183,High (>25),0.6148170199870228,0.6733229699393684,0.4580296024120095
1418,SRB-9000005.001.Pw01_vs_DMSO,Pw01,G_00036,PG_00036,9.692900369297684,0.035804581566179494,Silent,0.39617749370742794,0.5887803371215387,0.5745203358583061
1420,SRB-9000005.001.Pw01_vs_DMSO,Pw01,G_00037,PG_00037,21.066629009298346,0.6966612077139924,Silent,0.2829500581984472,0.13052586834869384,0.0277694750213352
1422,SRB-9000005.001.Pw01_vs_DMSO,Pw01,G_00038,PG_00038,16.91028980528897,0.5279492792757869,Silent,0.3343778129925902,0.0630978315665941,0.9558418092398273
1424,SRB-9000005.001.Pw01_vs_DMSO,Pw01,G_00039,PG_00039,17.02729807922604,0.4027198666352887,High (>25),0.41285316488225576,0.1476755607132616,0.9671309865349514
1426,SRB-9000005.001.Pw01_vs_DMSO,Pw01,G_00040,PG_00040,3.5680940009224065,0.4654164965021036,Single (1),0.8386829100735012,0.7951769499327668,0.8855049191161314
1428,SRB-9000005.001.Pw01_vs_DMSO,Pw01,G_00041,PG_00041,19.2111116251628,0.10077892410154299,Silent,0.815932021519271,0.5451212573974014,0.32877955632909506
1430,SRB-9000005.001.Pw01_vs_DMSO,Pw01,G_00042,PG_00042,7.579898428661792,0.4597523714165882,Silent,0.9903852569848479,0.7030285148211116,0.7700456647634953
1432,SRB-9000005.001.Pw01_vs_DMSO,Pw01,G_00043,PG_00043,21.515194817877855,0.22983674308587354,High (>25),0.1715735542928427,0.2537418161649665,0.7990145839505803
1434,SRB-9000005.001.Pw01_vs_DMSO,Pw01,G_00044,PG_00044,12.516063253792174,0.6485291526588479,High (>25),0.549669427809428,0.4571068688728447,0.363530737320263
1436,SRB-9000005.001.Pw01_vs_DMSO,Pw01,G_00045,PG_00045,6.4891688863839185,0.8388450686839626,High (>25),0.5201616832941905,0.7129264483134649,0.5545184699079898
1438,SRB-9000005.001.Pw01_vs_DMSO,Pw01,G_00046,PG_00046,8.051042649702227,0.34146871080317476,High (>25),0.4854531780205621,0.8516360100673103,0.3566705734822395
1440,SRB-9000005.001.Pw01_vs_DMSO,Pw01,G_00047,PG_00047,26.055618747470813,0.5934604316456903,High (>25),0.25461176795909524,0.40418900330614593,0.9454779866632431
1442,SRB-9000005.001.Pw01_vs_DMSO,Pw01,G_00048,PG_00048,14.888279198326726,0.4320401487247525,Low (2-10),0.9045468423352025,0.6876481390399128,0.8657521656482445
1444,SRB-9000005.001.Pw01_vs_DMSO,Pw01,G_00049,PG_00049,6.188031510058939,0.6353478804492555,Medium (11-25),0.5597632639928694,0.7448798758522855,0.525655147564991
1446,SRB-9000005.001.Pw01_vs_DMSO,Pw01,G_00050,PG_00050,5.906790610631378,0.10522029292866786,Single (1),0.513707373912874,0.8240005769987337,0.7581845075586578
1448,SRB-9000005.001.Pw01_vs_DMSO,Pw01,G_00051,PG_00051,26.209538230050796,0.9133924714275835,Single (1),0.5210998162743746,0.6777496166381464,0.36982866469541054
1450,SRB-9000005.001.Pw01_vs_DMSO,Pw01,G_00052,PG_00052,20.29106251352007,0.3096356733954001,High (>25),0.7721840996378673,0.43764428490290597,0.7548962849450693
1452,SRB-9000005.001.Pw01_vs_DMSO,Pw01,G_00053,PG_00053,38.29010725277939,0.32528530890793195,Low (2-10),0.8401566925660331,0.4097108781638037,0.9366240172104109
1454,SRB-9000005.001.Pw01_vs_DMSO,Pw01,G_00054,PG_00054,9.780991111755098,0.16639731131727176,High (>25),0.5608889583263752,0.9735498263536497,0.001352633404211434
1456,SRB-9000005.001.Pw01_vs_DMSO,Pw01,G_00055,PG_00055,1.3165590585884681,0.059342049920160456,High (>25),0.27857124713996606,0.24429976034829726,0.3067349205669677
1458,SRB-9000005.001.Pw01_vs_DMSO,Pw01,G_00056,PG_00056,5.560819323328875,0.055300782381003,Medium (11-25),0.42439747627450886,0.03772823502133216,0.4393154762051126
1460,SRB-9000005.001.Pw01_vs_DMSO,Pw01,G_00057,PG_00057,26.00684963461059,0.03792917097352666,Medium (11-25),0.36307044741308425,0.42949058480459157,0.5183475020052225
1462,SRB-9000005.001.Pw01_vs_DMSO,Pw01,G_00058,PG_00058,0.6108971342721323,0.1509687080674279,Silent,0.6184775734716712,0.7450552340609751,0.4271383578354191
1464,SRB-9000005.001.Pw01_vs_DMSO,Pw01,G_00059,PG_00059,2.706801568531724,0.42759543492504315,Medium (11-25),0.9873948685051172,0.736668190482042,0.8506532697317263
1466,SRB-9000006.001.Pw00_vs_DMSO,Pw00,G_00000,PG_00000,8.021654614715075,0.649693515532124,High (>25),0.7032426624671863,0.06920112098605558,0.7434540093641858
1468,SRB-9000006.001.Pw00_vs_DMSO,Pw00,G_00001,PG_00001,3.90848757705779,0.7541444801223984,Silent,0.841245598551836,0.3270500329067866,0.7187082759173359
1470,SRB-9000006.001.Pw00_vs_DMSO,Pw00,G_00002,PG_00002,16.839128233240125,0.5057557149387703,Single (1),0.6007623751257921,0.5935996926860904,0.10354927013241055
1472,SRB-9000006.001.Pw00_vs_DMSO,Pw00,G_00003,PG_00003,1.7758308435744408,0.457951443219893,Single (1),0.6819866842272112,0.8401451675909696,0.8824490816672284
1474,SRB-9000006.001.Pw00_vs_DMSO,Pw00,G_00004,PG_00004,7.330818533469434,0.10327182582309324,High (>25),0.3409925437660174,0.5067589597054193,0.9000747860591126
1476,SRB-9000006.001.Pw00_vs_DMSO,Pw00,G_00005,PG_00005,17.6553418731259,0.04896570083973206,High (>25),0.9580315054291954,0.4640708734061092,0.9211935401338571
1478,SRB-9000006.001.Pw00_vs_DMSO,Pw00,G_00006,PG_00006,0.013604247768718712,0.5724508863315267,High (>25),0.9636509404444826,0.7469468073342714,0.6778154356207841
1480,SRB-9000006.001.Pw00_vs_DMSO,Pw00,G_00007,PG_00007,1.6913980456103297,0.5193290123556368,Single (1),0.31604306626912915,0.3104861614723846,0.5851826730638228
1482,SRB-9000006.001.Pw00_vs_DMSO,Pw00,G_00008,PG_00008,3.7211129752463297,0.14548832419128122,Single (1),0.9083742263942075,0.26128780438641896,0.031085579674196784
1484,SRB-9000006.001.Pw00_vs_DMSO,Pw00,G_00009,PG_00009,1.6855699170947893,0.648173947820284,Silent,0.14525656312689317,0.6953215646547705,0.8832259240016641
1486,SRB-9000006.001.Pw00_vs_DMSO,Pw00,G_00010,PG_00010,179.71898154971143,0.7739275349555765,Silent,0.5571423599659672,0.623078249874134,0.6042500157070335
1488,SRB-9000006.001.Pw00_vs_DMSO,Pw00,G_00011,PG_00011,1.4914622234812855,0.6489855091521475,Medium (11-25),0.6432148421311644,0.4672369052481512,0.12748446620210774
1490,SRB-9000006.001.Pw00_vs_DMSO,Pw00,G_00012,PG_00012,4.906118081022237,0.17782054781179224,High (>25),0.8421640997004349,0.39759359819244644,0.42321736952821043
1492,SRB-9000006.001.Pw00_vs_DMSO,Pw00,G_00013,PG_00013,39.83466841349254,0.6411114340854972,Medium (11-25),0.20185836302448534,0.1864566995549134,0.11483288369749634
1494,SRB-9000006.001.Pw00_vs_DMSO,Pw00,G_00014,PG_00014,1.2663989764595036,0.4049753382265674,High (>25),0.3468718853415025,0.543516628921064,0.9200437854218797
1496,SRB-9000006.001.Pw00_vs_DMSO,Pw00,G_00015,PG_00015,24.28875963948782,0.9881461763588996,Single (1),0.08984149367131056,0.16399911957245783,0.2285251683029862
1498,SRB-9000006.001.Pw00_vs_DMSO,Pw00,G_00016,PG_00016,8.124938699426176,0.19041902030515023,High (>25),0.8765612040537097,0.9839132354779065,0.5645117174337091
1500,SRB-9000006.001.Pw00_vs_DMSO,Pw00,G_00017,PG_00017,18.005884878861448,0.14817009343811738,High (>25),0.3999934407092094,0.28647951855824594,0.9429806065339628
1502,SRB-9000006.001.Pw00_vs_DMSO,Pw00,G_00018,PG_00018,12.276536786411373,0.45662117818546655,High (>25),0.8551373130879878,0.8547775279954015,0.9284442934919447
1504,SRB-9000006.001.Pw00_vs_DMSO,Pw00,G_00019,PG_00019,17.937129512818075,0.10628490237463473,Single (1),0.5627304401907507,0.7065226201423654,0.45416766953718546
1506,SRB-9000006.001.Pw00_vs_DMSO,Pw00,G_00020,PG_00020,0.46828252169089957,0.9161433514562577,High (>25),0.6624231345702943,0.3538304310526337,0.6736304460611532
1508,SRB-9000006.001.Pw00_vs_DMSO,Pw00,G_00021,PG_00021,23.138970523222543,0.34060058498584933,Silent,0.8888293641543766,0.6330550624740494,0.6502007466713277
1510,SRB-9000006.001.Pw00_vs_DMSO,Pw00,G_00022,PG_00022,23.25311209069897,0.6165222366539816,Medium (11-25),0.5057059584276481,0.11066320350959846,0.4882572894803128
1512,SRB-9000006.001.Pw00_vs_DMSO,Pw00,G_00023,PG_00023,7.70621184926514,0.8277410727602545,Silent,0.7758189443464446,0.8998677479851811,0.1209477192003292
1514,SRB-9000006.001.Pw00_vs_DMSO,Pw00,G_00024,PG_00024,37.07968682806459,0.2687845579978808,Low (2-10),0.4641601013175345,0.39296249429168006,0.5215300643143136
1516,SRB-9000006.001.Pw00_vs_DMSO,Pw00,G_00025,PG_00025,6.399812068454773,0.4738279621097786,Medium (11-25),0.9984201412266202,0.7528337709256802,0.8941717666401673
1518,SRB-9000006.001.Pw00_vs_DMSO,Pw00,G_00026,PG_00026,18.464124444714187,0.09756321809061619,Medium (11-25),0.045578021804674185,0.2599207288930817,0.23254723124200483
1520,SRB-9000006.001.Pw00_vs_DMSO,Pw00,G_00027,PG_00027,12.748018572050675,0.8622886496470549,Low (2-10),0.4798446651395065,0.23020525422169613,0.27856749523063773
1522,SRB-9000006.001.Pw00_vs_DMSO,Pw00,G_00028,PG_00028,0.0046259554169783435,0.05370398399107157,Low (2-10),0.503443193775506,0.5109235109806238,0.5414990824700128
1524,SRB-9000006.001.Pw00_vs_DMSO,Pw00,G_00029,PG_00029,3.084309225518137,0.4486900659500791,Medium (11-25),0.8971622543641959,0.7900273241273904,0.258470123048568
1526,SRB-9000006.001.Pw00_vs_DMSO,Pw00,G_00030,PG_00030,1.4922455599335915,0.4541610111345802,Medium (11-25),0.33678289993521127,0.3199303160919059,0.6588848223649587
1528,SRB-9000006.001.Pw00_vs_DMSO,Pw00,G_00031,PG_00031,10.313334309533113,0.9310821333779526,Silent,0.6755619199761936,0.6676691436654634,0.16615056995676936
1530,SRB-9000006.001.Pw00_vs_DMSO,Pw00,G_00032,PG_00032,12.939126627571625,0.903582125098749,Low (2-10),0.7366814010372306,0.9547181960084328,0.8466186095820875
1532,SRB-9000006.001.Pw00_vs_DMSO,Pw00,G_00033,PG_00033,1.479999250305764,0.014266108000985156,Silent,0.14345863523792957,0.1567252797320039,0.5021238349475983
1534,SRB-9000006.001.Pw00_vs_DMSO,Pw00,G_00034,PG_00034,27.089136439296173,0.20637607218728393,High (>25),0.30973766452074003,0.5807304272114108,0.664034621277911
1536,SRB-9000006.001.Pw00_vs_DMSO,Pw00,G_00035,PG_00035,2.9197923236187124,0.6209992041005007,High (>25),0.6370153490586812,0.4817200460618227,0.8439404481759967
1538,SRB-9000006.001.Pw00_vs_DMSO,Pw00,G_00036,PG_00036,22.9564338606229,0.28610322878787475,Low (2-10),0.42947228085944156,0.09796883488678565,0.8808660617417727
1540,SRB-9000006.001.Pw00_vs_DMSO,Pw00,G_00037,PG_00037,0.9378565262944012,0.43205576196322226,Silent,0.7964956060563504,0.043879142418327466,0.7416187337153807
1542,SRB-9000006.001.Pw00_vs_DMSO,Pw00,G_00038,PG_00038,25.94784277431595,0.5604392852246391,High (>25),0.8926816736965618,0.5481356452329852,0.9130049986444908
1544,SRB-9000006.001.Pw00_vs_DMSO,Pw00,G_00039,PG_00039,3.9127794788587753,0.3547703990855783,High (>25),0.5920054359291396,0.22159901604091392,0.9305420056425364
1546,SRB-9000006.001.Pw00_vs_DMSO,Pw00,G_00040,PG_00040,22.314019345463578,0.7339817227789068,Medium (11-25),0.5840877172748566,0.4097996250472129,0.6396658924252152
1548,SRB-9000006.001.Pw00_vs_DMSO,Pw00,G_00041,PG_00041,6.7531162344545415,0.946378737663958,Low (2-10),0.8694210838642024,0.20000555823439992,0.5392575231830028
1550,SRB-9000006.001.Pw00_vs_DMSO,Pw00,G_00042,PG_00042,14.068852054627847,0.42438567280697714,Low (2-10),0.815870378600959,0.10462225335963171,0.36550196636155907
1552,SRB-9000006.001.Pw00_vs_DMSO,Pw00,G_00043,PG_00043,17.92162100399102,0.01282772404460586,Medium (11-25),0.711888899815431,0.948310357679826,0.3595203157353183
1554,SRB-9000006.001.Pw00_vs_DMSO,Pw00,G_00044,PG_00044,6.9692776600321515,0.7410997546646748,Low (2-10),0.8979063496381416,0.4832198270873408,0.14697826121448088
1556,SRB-9000006.001.Pw00_vs_DMSO,Pw00,G_00045,PG_00045,7.8921374362752506,0.9515707982811399,Single (1),0.7911917676940949,0.9108587119006426,0.7084026332361167
1558,SRB-9000006.001.Pw00_vs_DMSO,Pw00,G_00046,PG_00046,0.2878798166338436,0.4772511837743353,High (>25),0.8274468348050957,0.4260550764301472,0.8404828784802221
1560,SRB-9000006.001.Pw00_vs_DMSO,Pw00,G_00047,PG_00047,0.3513216988062044,0.014355191150745461,High (>25),0.558092789915756,0.9249331831556745,0.6415732830562177
1562,SRB-9000006.001.Pw00_vs_DMSO,Pw00,G_00048,PG_00048,5.028342533377234,0.7003626225272603,High (>25),0.28571576021233713,0.7015860980940706,0.306611044745731
1564,SRB-9000006.001.Pw00_vs_DMSO,Pw00,G_00049,PG_00049,9.459380105815292,0.6968908723452726,Single (1),0.2326808060544402,0.20152995814814278,0.6516798557637894
1566,SRB-9000006.001.Pw00_vs_DMSO,Pw00,G_00050,PG_00050,7.893079733293092,0.011659604659487566,Single (1),0.12075993129932316,0.6448906299026036,0.6119498510341816
1568,SRB-9000006.001.Pw00_vs_DMSO,Pw00,G_00051,PG_00051,21.614043043639708,0.12569140354282804,Medium (11-25),0.5256890670471157,0.5232956804067715,0.8703257881809625
1570,SRB-9000006.001.Pw00_vs_DMSO,Pw00,G_00052,PG_00052,0.3496478720227362,0.5943515948177127,Single (1),0.22366532950287954,0.41585020376407544,0.9511693162156342
1572,SRB-9000006.001.Pw00_vs_DMSO,Pw00,G_00053,PG_00053,156.98850482305832,0.21225266997875103,Low (2-10),0.3332952720445115,0.8039138492897555,0.545032688125971
1574,SRB-9000006.001.Pw00_vs_DMSO,Pw00,G_00054,PG_00054,8.921778824086768,0.3482790236187493,Medium (11-25),0.08536966519358413,0.8055498108080307,0.41618719200517273
1576,SRB-9000006.001.Pw00_vs_DMSO,Pw00,G_00055,PG_00055,16.325293042860082,0.2727396757302615,Silent,0.8380287780437261,0.6813845557352081,0.9653084405645165
1578,SRB-9000006.001.Pw00_vs_DMSO,Pw00,G_00056,PG_00056,18.048290087521696,0.22542475646486382,Single (1),0.7904982417348528,0.7344383594023575,0.87881121233834
1580,SRB-9000006.001.Pw00_vs_DMSO,Pw00,G_00057,PG_00057,30.870931031634044,0.9828295747882261,Medium (11-25),0.45829974164715537,0.5668801463418746,0.26987597335769475
1582,SRB-9000006.001.Pw00_vs_DMSO,Pw00,G_00058,PG_00058,21.310979573890897,0.742652717909174,Single (1),0.5147602422846722,0.23809531524368288,0.7005648935430787
1584,SRB-9000006.001.Pw00_vs_DMSO,Pw00,G_00059,PG_00059,8.917389876615463,0.646332296505294,Silent,0.16124967299157167,0.6202771357361819,0.6123487380646242
1586,SRB-9000006.001.Pw01_vs_DMSO,Pw01,G_00000,PG_00000,8.547588425678194,0.3162653734824411,Silent,0.4959741062765807,0.3255148219463705,0.37730501104426506
1588,SRB-9000006.001.Pw01_vs_DMSO,Pw01,G_00001,PG_00001,2.930188722938701,0.7736442072349758,Silent,0.6570821735811482,0.5404423780429622,0.9775309952484867
1590,SRB-9000006.001.Pw01_vs_DMSO,Pw01,G_00002,PG_00002,10.462891444159812,0.16234183544158032,Low (2-10),0.225284912682999,0.03245236681491548,0.9134989167718717
1592,SRB-9000006.001.Pw01_vs_DMSO,Pw01,G_00003,PG_00003,1.7358097933543941,0.9110714857944838,Silent,0.9596385035386411,0.8932339946247009,0.9196663358939293
1594,SRB-9000006.001.Pw01_vs_DMSO,Pw01,G_00004,PG_00004,11.330078553312234,0.7953381468854761,High (>25),0.39311095136528873,0.7805039585619662,0.2273885783524311
1596,SRB-9000006.001.Pw01_vs_DMSO,Pw01,G_00005,PG_00005,19.424538014933724,0.834082428357487,Low (2-10),0.6651143477147333,0.1770750217578786,0.19995725482722349
1598,SRB-9000006.001.Pw01_vs_DMSO,Pw01,G_00006,PG_00006,1.4145416027210218,0.00812788928624475,Medium (11-25),0.11584800104052762,0.02317862734199161,0.8954076501229983
1600,SRB-9000006.001.Pw01_vs_DMSO,Pw01,G_00007,PG_00007,10.920597272647814,0.3623440090455742,Single (1),0.7779418211449406,0.8233670249913986,0.6498212625463679
1602,SRB-9000006.001.Pw01_vs_DMSO,Pw01,G_00008,PG_00008,12.029415006319645,0.16771959140370174,Single (1),0.20644930251261395,0.9505961743109026,0.378884978859902
1604,SRB-9000006.001.Pw01_vs_DMSO,Pw01,G_00009,PG_00009,5.984112887373536,0.8132842384012927,Single (1),0.5689887880254398,0.37418706255075374,0.9525031108971095
1606,SRB-9000006.001.Pw01_vs_DMSO,Pw01,G_00010,PG_00010,3.4183644431588784,0.20855532093786877,High (>25),0.6080620716336926,0.17922413638868495,0.37413713273093585
1608,SRB-9000006.001.Pw01_vs_DMSO,Pw01,G_00011,PG_00011,3.049674609585852,0.0010925922468508764,Single (1),0.39126340833729223,0.2404891179605474,0.9023782720817416
1610,SRB-9000006.001.Pw01_vs_DMSO,Pw01,G_00012,PG_00012,0.3665324395664022,0.7054623185188149,High (>25),0.30595532700048245,0.45326955528665513,0.5053185888955289
1612,SRB-9000006.001.Pw01_vs_DMSO,Pw01,G_00013,PG_00013,6.206330344183716,0.6328857667174084,Medium (11-25),0.28223219602216565,0.8160127756776712,0.04559021799522267
1614,SRB-9000006.001.Pw01_vs_DMSO,Pw01,G_00014,PG_00014,3.174357984499503,0.25683245147561606,Medium (11-25),0.9830922306203671,0.2577154672918841,0.9077276667270742
1616,SRB-9000006.001.Pw01_vs_DMSO,Pw01,G_00015,PG_00015,63.665117734776715,0.9550836973692248,High (>25),0.13158586239492165,0.03691661979926375,0.36196934685413984
1618,SRB-9000006.001.Pw01_vs_DMSO,Pw01,G_00016,PG_00016,6.934357646200334,0.15925753165858858,Medium (11-25),0.6026058429866784,0.9066655570918356,0.9981199695880932
1620,SRB-9000006.001.Pw01_vs_DMSO,Pw01,G_00017,PG_00017,0.49885436250968496,0.06367366470789604,Low (2-10),0.6875341103406232,0.991011214393793,0.6582683656498584
1622,SRB-9000006.001.Pw01_vs_DMSO,Pw01,G_00018,PG_00018,5.381015292566506,0.4449906021876099,Low (2-10),0.156867603402841,0.5749613409038089,0.9545239691629223
1624,SRB-9000006.001.Pw01_vs_DMSO,Pw01,G_00019,PG_00019,11.700114146475775,0.4276840530927767,Silent,0.27121921682456673,0.10237082892463156,0.10762586374175043
1626,SRB-9000006.001.Pw01_vs_DMSO,Pw01,G_00020,PG_00020,36.1721658851971,0.3248290258567619,Medium (11-25),0.5194563272119647,0.8641279316348311,0.16532850389033582
1628,SRB-9000006.001.Pw01_vs_DMSO,Pw01,G_00021,PG_00021,1.2082872297339435,0.3007181991067016,Single (1),0.11647475495226822,0.86410889611723,0.7825474539051998
1630,SRB-9000006.001.Pw01_vs_DMSO,Pw01,G_00022,PG_00022,7.788453176144513,0.5208587269495178,High (>25),0.6469239575476227,0.8424263397268933,0.7869112738918572
1632,SRB-9000006.001.Pw01_vs_DMSO,Pw01,G_00023,PG_00023,4.3507274718711235,0.16426100822699918,Medium (11-25),0.35781316509504846,0.7262602176508843,0.046711766432670165
1634,SRB-9000006.001.Pw01_vs_DMSO,Pw01,G_00024,PG_00024,7.66690015688839,0.698237940359965,Low (2-10),0.7358813559654238,0.48466201513174556,0.13098589421903495
1636,SRB-9000006.001.Pw01_vs_DMSO,Pw01,G_00025,PG_00025,31.081051100976346,0.7991217085018864,Single (1),0.25258364384785315,0.6496202377800293,0.5165185748385
1638,SRB-9000006.001.Pw01_vs_DMSO,Pw01,G_00026,PG_00026,0.7023016225063295,0.7019830563756582,Low (2-10),0.4194040307943717,0.12262135830474319,0.9484379498876374
1640,SRB-9000006.001.Pw01_vs_DMSO,Pw01,G_00027,PG_00027,5.765576730251128,0.4469385316098953,Low (2-10),0.4943146220649359,0.7660909857102359,0.33102423482559207
1642,SRB-9000006.001.Pw01_vs_DMSO,Pw01,G_00028,PG_00028,8.475135795383784,0.036132886662219255,Silent,0.21837006398405456,0.946299217902075,0.13978358686776904
1644,SRB-9000006.001.Pw01_vs_DMSO,Pw01,G_00029,PG_00029,4.23406575827792,0.26897647499001087,Single (1),0.701440080174889,0.6284099556056211,0.29916504143963074
1646,SRB-9000006.001.Pw01_vs_DMSO,Pw01,G_00030,PG_00030,0.5034341112858864,0.9417053305114765,Medium (11-25),0.7130156581508087,0.32099844132629896,0.4066055041594787
1648,SRB-9000006.001.Pw01_vs_DMSO,Pw01,G_00031,PG_00031,6.582460878668002,0.12761055286874456,Silent,0.8937879115123579,0.23123613457632464,0.23295125242035608
1650,SRB-9000006.001.Pw01_vs_DMSO,Pw01,G_00032,PG_00032,16.46948104043524,0.1353809976531305,Single (1),0.6221489392901947,0.7194128620190571,0.4999462600394745
1652,SRB-9000006.001.Pw01_vs_DMSO,Pw01,G_00033,PG_00033,53.20944563851525,0.21433155516363422,Medium (11-25),0.38547041985644226,0.8369044439780122,0.04256183855185469
1654,SRB-9000006.001.Pw01_vs_DMSO,Pw01,G_00034,PG_00034,0.2635361297202874,0.4944788474270736,Single (1),0.021494270286962713,0.900156590381122,0.7167289580548312
1656,SRB-9000006.001.Pw01_vs_DMSO,Pw01,G_00035,PG_00035,5.920344347038737,0.22517349731712755,Medium (11-25),0.33093740100798563,0.37505917808794853,0.921753235112203
1658,SRB-9000006.001.Pw01_vs_DMSO,Pw01,G_00036,PG_00036,0.46713299992277013,0.4751582202160627,Medium (11-25),0.2113299538675596,0.7525913704083156,0.47449240564045947
1660,SRB-9000006.001.Pw01_vs_DMSO,Pw01,G_00037,PG_00037,5.111768036080688,0.25791616798846373,High (>25),0.4175319187484754,0.46384259536256367,0.8952621027170555
1662,SRB-9000006.001.Pw01_vs_DMSO,Pw01,G_00038,PG_00038,10.496118776925718,0.44510413621501654,High (>25),0.5498383804751232,0.8734068610948866,0.5942985177350646
1664,SRB-9000006.001.Pw01_vs_DMSO,Pw01,G_00039,PG_00039,18.112504888481187,0.21443439045829327,Silent,0.18512176083549403,0.969729435186374,0.8183945418195103
1666,SRB-9000006.001.Pw01_vs_DMSO,Pw01,G_00040,PG_00040,26.08557874094578,0.604415821295162,Low (2-10),0.0011287459026794178,0.6390707473467953,0.5147031426320118
1668,SRB-9000006.001.Pw01_vs_DMSO,Pw01,G_00041,PG_00041,27.66705404738746,0.05156303466039114,High (>25),0.9727136610623888,0.33023010139138453,0.5786568655531993
1670,SRB-9000006.001.Pw01_vs_DMSO,Pw01,G_00042,PG_00042,6.5201792154518134,0.4991961419568497,Medium (11-25),0.8730113384120928,0.921039792736494,0.6958574336034542
1672,SRB-9000006.001.Pw01_vs_DMSO,Pw01,G_00043,PG_00043,7.7721442541381,0.6852429606851308,High (>25),0.5939563772354157,0.9860192611747974,0.8766808506894591
1674,SRB-9000006.001.Pw01_vs_DMSO,Pw01,G_00044,PG_00044,20.00839698408638,0.31199839916911143,Medium (11-25),0.18626687121380203,0.1704737519229712,0.15920452124000561
1676,SRB-9000006.001.Pw01_vs_DMSO,Pw01,G_00045,PG_00045,8.395947239162899,0.2618827038180528,Silent,0.052876831507763566,0.3871386255779541,0.9619594993579467
1678,SRB-9000006.001.Pw01_vs_DMSO,Pw01,G_00046,PG_00046,30.022782364050613,0.1407776201357156,Low (2-10),0.9233037319415619,0.6141706942107599,0.452410936581631
1680,SRB-9000006.001.Pw01_vs_DMSO,Pw01,G_00047,PG_00047,18.248513129044333,0.3905323558071685,Low (2-10),0.15790758921111425,0.7427515196203209,0.19138403498979606
1682,SRB-9000006.001.Pw01_vs_DMSO,Pw01,G_00048,PG_00048,11.547920827358695,0.060038433308032824,Silent,0.6078425189598586,0.7857767535847096,0.5638707606393671
1684,SRB-9000006.001.Pw01_vs_DMSO,Pw01,G_00049,PG_00049,2.26680643277288,0.8492229272180118,Medium (11-25),0.24013384254072967,0.9792620430030017,0.9850197695972899
1686,SRB-9000006.001.Pw01_vs_DMSO,Pw01,G_00050,PG_00050,76.83793850011013,0.5818796841062917,Single (1),0.563813272178476,0.9735650805193916,0.5407380663888517
1688,SRB-9000006.001.Pw01_vs_DMSO,Pw01,G_00051,PG_00051,5.111432984682486,0.2656464565253608,High (>25),0.14247515700527036,0.6093096091573751,0.6510490029663859
1690,SRB-9000006.001.Pw01_vs_DMSO,Pw01,G_00052,PG_00052,0.12046380750862631,0.7024097821150233,Single (1),0.5175124213657433,0.7764997094778304,0.7093684970129343
1692,SRB-9000006.001.Pw01_vs_DMSO,Pw01,G_00053,PG_00053,18.002329357914704,0.9804849072434031,Single (1),0.6660373882621432,0.06485609752257027,0.5803665377155115
1694,SRB-9000006.001.Pw01_vs_DMSO,Pw01,G_00054,PG_00054,14.141024456629196,0.08001884470611154,High (>25),0.4798432825495893,0.8148793282490644,0.6378075407932094
1696,SRB-9000006.001.Pw01_vs_DMSO,Pw01,G_00055,PG_00055,4.7492167004252135,0.033577685597046214,High (>25),0.7705556437683355,0.27161213864184064,0.893744091498962
1698,SRB-9000006.001.Pw01_vs_DMSO,Pw01,G_00056,PG_00056,7.108523067999328,0.7850469208623709,Low (2-10),0.5873285710908903,0.9902165485150427,0.6852440997324165
1700,SRB-9000006.001.Pw01_vs_DMSO,Pw01,G_00057,PG_00057,3.5467293547303456,0.7471970714765285,Single (1),0.8774413054202418,0.5040192910746927,0.6333920444600545
1702,SRB-9000006.001.Pw01_vs_DMSO,Pw01,G_00058,PG_00058,15.924994513931306,0.8359075104564664,High (>25),0.2646561590132728,0.332651961540922,0.3706824891509556
1704,SRB-9000006.001.Pw01_vs_DMSO,Pw01,G_00059,PG_00059,23.698611542577886,0.6208426102100216,Medium (11-25),0.11703877037975396,0.020682515541568303,0.11144704953825546
1706,SRB-9000007.001.Pw00_vs_DMSO,Pw00,G_00000,PG_00000,7.652127375758791,0.5978992561707971,Medium (11-25),0.13807049781807335,0.9232366022770668,0.94259759528647
1708,SRB-9000007.001.Pw00_vs_DMSO,Pw00,G_00001,PG_00001,17.524122528576036,0.16317591109856344,High (>25),0.5004162269431767,0.32722216548092464,0.3545071080705735
1710,SRB-9000007.001.Pw00_vs_DMSO,Pw00,G_00002,PG_00002,5.1396598582853095,0.8439722585648899,Silent,0.833236357866407,0.8863832047642684,0.9804469173779433
1712,SRB-9000007.001.Pw00_vs_DMSO,Pw00,G_00003,PG_00003,17.598684827538168,0.17923997493990362,Single (1),0.3746297956700321,0.06374100578083308,0.7790000267325421
1714,SRB-9000007.001.Pw00_vs_DMSO,Pw00,G_00004,PG_00004,27.166372646542296,0.7885750015812405,Single (1),0.5709669215899383,0.3010593551376741,0.4134241262232021
1716,SRB-9000007.001.Pw00_vs_DMSO,Pw00,G_00005,PG_00005,5.50978615912585,0.3616437698056142,Medium (11-25),0.18692795690969943,0.9540792491825237,0.3411695748311443
1718,SRB-9000007.001.Pw00_vs_DMSO,Pw00,G_00006,PG_00006,1.290313771985016,0.9809540087800284,Single (1),0.46599974016493606,0.744815897650679,0.6784866660557644
1720,SRB-9000007.001.Pw00_vs_DMSO,Pw00,G_00007,PG_00007,11.732716973784726,0.5868369664015319,Low (2-10),0.6850867017802909,0.33160332365921075,0.2900542597948019
1722,SRB-9000007.001.Pw00_vs_DMSO,Pw00,G_00008,PG_00008,21.32415030822588,0.4095691574585628,Single (1),0.3429607545470258,0.708348869588192,0.9714808218236863
1724,SRB-9000007.001.Pw00_vs_DMSO,Pw00,G_00009,PG_00009,1.1546487271268653,0.017166030255860942,Single (1),0.6241649234712136,0.43219832952740456,0.16205645571460614
1726,SRB-9000007.001.Pw00_vs_DMSO,Pw00,G_00010,PG_00010,12.907291529342668,0.3783570166020793,Medium (11-25),0.935663559740371,0.6459549160322117,0.7122835456934511
1728,SRB-9000007.001.Pw00_vs_DMSO,Pw00,G_00011,PG_00011,12.193192043085462,0.9797962408437072,Low (2-10),0.9198679842391866,0.9458482160350631,0.6257639290137924
1730,SRB-9000007.001.Pw00_vs_DMSO,Pw00,G_00012,PG_00012,17.236935220492416,0.8299651756317654,High (>25),0.9001374371450873,0.6873984415391609,0.253056490252096
1732,SRB-9000007.001.Pw00_vs_DMSO,Pw00,G_00013,PG_00013,5.106495549498978,0.8368136994278954,High (>25),0.7697550142516375,0.3009463795481445,0.8143731450746367
1734,SRB-9000007.001.Pw00_vs_DMSO,Pw00,G_00014,PG_00014,1.4890859911518182,0.0839493997965628,Medium (11-25),0.14169611973696894,0.3001417894206263,0.3400115743113443
1736,SRB-9000007.001.Pw00_vs_DMSO,Pw00,G_00015,PG_00015,2.276836084718945,0.8418844862644624,Silent,0.5687116105779215,0.7616907152664144,0.31932796357948245
1738,SRB-9000007.001.Pw00_vs_DMSO,Pw00,G_00016,PG_00016,3.3915751951935666,0.5342725104940197,Silent,0.9093312688088925,0.45419470483573154,0.8254076269479264
1740,SRB-9000007.001.Pw00_vs_DMSO,Pw00,G_00017,PG_00017,1.3909544130242288,0.2939982334438148,Low (2-10),0.35202547628112724,0.5362230365880841,0.12610148276226818
1742,SRB-9000007.001.Pw00_vs_DMSO,Pw00,G_00018,PG_00018,10.737078361098511,0.5035001855265888,Single (1),0.10648251902436756,0.8173233954790399,0.7316870868796725
1744,SRB-9000007.001.Pw00_vs_DMSO,Pw00,G_00019,PG_00019,5.722855278506354,0.2683375976121306,Single (1),0.1600492293271526,0.8796113312526961,0.7675953834350885
1746,SRB-9000007.001.Pw00_vs_DMSO,Pw00,G_00020,PG_00020,6.1364888077626,0.30847367906853806,Silent,0.6269918937318428,0.3248400509065462,0.2965406497991656
1748,SRB-9000007.001.Pw00_vs_DMSO,Pw00,G_00021,PG_00021,8.972927896443316,0.709271867472636,Silent,0.4405408835838951,0.6109769674397942,0.46348981837489533
1750,SRB-9000007.001.Pw00_vs_DMSO,Pw00,G_00022,PG_00022,0.8840071676965571,0.5297646484182232,High (>25),0.48464256017040486,0.04907341951508648,0.8505436459305953
1752,SRB-9000007.001.Pw00_vs_DMSO,Pw00,G_00023,PG_00023,21.198459752805483,0.6242112582369549,Medium (11-25),0.6563493097888446,0.11301466226073154,0.2650319289992309
1754,SRB-9000007.001.Pw00_vs_DMSO,Pw00,G_00024,PG_00024,12.962349561984063,0.45017522050816994,Low (2-10),0.6129134809829371,0.4553710060781986,0.5628648856163354
1756,SRB-9000007.001.Pw00_vs_DMSO,Pw00,G_00025,PG_00025,7.763337530054145,0.17636550933338568,Low (2-10),0.5210055767694185,0.6725521661281337,0.8784511954748557
1758,SRB-9000007.001.Pw00_vs_DMSO,Pw00,G_00026,PG_00026,14.954835499736273,0.5983728545321094,Medium (11-25),0.33691104705209596,0.26726031953285323,0.30671097545556103
1760,SRB-9000007.001.Pw00_vs_DMSO,Pw00,G_00027,PG_00027,33.17275529174034,0.8125467582439435,High (>25),0.07002945975742625,0.7020893624531332,0.27651422906550727
1762,SRB-9000007.001.Pw00_vs_DMSO,Pw00,G_00028,PG_00028,7.04656262155015,0.18899891759778253,Medium (11-25),0.3121033396358297,0.3495870283315067,0.5195789138739707
1764,SRB-9000007.001.Pw00_vs_DMSO,Pw00,G_00029,PG_00029,24.71618080269756,0.9479311930770478,Silent,0.9240791320878893,0.19030671076685202,0.045109698835395506
1766,SRB-9000007.001.Pw00_vs_DMSO,Pw00,G_00030,PG_00030,5.098729719673939,0.8007661913090832,High (>25),0.4611370727499593,0.981538661886741,0.8742513030763671
1768,SRB-9000007.001.Pw00_vs_DMSO,Pw00,G_00031,PG_00031,32.216446534094295,0.8377982905537648,Medium (11-25),0.7768702513095508,0.27245551276098734,0.9029025139738941
1770,SRB-9000007.001.Pw00_vs_DMSO,Pw00,G_00032,PG_00032,22.487535247730477,0.22920985763566382,Medium (11-25),0.811373503327777,0.5860217747577645,0.6405668706757067
1772,SRB-9000007.001.Pw00_vs_DMSO,Pw00,G_00033,PG_00033,7.849492957956826,0.5953680428189215,Medium (11-25),0.8015958500552892,0.1003579350601318,0.2985813775489248
1774,SRB-9000007.001.Pw00_vs_DMSO,Pw00,G_00034,PG_00034,17.667112246321704,0.24806409319053102,Low (2-10),0.05056775328226337,0.9568755376450707,0.06418169472740731
1776,SRB-9000007.001.Pw00_vs_DMSO,Pw00,G_00035,PG_00035,44.95011705317108,0.9504309169185222,High (>25),0.8261521046362664,0.6399103345337812,0.9568607328544492
1778,SRB-9000007.001.Pw00_vs_DMSO,Pw00,G_00036,PG_00036,2.8001082307624148,0.6254541275934038,Medium (11-25),0.7337799948528917,0.5388001353569555,0.13599977971664057
1780,SRB-9000007.001.Pw00_vs_DMSO,Pw00,G_00037,PG_00037,2.7986966431307225,0.955803419170605,Silent,0.7275867323530139,0.3268448709262469,0.7260694356009199
1782,SRB-9000007.001.Pw00_vs_DMSO,Pw00,G_00038,PG_00038,15.110292850746212,0.4267574377707869,Single (1),0.19396110555388002,0.8339762157431995,0.5649275012754744
1784,SRB-9000007.001.Pw00_vs_DMSO,Pw00,G_00039,PG_00039,10.255955953632029,0.5924822388354416,Low (2-10),0.6001044415224949,0.912294575130975,0.19674058446891052
1786,SRB-9000007.001.Pw00_vs_DMSO,Pw00,G_00040,PG_00040,49.37255391310346,0.03332487006872087,Medium (11-25),0.39257899614161984,0.9086820270628844,0.5384678473553689
1788,SRB-9000007.001.Pw00_vs_DMSO,Pw00,G_00041,PG_00041,31.08445248887043,0.8370439533263987,Medium (11-25),0.18118993710035503,0.015013779148318251,0.1748900694065605
1790,SRB-9000007.001.Pw00_vs_DMSO,Pw00,G_00042,PG_00042,11.070216761007979,0.6362411255525519,Medium (11-25),0.18965744637603965,0.24142963988429322,0.43436499479166857
1792,SRB-9000007.001.Pw00_vs_DMSO,Pw00,G_00043,PG_00043,1.9715350155741829,0.0839464414811576,Medium (11-25),0.6521969414075347,0.8719888743889992,0.7293534081217639
1794,SRB-9000007.001.Pw00_vs_DMSO,Pw00,G_00044,PG_00044,10.2952394771616,0.811559248600471,Low (2-10),0.06811328315765186,0.14083780912218313,0.9952249293993392
1796,SRB-9000007.001.Pw00_vs_DMSO,Pw00,G_00045,PG_00045,36.186006173240955,0.22849579030332745,Medium (11-25),0.950381704358055,0.6596743223808055,0.3326677473602505
1798,SRB-9000007.001.Pw00_vs_DMSO,Pw00,G_00046,PG_00046,0.4582345279775236,0.1277447482342945,Silent,0.02578000080583509,0.6494349085815077,0.4915345626990424
1800,SRB-9000007.001.Pw00_vs_DMSO,Pw00,G_00047,PG_00047,6.867778279148448,0.7567522046241857,Medium (11-25),0.09767072907454843,0.6832251709704964,0.9295974706303451
1802,SRB-9000007.001.Pw00_vs_DMSO,Pw00,G_00048,PG_00048,8.610294896913485,0.8447342838496015,Single (1),0.840523797684486,0.3445505175599809,0.7535886314891981
1804,SRB-9000007.001.Pw00_vs_DMSO,Pw00,G_00049,PG_00049,2.715834895220279,0.8549136291529627,High (>25),0.6139417134703831,0.24038196814546864,0.4729471273268112
1806,SRB-9000007.001.Pw00_vs_DMSO,Pw00,G_00050,PG_00050,3.4063229746673693,0.5751321159242385,Low (2-10),0.5165077860048628,0.8945262423571637,0.8565958447163187
1808,SRB-9000007.001.Pw00_vs_DMSO,Pw00,G_00051,PG_00051,11.211358360100679,0.39917046114718224,Single (1),0.6043929650123119,0.2589977548983077,0.7999504008064657
1810,SRB-9000007.001.Pw00_vs_DMSO,Pw00,G_00052,PG_00052,45.46077186832191,0.23054946357903772,High (>25),0.48570349930959766,0.9773219914550003,0.4522191002540016
1812,SRB-9000007.001.Pw00_vs_DMSO,Pw00,G_00053,PG_00053,6.470313198748223,0.34606187292031354,Single (1),0.16064751215826545,0.6462129056234414,0.8323207745614268
1814,SRB-9000007.001.Pw00_vs_DMSO,Pw00,G_00054,PG_00054,4.288265340582396,0.06654482877980816,Low (2-10),0.8974482086204325,0.7588558983721037,0.6662062369544375
1816,SRB-9000007.001.Pw00_vs_DMSO,Pw00,G_00055,PG_00055,0.3219925841237923,0.15936681746058168,Single (1),0.11190462760719921,0.4266447040907676,0.9020218800686737
1818,SRB-9000007.001.Pw00_vs_DMSO,Pw00,G_00056,PG_00056,14.35429337097636,0.6249218349048208,Silent,0.13164927138058669,0.3474023918528981,0.7508496089504613
1820,SRB-9000007.001.Pw00_vs_DMSO,Pw00,G_00057,PG_00057,4.1780567992273525,0.25294877152646666,Single (1),0.7900083367355984,0.07560901212773241,0.31055451080967267
1822,SRB-9000007.001.Pw00_vs_DMSO,Pw00,G_00058,PG_00058,32.81499080164181,0.45548616860603985,High (>25),0.23964265340788227,0.5051427575359941,0.14448371886277978
1824,SRB-9000007.001.Pw00_vs_DMSO,Pw00,G_00059,PG_00059,1.5116735071052207,0.31621514082572033,Medium (11-25),0.15495286709311706,0.6544161962484398,0.5911744560579147
1826,SRB-9000007.001.Pw01_vs_DMSO,Pw01,G_00000,PG_00000,3.6612607818579552,0.6170145142979048,Low (2-10),0.6140687420410573,0.9183134243059708,0.4030877898802071
1828,SRB-9000007.001.Pw01_vs_DMSO,Pw01,G_00001,PG_00001,1.1655704384008487,0.04045178058824772,Single (1),0.48081322675257276,0.7496215335235725,0.5606111310971273
1830,SRB-9000007.001.Pw01_vs_DMSO,Pw01,G_00002,PG_00002,7.371485275226204,0.07979072921160635,Low (2-10),0.592019955091917,0.41779092021131337,0.6672042740664685
1832,SRB-9000007.001.Pw01_vs_DMSO,Pw01,G_00003,PG_00003,57.24163188879618,0.6442846793255397,Silent,0.7551621304433731,0.42375183598706123,0.5854652242241559
1834,SRB-9000007.001.Pw01_vs_DMSO,Pw01,G_00004,PG_00004,18.964006322935123,0.24802895399498615,Medium (11-25),0.4965037471952545,0.3042327416318341,0.8616666123544826
1836,SRB-9000007.001.Pw01_vs_DMSO,Pw01,G_00005,PG_00005,14.469593535505956,0.8024668614464824,High (>25),0.06433708348140488,0.3862924401882276,0.2667999461917979
1838,SRB-9000007.001.Pw01_vs_DMSO,Pw01,G_00006,PG_00006,28.635286010655175,0.6248482667098018,High (>25),0.07654737436784453,0.8555817041467456,0.6032664322076062
1840,SRB-9000007.001.Pw01_vs_DMSO,Pw01,G_00007,PG_00007,15.359364372830296,0.29384258821316556,High (>25),0.6603461258005878,0.13568434094671278,0.2961404224485178
1842,SRB-9000007.001.Pw01_vs_DMSO,Pw01,G_00008,PG_00008,29.702699543662455,0.37467526381685046,High (>25),0.8558147536092617,0.5205497385729275,0.9023673434154309
1844,SRB-9000007.001.Pw01_vs_DMSO,Pw01,G_00009,PG_00009,11.224071653959065,0.7927333171285535,Low (2-10),0.0007053733177297961,0.4420459477554072,0.6084555596740108
1846,SRB-9000007.001.Pw01_vs_DMSO,Pw01,G_00010,PG_00010,5.742466727289572,0.42394720644447237,Medium (11-25),0.7792955534189171,0.6013442434094202,0.0564687870215449
1848,SRB-9000007.001.Pw01_vs_DMSO,Pw01,G_00011,PG_00011,0.6407507377649506,0.23972408209707552,Silent,0.22293354368507412,0.5763607568809208,0.8696897764768245
1850,SRB-9000007.001.Pw01_vs_DMSO,Pw01,G_00012,PG_00012,6.540844417180298,0.4332794574545563,Silent,0.13845971961916614,0.2996264780812806,0.44111408873079017
1852,SRB-9000007.001.Pw01_vs_DMSO,Pw01,G_00013,PG_00013,27.282371574878262,0.6049163626610427,High (>25),0.7169371016656285,0.070096829916379,0.19406011763181286
1854,SRB-9000007.001.Pw01_vs_DMSO,Pw01,G_00014,PG_00014,9.264859579426663,0.44655965696036304,Low (2-10),0.7420939982594259,0.5989566523499043,0.15201877480023673
1856,SRB-9000007.001.Pw01_vs_DMSO,Pw01,G_00015,PG_00015,0.2069719493719372,0.9992057165606832,Single (1),0.3099797142376419,0.9057204158782859,0.6554324385027923
1858,SRB-9000007.001.Pw01_vs_DMSO,Pw01,G_00016,PG_00016,1.6431503110455976,0.7675756528509677,Low (2-10),0.05922889445426549,0.3784652821779012,0.9682579279844666
1860,SRB-9000007.001.Pw01_vs_DMSO,Pw01,G_00017,PG_00017,5.545011340381588,0.876960745294607,Single (1),0.6382116407910243,0.7687834794729651,0.46715118641332387
1862,SRB-9000007.001.Pw01_vs_DMSO,Pw01,G_00018,PG_00018,8.076340045139732,0.08835805411466091,Medium (11-25),0.1617331631914687,0.3679408415085056,0.8203639192031775
1864,SRB-9000007.001.Pw01_vs_DMSO,Pw01,G_00019,PG_00019,8.469725629215397,0.3997451982887005,High (>25),0.9661220598224622,0.6089892443099681,0.37993273803499683
1866,SRB-9000007.001.Pw01_vs_DMSO,Pw01,G_00020,PG_00020,0.9885951005825118,0.23977658758760279,Silent,0.971722177680977,0.2523013263865702,0.8112687847285767
1868,SRB-9000007.001.Pw01_vs_DMSO,Pw01,G_00021,PG_00021,21.94458864927371,0.48855144895569114,Single (1),0.702048047903441,0.6813437483254087,0.2622013385365991
1870,SRB-9000007.001.Pw01_vs_DMSO,Pw01,G_00022,PG_00022,37.11303285470076,0.8379289361576797,Silent,0.4664131473262604,0.6089847798314875,0.4435720565210297
1872,SRB-9000007.001.Pw01_vs_DMSO,Pw01,G_00023,PG_00023,34.741125988048914,0.8980659006138023,Single (1),0.3271358736702755,0.17529826653180158,0.10048229528366359
1874,SRB-9000007.001.Pw01_vs_DMSO,Pw01,G_00024,PG_00024,31.215763028474722,0.8952421100406929,Medium (11-25),0.8973501946956103,0.7419722035600561,0.4728718022634246
1876,SRB-9000007.001.Pw01_vs_DMSO,Pw01,G_00025,PG_00025,6.753385354155925,0.24567257618411442,Medium (11-25),0.7619317559286782,0.6382398832556525,0.5619196179256798
1878,SRB-9000007.001.Pw01_vs_DMSO,Pw01,G_00026,PG_00026,31.798068598613032,0.05921688624009913,Single (1),0.4668721359242566,0.8221905790654208,0.07257397407188093
1880,SRB-9000007.001.Pw01_vs_DMSO,Pw01,G_00027,PG_00027,10.561534404189363,0.4845359895270518,High (>25),0.8004084383138357,0.9850335546226288,0.571052837508033
1882,SRB-9000007.001.Pw01_vs_DMSO,Pw01,G_00028,PG_00028,26.574855540182114,0.46223839824554,Single (1),0.8387636103448148,0.027842073413896107,0.26014993410562315
1884,SRB-9000007.001.Pw01_vs_DMSO,Pw01,G_00029,PG_00029,22.952621658986544,0.6122900054530195,Single (1),0.7785601000248309,0.7148524505157491,0.0922983193214224
1886,SRB-9000007.001.Pw01_vs_DMSO,Pw01,G_00030,PG_00030,17.446182921135154,0.005260950697964728,Low (2-10),0.523386793608406,0.9749846437325368,0.944064950180363
1888,SRB-9000007.001.Pw01_vs_DMSO,Pw01,G_00031,PG_00031,12.863928536546489,0.615302374660077,Medium (11-25),0.5605090980284096,0.6162387931317544,0.18011782966159684
1890,SRB-9000007.001.Pw01_vs_DMSO,Pw01,G_00032,PG_00032,9.935744565656702,0.2117282951167644,High (>25),0.7569964474672138,0.8395996279388975,0.5566179312974255
1892,SRB-9000007.001.Pw01_vs_DMSO,Pw01,G_00033,PG_00033,190.06139534403266,0.8692725952252632,Silent,0.8437147655795137,0.4666559505687645,0.6958686739944103
1894,SRB-9000007.001.Pw01_vs_DMSO,Pw01,G_00034,PG_00034,8.13962301258234,0.7479435580241958,Low (2-10),0.11760088038455074,0.5254479349996356,0.8168564003562655
1896,SRB-9000007.001.Pw01_vs_DMSO,Pw01,G_00035,PG_00035,3.478071568256923,0.44496781322886225,Low (2-10),0.8090725416543515,0.6544990452780373,0.3078246492143092
1898,SRB-9000007.001.Pw01_vs_DMSO,Pw01,G_00036,PG_00036,4.139863197118564,0.8260556721982397,Single (1),0.5824204864737996,0.0012818642548785286,0.8239283635064872
1900,SRB-9000007.001.Pw01_vs_DMSO,Pw01,G_00037,PG_00037,0.3117334015356069,0.2609968107519649,Single (1),0.6599905081059207,0.5598965164045356,0.316844324745685
1902,SRB-9000007.001.Pw01_vs_DMSO,Pw01,G_00038,PG_00038,5.634270048949813,0.06384900416184913,Medium (11-25),0.8388740562566297,0.12785672058794706,0.15642565435489253
1904,SRB-9000007.001.Pw01_vs_DMSO,Pw01,G_00039,PG_00039,6.918463398807422,0.5540359595841426,High (>25),0.5499088341814213,0.8894439059354639,0.8716106248216784
1906,SRB-9000007.001.Pw01_vs_DMSO,Pw01,G_00040,PG_00040,5.071303310880148,0.08164962392159392,Silent,0.9199229123345515,0.038948613152552714,0.32786489989447154
1908,SRB-9000007.001.Pw01_vs_DMSO,Pw01,G_00041,PG_00041,12.582058776710117,0.33015433937935534,Low (2-10),0.6526103081821302,0.42004603820984965,0.5653049705565226
1910,SRB-9000007.001.Pw01_vs_DMSO,Pw01,G_00042,PG_00042,5.58235237742805,0.5880345838541478,Silent,0.10607896728727839,0.7582775599646476,0.9883653571260281
1912,SRB-9000007.001.Pw01_vs_DMSO,Pw01,G_00043,PG_00043,4.498566313406558,0.16079084979272074,Low (2-10),0.9972828338557312,0.5162339870352222,0.10729878569036111
1914,SRB-9000007.001.Pw01_vs_DMSO,Pw01,G_00044,PG_00044,3.0566360079779287,0.7488114157318492,Silent,0.34113433785731984,0.5966584558527789,0.14786405986470053
1916,SRB-9000007.001.Pw01_vs_DMSO,Pw01,G_00045,PG_00045,32.62840176870335,0.07173384655029802,High (>25),0.12724638620786766,0.799862228642813,0.04342289001288424
1918,SRB-9000007.001.Pw01_vs_DMSO,Pw01,G_00046,PG_00046,5.151853500520119,0.236265733215691,Medium (11-25),0.3210689046711447,0.8033211173231165,0.75699500096195
1920,SRB-9000007.001.Pw01_vs_DMSO,Pw01,G_00047,PG_00047,7.838548512888032,0.39604247608165766,Single (1),0.0021194932292409874,0.07844380688532648,0.612314989396403
1922,SRB-9000007.001.Pw01_vs_DMSO,Pw01,G_00048,PG_00048,32.75452476947816,0.19838882819490045,Low (2-10),0.3797807475034727,0.3008496635659311,0.13497017415073176
1924,SRB-9000007.001.Pw01_vs_DMSO,Pw01,G_00049,PG_00049,19.36878179957889,0.1425346111059853,Medium (11-25),0.5689778566328763,0.3218689627970115,0.4467751813672639
1926,SRB-9000007.001.Pw01_vs_DMSO,Pw01,G_00050,PG_00050,27.26678901928099,0.6959385445498429,Single (1),0.2957142577060008,0.42132824034862315,0.016776242540591957
1928,SRB-9000007.001.Pw01_vs_DMSO,Pw01,G_00051,PG_00051,6.671103303461338,0.39398484683238943,Single (1),0.25234095326199846,0.24991746515830726,0.03425010178457044
1930,SRB-9000007.001.Pw01_vs_DMSO,Pw01,G_00052,PG_00052,8.906116961684145,0.19417974333451749,Single (1),0.7038869737791373,0.9991776245421173,0.964521164735356
1932,SRB-9000007.001.Pw01_vs_DMSO,Pw01,G_00053,PG_00053,8.32575050088725,0.34288102410943144,Silent,0.05795013314735131,0.7358639678189764,0.16209944082599848
1934,SRB-9000007.001.Pw01_vs_DMSO,Pw01,G_00054,PG_00054,17.320102873223124,0.6266297423289303,Low (2-10),0.5270048924501187,0.48882842422069717,0.8887166891229531
1936,SRB-9000007.001.Pw01_vs_DMSO,Pw01,G_00055,PG_00055,3.9082739075695136,0.7708001135593455,Single (1),0.997439327284494,0.449398883895917,0.8921169837194981
1938,SRB-9000007.001.Pw01_vs_DMSO,Pw01,G_00056,PG_00056,11.809608813600317,0.9727057778499837,Medium (11-25),0.3857213003299731,0.2252206044765943,0.5305988370020543
1940,SRB-9000007.001.Pw01_vs_DMSO,Pw01,G_00057,PG_00057,15.203001200949988,0.0909272276060259,Low (2-10),0.9347380183480026,0.824995356520515,0.038392909056154334
1942,SRB-9000007.001.Pw01_vs_DMSO,Pw01,G_00058,PG_00058,1.552461839645495,0.22622858919693534,Low (2-10),0.31687123338885625,0.2007542130468567,0.769077965281446
1944,SRB-9000007.001.Pw01_vs_DMSO,Pw01,G_00059,PG_00059,4.42689762049771,0.8166823773889178,Single (1),0.3780823521643837,0.1244451641202724,0.008597501291078502
1946,SRB-9000008.001.Pw00_vs_DMSO,Pw00,G_00000,PG_00000,14.310422390393331,0.8576155288976713,High (>25),0.29107638842047856,0.789227961944638,0.9528004683904865
1948,SRB-9000008.001.Pw00_vs_DMSO,Pw00,G_00001,PG_00001,10.280023961963838,0.3093483263548933,Silent,0.6664749826753898,0.34172385174261366,0.0549921883741995
1950,SRB-9000008.001.Pw00_vs_DMSO,Pw00,G_00002,PG_00002,6.103308521558063,0.8091994794656402,High (>25),0.6594167213789971,0.8096408876606614,0.19093419524493394
1952,SRB-9000008.001.Pw00_vs_DMSO,Pw00,G_00003,PG_00003,0.4319465308494097,0.3443386989266902,Medium (11-25),0.333743425659216,0.5341985600983058,0.32649601186050825
1954,SRB-9000008.001.Pw00_vs_DMSO,Pw00,G_00004,PG_00004,3.0661682786796414,0.03440662315661702,Single (1),0.4387920599621986,0.2846307997866486,0.7133165152946999
1956,SRB-9000008.001.Pw00_vs_DMSO,Pw00,G_00005,PG_00005,45.97123590131025,0.24125518903391152,High (>25),0.3587537706356423,0.3053105856767413,0.8907476194712854
1958,SRB-9000008.001.Pw00_vs_DMSO,Pw00,G_00006,PG_00006,0.05745075761837652,0.11010691554181129,Silent,0.7323968903123179,0.0003709932300185459,0.9726584205717934
1960,SRB-9000008.001.Pw00_vs_DMSO,Pw00,G_00007,PG_00007,12.763852977970304,0.22096976595726403,Single (1),0.7955070119065322,0.28065718768741654,0.8741293665631871
1962,SRB-9000008.001.Pw00_vs_DMSO,Pw00,G_00008,PG_00008,32.13993310842548,0.8422754465930565,High (>25),0.33815785653161623,0.48736431956475035,0.4270663786234604
1964,SRB-9000008.001.Pw00_vs_DMSO,Pw00,G_00009,PG_00009,16.097843844824634,0.12859616050959544,Silent,0.015375491452374379,0.784311493119419,0.6002050148128368
1966,SRB-9000008.001.Pw00_vs_DMSO,Pw00,G_00010,PG_00010,16.301263321302766,0.39112751414067526,Low (2-10),0.3153282591753038,0.1685865815471942,0.02394390428016735
1968,SRB-9000008.001.Pw00_vs_DMSO,Pw00,G_00011,PG_00011,8.177897228309842,0.1853172033522522,Silent,0.21146486436983114,0.04358245843180175,0.7586595064517144
1970,SRB-9000008.001.Pw00_vs_DMSO,Pw00,G_00012,PG_00012,16.099905260261124,0.6630767749624217,High (>25),0.3776826066510295,0.47831238407707755,0.5300455392663271
1972,SRB-9000008.001.Pw00_vs_DMSO,Pw00,G_00013,PG_00013,4.933827013248591,0.9479404147407992,High (>25),0.37791041764271216,0.42293505439292167,0.06231076260023394
1974,SRB-9000008.001.Pw00_vs_DMSO,Pw00,G_00014,PG_00014,29.986936968216437,0.41923785370363653,Medium (11-25),0.7416931656829406,0.4636787866829022,0.31344993510518415
1976,SRB-9000008.001.Pw00_vs_DMSO,Pw00,G_00015,PG_00015,6.817603687838667,0.4989254505877806,Medium (11-25),0.03227312875795507,0.01967825395810885,0.17190231836868108
1978,SRB-9000008.001.Pw00_vs_DMSO,Pw00,G_00016,PG_00016,9.686568810967206,0.7179447689547978,Medium (11-25),0.904116341386096,0.5757865629618764,0.9329344553953774
1980,SRB-9000008.001.Pw00_vs_DMSO,Pw00,G_00017,PG_00017,4.856207357937217,0.781212005110619,Medium (11-25),0.3795776687397242,0.9512252703299691,0.917836800376563
1982,SRB-9000008.001.Pw00_vs_DMSO,Pw00,G_00018,PG_00018,28.358696170059865,0.2517480867397469,Silent,0.4086774424563684,0.5186549765256729,0.31565127163425344
1984,SRB-9000008.001.Pw00_vs_DMSO,Pw00,G_00019,PG_00019,9.866323148505057,0.2153197728583608,Medium (11-25),0.8733741806028058,0.4385561388923943,0.0569894993061375
1986,SRB-9000008.001.Pw00_vs_DMSO,Pw00,G_00020,PG_00020,30.909018809407293,0.9939801494445171,Single (1),0.7468018259532462,0.6337004147419892,0.3569626338125207
1988,SRB-9000008.001.Pw00_vs_DMSO,Pw00,G_00021,PG_00021,61.1489962343304,0.47390703480213525,High (>25),0.15090995606820734,0.8297684606683614,0.5508886077760629
1990,SRB-9000008.001.Pw00_vs_DMSO,Pw00,G_00022,PG_00022,24.129806003268254,0.23669416169446322,Medium (11-25),0.626466999510379,0.7540163320772477,0.22591600840901294
1992,SRB-9000008.001.Pw00_vs_DMSO,Pw00,G_00023,PG_00023,19.093743499861286,0.11005781309741414,Silent,0.9127411286883786,0.8454396146155251,0.33582526367183807
1994,SRB-9000008.001.Pw00_vs_DMSO,Pw00,G_00024,PG_00024,1.2675766132985684,0.724419856950997,High (>25),0.6205181094995857,0.4599782403448557,0.2312913231157515
1996,SRB-9000008.001.Pw00_vs_DMSO,Pw00,G_00025,PG_00025,5.740141420418355,0.009513084846663356,Single (1),0.6776695833274012,0.058869415764381094,0.009705023548425395
1998,SRB-9000008.001.Pw00_vs_DMSO,Pw00,G_00026,PG_00026,4.759531104090575,0.21441674551538503,High (>25),0.0022769399793530765,0.7768134329484122,0.5332278064399016
2000,SRB-9000008.001.Pw00_vs_DMSO,Pw00,G_00027,PG_00027,10.712047412493021,0.02577207889611055,Single (1),0.20175329113217755,0.8858373760447427,0.1653765522622872
2002,SRB-9000008.001.Pw00_vs_DMSO,Pw00,G_00028,PG_00028,16.972302768006923,0.24523007025804555,Medium (11-25),0.7509599966655537,0.8933037880966462,0.7509867655776163
2004,SRB-9000008.001.Pw00_vs_DMSO,Pw00,G_00029,PG_00029,1.7204242757232053,0.8606003098630917,Silent,0.2772391620604705,0.3649731068262275,0.5685819099836122
2006,SRB-9000008.001.Pw00_vs_DMSO,Pw00,G_00030,PG_00030,16.186744263923327,0.557753254017541,Silent,0.12828079102921497,0.9595805397558946,0.8063478199855835
2008,SRB-9000008.001.Pw00_vs_DMSO,Pw00,G_00031,PG_00031,12.695135646500361,0.309445733724383,Silent,0.1386350720485332,0.47522233783174284,0.4235187812261674
2010,SRB-9000008.001.Pw00_vs_DMSO,Pw00,G_00032,PG_00032,5.721054781985435,0.17057106845505798,Silent,0.9325385192168242,0.7694248273085459,0.4750287594519125
2012,SRB-9000008.001.Pw00_vs_DMSO,Pw00,G_00033,PG_00033,12.043659169092658,0.14668564714027887,Silent,0.5068544356074649,0.910460679096682,0.5476614282288412
2014,SRB-9000008.001.Pw00_vs_DMSO,Pw00,G_00034,PG_00034,5.861759394161438,0.45929440656513665,Medium (11-25),0.6693204550185533,0.5186066490568025,0.18565136544376037
2016,SRB-9000008.001.Pw00_vs_DMSO,Pw00,G_00035,PG_00035,2.1991224594164667,0.6457928219409441,Silent,0.8989677931012446,0.5643698889887674,0.9049280703745173
2018,SRB-9000008.001.Pw00_vs_DMSO,Pw00,G_00036,PG_00036,2.8334124549077613,0.37826093429603336,Low (2-10),0.20261978040998907,0.20585854369666423,0.8106784917660945
2020,SRB-9000008.001.Pw00_vs_DMSO,Pw00,G_00037,PG_00037,42.23775324617604,0.7811925014930498,Medium (11-25),0.6500917529632136,0.34156577882948613,0.25291801282949455
2022,SRB-9000008.001.Pw00_vs_DMSO,Pw00,G_00038,PG_00038,43.65687296330752,0.44805054873234884,Silent,0.8410450742999503,0.443561761722428,0.41203528975414083
2024,SRB-9000008.001.Pw00_vs_DMSO,Pw00,G_00039,PG_00039,12.693992368228614,0.44024765372122254,High (>25),0.8707363646717412,0.47635289778903955,0.7939951711754233
2026,SRB-9000008.001.Pw00_vs_DMSO,Pw00,G_00040,PG_00040,0.36052031499729786,0.3921336957373768,Medium (11-25),0.37017984599888276,0.41713098184704844,0.36279102130196916
2028,SRB-9000008.001.Pw00_vs_DMSO,Pw00,G_00041,PG_00041,0.31818162070505973,0.8595058354894456,Silent,0.37284917710879995,0.5056650111303791,0.02254104763050402
2030,SRB-9000008.001.Pw00_vs_DMSO,Pw00,G_00042,PG_00042,5.164901396988755,0.41779893838731486,Silent,0.8338395250407253,0.4802234385827383,0.8158843371821781
2032,SRB-9000008.001.Pw00_vs_DMSO,Pw00,G_00043,PG_00043,27.615839081203802,0.1539684662573868,Silent,0.6540987078300192,0.573505677883402,0.34496900831123534
2034,SRB-9000008.001.Pw00_vs_DMSO,Pw00,G_00044,PG_00044,15.100240506310696,0.6879715233800966,Low (2-10),0.825278001795763,0.6081134597268366,0.9170715212813116
2036,SRB-9000008.001.Pw00_vs_DMSO,Pw00,G_00045,PG_00045,25.15293550964022,0.025920509238342992,Low (2-10),0.3453407752923088,0.7113284973711019,0.8370369523993021
2038,SRB-9000008.001.Pw00_vs_DMSO,Pw00,G_00046,PG_00046,3.355621369110346,0.39261595764383883,Medium (11-25),0.6934556674699233,0.5308238631817659,0.18253588508534624
2040,SRB-9000008.001.Pw00_vs_DMSO,Pw00,G_00047,PG_00047,50.50973256648744,0.625588325115478,Medium (11-25),0.7250839503874223,0.4956431416070758,0.12373713915997064
2042,SRB-9000008.001.Pw00_vs_DMSO,Pw00,G_00048,PG_00048,14.093457489781702,0.1807611796725047,Single (1),0.14201833772819772,0.30395238989763074,0.7048244215513495
2044,SRB-9000008.001.Pw00_vs_DMSO,Pw00,G_00049,PG_00049,30.93298498117339,0.18765407851688887,Medium (11-25),0.6230886896398433,0.303372994485003,0.9103542475327375
2046,SRB-9000008.001.Pw00_vs_DMSO,Pw00,G_00050,PG_00050,13.514316562976216,0.6291453463070917,Medium (11-25),0.9763274678129933,0.547444475768107,0.9715820663435326
2048,SRB-9000008.001.Pw00_vs_DMSO,Pw00,G_00051,PG_00051,1.950569914570397,0.3484805391547271,Silent,0.4970833583509605,0.6461494908773926,0.6526123734003326
2050,SRB-9000008.001.Pw00_vs_DMSO,Pw00,G_00052,PG_00052,41.377039620118936,0.36785544995107533,Medium (11-25),0.9289624461024599,0.45762182627142567,0.1573211349763567
2052,SRB-9000008.001.Pw00_vs_DMSO,Pw00,G_00053,PG_00053,3.2676039419157465,0.9277333423734065,High (>25),0.9049611335831194,0.3628986902431963,0.8365700238649421
2054,SRB-9000008.001.Pw00_vs_DMSO,Pw00,G_00054,PG_00054,10.404462515324024,0.3008644761683721,High (>25),0.7053873398640382,0.9928541679349596,0.16769592308009984
2056,SRB-9000008.001.Pw00_vs_DMSO,Pw00,G_00055,PG_00055,5.2506056930544265,0.8195011776131776,Medium (11-25),0.4146942204010805,0.28196121350240355,0.7403603312485956
2058,SRB-9000008.001.Pw00_vs_DMSO,Pw00,G_00056,PG_00056,1.2945908766405676,0.9616815277437175,Medium (11-25),0.8958422855019829,0.8655394614090622,0.6488211684595125
2060,SRB-9000008.001.Pw00_vs_DMSO,Pw00,G_00057,PG_00057,0.08810449620271237,0.9024571346323159,Medium (11-25),0.10024806729081415,0.4144443692758769,0.45917642512345425
2062,SRB-9000008.001.Pw00_vs_DMSO,Pw00,G_00058,PG_00058,3.8242475236531215,0.35760448669001976,Silent,0.9571676614108204,0.22169543627768784,0.8771843975479939
2064,SRB-9000008.001.Pw00_vs_DMSO,Pw00,G_00059,PG_00059,1.4962332810594803,0.7670265554238861,Silent,0.7368516967806429,0.9211314978944206,0.9000561974880124
2066,SRB-9000008.001.Pw01_vs_DMSO,Pw01,G_00000,PG_00000,1.2773187927890932,0.2694222629165013,High (>25),0.2962984000663007,0.6997764114143216,0.09752874262807554
2068,SRB-9000008.001.Pw01_vs_DMSO,Pw01,G_00001,PG_00001,7.087706433045148,0.7102167503492047,Single (1),0.3146666085757297,0.4657740018165901,0.07096549639455596
2070,SRB-9000008.001.Pw01_vs_DMSO,Pw01,G_00002,PG_00002,12.821956215889116,0.5863186285238616,High (>25),0.7004931600798009,0.6255265283229208,0.9758538225268777
2072,SRB-9000008.001.Pw01_vs_DMSO,Pw01,G_00003,PG_00003,9.03788784275801,0.004291282562557619,High (>25),0.3424344826067459,0.3934301381391302,0.07787903776920335
2074,SRB-9000008.001.Pw01_vs_DMSO,Pw01,G_00004,PG_00004,17.16786442365936,0.7694894746339379,High (>25),0.7017755948238434,0.1460262991069753,0.8079609203001267
2076,SRB-9000008.001.Pw01_vs_DMSO,Pw01,G_00005,PG_00005,34.07364977701379,0.7227898572424266,Low (2-10),0.21075071298160275,0.02377352315674819,0.8677282166860245
2078,SRB-9000008.001.Pw01_vs_DMSO,Pw01,G_00006,PG_00006,33.105013558909405,0.3689541705823244,Medium (11-25),0.2894777725686297,0.8347961020529971,0.4813393359040574
2080,SRB-9000008.001.Pw01_vs_DMSO,Pw01,G_00007,PG_00007,0.1426447515067289,0.3379713513189023,Low (2-10),0.035322782567746014,0.3881148841656543,0.09445575534805228
2082,SRB-9000008.001.Pw01_vs_DMSO,Pw01,G_00008,PG_00008,37.39407478708708,0.4623470600442743,Medium (11-25),0.40809346250915446,0.8851262416379047,0.7400845165704769
2084,SRB-9000008.001.Pw01_vs_DMSO,Pw01,G_00009,PG_00009,17.28798336794452,0.20753820178762739,Single (1),0.07546454191568364,0.8277648173100196,0.4366494518617111
2086,SRB-9000008.001.Pw01_vs_DMSO,Pw01,G_00010,PG_00010,19.291988752924727,0.7544552995249819,Low (2-10),0.14443415633716017,0.7272333645761325,0.6783354089795004
2088,SRB-9000008.001.Pw01_vs_DMSO,Pw01,G_00011,PG_00011,27.339858631949014,0.7141770181501014,Medium (11-25),0.2717329977915094,0.11105849544971103,0.6133595153445841
2090,SRB-9000008.001.Pw01_vs_DMSO,Pw01,G_00012,PG_00012,13.72498250522842,0.44459045180638157,Silent,0.5041632290223578,0.7847847069040425,0.021389356430292494
2092,SRB-9000008.001.Pw01_vs_DMSO,Pw01,G_00013,PG_00013,4.983352993601347,0.34760718089294196,Medium (11-25),0.32193018075478774,0.22102839602680258,0.06650209375606952
2094,SRB-9000008.001.Pw01_vs_DMSO,Pw01,G_00014,PG_00014,25.307303170725746,0.1652275337646455,Medium (11-25),0.6447863335675403,0.6395520553839618,0.12840365826027744
2096,SRB-9000008.001.Pw01_vs_DMSO,Pw01,G_00015,PG_00015,15.332295444624126,0.019496560540132934,Silent,0.3295180564996899,0.6174352129592302,0.991924289320035
2098,SRB-9000008.001.Pw01_vs_DMSO,Pw01,G_00016,PG_00016,14.604035529370133,0.07842638220929443,Low (2-10),0.7422905292848381,0.38414684695476886,0.19246261805513187
2100,SRB-9000008.001.Pw01_vs_DMSO,Pw01,G_00017,PG_00017,19.692723240923947,0.6392144383238871,Low (2-10),0.7407080670608888,0.3951110304574098,0.9526009496854924
2102,SRB-9000008.001.Pw01_vs_DMSO,Pw01,G_00018,PG_00018,10.823738741995799,0.33396987814716084,Medium (11-25),0.1727049986126581,0.8890422008642231,0.45941045498622846
2104,SRB-9000008.001.Pw01_vs_DMSO,Pw01,G_00019,PG_00019,1.8485291950701204,0.49467033733793087,Single (1),0.989159443338255,0.09818550061008735,0.8670446558991375
2106,SRB-9000008.001.Pw01_vs_DMSO,Pw01,G_00020,PG_00020,24.97050489593221,0.9668873157155092,Medium (11-25),0.8287968618167134,0.957407439349275,0.7529708611098549
2108,SRB-9000008.001.Pw01_vs_DMSO,Pw01,G_00021,PG_00021,37.579303683163815,0.3180406045357752,Low (2-10),0.15537402122078747,0.3594226879312281,0.05663168325472834
2110,SRB-9000008.001.Pw01_vs_DMSO,Pw01,G_00022,PG_00022,9.485557448355939,0.3020971027621493,Single (1),0.1313917321660797,0.7246454059608101,0.13871359501238612
2112,SRB-9000008.001.Pw01_vs_DMSO,Pw01,G_00023,PG_00023,1.3484482052553135,0.44443064593373416,Single (1),0.13273830233268913,0.3413477797091361,0.5260197812894153
2114,SRB-9000008.001.Pw01_vs_DMSO,Pw01,G_00024,PG_00024,8.655964213903044,0.3617428285409623,Silent,0.07465827032172723,0.7020962596729492,0.7769836795364223
2116,SRB-9000008.001.Pw01_vs_DMSO,Pw01,G_00025,PG_00025,14.648742231908678,0.2385939925534436,Medium (11-25),0.40601191770118283,0.7046202820818274,0.49670122547794926
2118,SRB-9000008.001.Pw01_vs_DMSO,Pw01,G_00026,PG_00026,5.075189162087441,0.5461267389481188,High (>25),0.3067414165315624,0.5455833061438216,0.35222613039833883
2120,SRB-9000008.001.Pw01_vs_DMSO,Pw01,G_00027,PG_00027,11.301856180451932,0.5413493891513864,Single (1),0.9479751613538219,0.5118058404027708,0.17438150865115198
2122,SRB-9000008.001.Pw01_vs_DMSO,Pw01,G_00028,PG_00028,22.518863800561633,0.6497452881182326,Single (1),0.2225134853881945,0.6982523954831537,0.7405349951432699
2124,SRB-9000008.001.Pw01_vs_DMSO,Pw01,G_00029,PG_00029,27.71867657361804,0.8451691235894152,Medium (11-25),0.33802918576096563,0.8122123546884102,0.4769285864899816
2126,SRB-9000008.001.Pw01_vs_DMSO,Pw01,G_00030,PG_00030,12.791269931820898,0.6584273535229674,Silent,0.39413105381429436,0.706775007743582,0.4533193419031071
2128,SRB-9000008.001.Pw01_vs_DMSO,Pw01,G_00031,PG_00031,0.4878621109018561,0.9180275464828839,Silent,0.10603121880963773,0.1613536147995316,0.7832461960074223
2130,SRB-9000008.001.Pw01_vs_DMSO,Pw01,G_00032,PG_00032,3.4183751103554707,0.8536654489735832,Low (2-10),0.15778123427467228,0.4768213036077088,0.4302350413592312
2132,SRB-9000008.001.Pw01_vs_DMSO,Pw01,G_00033,PG_00033,16.778449157716395,0.8876679766910991,Medium (11-25),0.46778095704652545,0.461889265705272,0.21830547397061395
2134,SRB-9000008.001.Pw01_vs_DMSO,Pw01,G_00034,PG_00034,8.194640637567998,0.1540305616740949,Single (1),0.3269488618363404,0.07005847760776474,0.6861077067887136
2136,SRB-9000008.001.Pw01_vs_DMSO,Pw01,G_00035,PG_00035,5.017057444277973,0.827143049556571,Low (2-10),0.653164065933621,0.2825626440656681,0.6996621826695231
2138,SRB-9000008.001.Pw01_vs_DMSO,Pw01,G_00036,PG_00036,3.120778647990193,0.6737823217074378,Single (1),0.31655767132105406,0.883187338154014,0.35640005591802637
2140,SRB-9000008.001.Pw01_vs_DMSO,Pw01,G_00037,PG_00037,49.18881232087303,0.7000606199457031,Single (1),0.26274924562306134,0.4115723967346083,0.739983226572602
2142,SRB-9000008.001.Pw01_vs_DMSO,Pw01,G_00038,PG_00038,2.5135112940630213,0.8765882758558674,Medium (11-25),0.5570782807973844,0.6601129217710511,0.823906528689344
2144,SRB-9000008.001.Pw01_vs_DMSO,Pw01,G_00039,PG_00039,5.9646392187766635,0.21205670815291744,Single (1),0.4559868794394655,0.09174342995203433,0.9465095689552648
2146,SRB-9000008.001.Pw01_vs_DMSO,Pw01,G_00040,PG_00040,50.5786941317509,0.8456258217157305,Medium (11-25),0.3617130058051079,0.7080004322086818,0.09947196022865445
2148,SRB-9000008.001.Pw01_vs_DMSO,Pw01,G_00041,PG_00041,8.209992741237846,0.1447056365224192,High (>25),0.5872339133411736,0.47637654403762775,0.04116295618924781
2150,SRB-9000008.001.Pw01_vs_DMSO,Pw01,G_00042,PG_00042,2.6598620448705153,0.8668663265525458,Single (1),0.8202858691805193,0.7237185899008688,0.20039324800232472
2152,SRB-9000008.001.Pw01_vs_DMSO,Pw01,G_00043,PG_00043,1.6977630200686837,0.6408370325734039,Single (1),0.5789289919814501,0.9382284064538708,0.40497038466177293
2154,SRB-9000008.001.Pw01_vs_DMSO,Pw01,G_00044,PG_00044,55.71143555565174,0.7861186792898145,Low (2-10),0.9923255522030525,0.422905491666427,0.6465412196877262
2156,SRB-9000008.001.Pw01_vs_DMSO,Pw01,G_00045,PG_00045,1.4976759686132697,0.9460116271848057,Medium (11-25),0.710900737194741,0.08549361128428501,0.45441615383371337
2158,SRB-9000008.001.Pw01_vs_DMSO,Pw01,G_00046,PG_00046,8.157026197111872,0.8341040557666083,Silent,0.003218360573246648,0.514581671407204,0.15908995060653486
2160,SRB-9000008.001.Pw01_vs_DMSO,Pw01,G_00047,PG_00047,12.93171370324433,0.16702961466817046,Silent,0.9626557693784774,0.08837492445931339,0.6245755956334701
2162,SRB-9000008.001.Pw01_vs_DMSO,Pw01,G_00048,PG_00048,21.361537740256118,0.22006997538292095,High (>25),0.8238258848694195,0.9928756326806034,0.21044243661819617
2164,SRB-9000008.001.Pw01_vs_DMSO,Pw01,G_00049,PG_00049,4.4773047332974345,0.9133906092133065,Low (2-10),0.9831546195780474,0.5137717125121649,0.7038489726167124
2166,SRB-9000008.001.Pw01_vs_DMSO,Pw01,G_00050,PG_00050,8.56960483847254,0.3510820785832155,Medium (11-25),0.4860404646567047,0.2866820790357686,0.43003896750632375
2168,SRB-9000008.001.Pw01_vs_DMSO,Pw01,G_00051,PG_00051,22.970900563700546,0.3360346139255521,Medium (11-25),0.9552751259051028,0.14678972584516814,0.9679168282223359
2170,SRB-9000008.001.Pw01_vs_DMSO,Pw01,G_00052,PG_00052,7.385350789248268,0.5281607579401091,Single (1),0.2920166222730888,0.6735571979228093,0.11238115018618511
2172,SRB-9000008.001.Pw01_vs_DMSO,Pw01,G_00053,PG_00053,17.67326609962416,0.43756376690966914,Silent,0.3165327078077834,0.21662498202274727,0.40385180866402615
2174,SRB-9000008.001.Pw01_vs_DMSO,Pw01,G_00054,PG_00054,7.5344231886955395,0.8405096711099684,Single (1),0.8288439747435554,0.06394105559316787,0.17917981467720667
2176,SRB-9000008.001.Pw01_vs_DMSO,Pw01,G_00055,PG_00055,4.843480198667413,0.28529976939500445,Low (2-10),0.9832890319376727,0.026931520281225474,0.46310430143160386
2178,SRB-9000008.001.Pw01_vs_DMSO,Pw01,G_00056,PG_00056,16.085564386980767,0.2700132982821184,High (>25),0.5443468656259759,0.6428914736042124,0.8848696774776598
2180,SRB-9000008.001.Pw01_vs_DMSO,Pw01,G_00057,PG_00057,13.772168628197004,0.2000316027290885,Medium (11-25),0.4981629230257645,0.9601305333896262,0.3347516957382288
2182,SRB-9000008.001.Pw01_vs_DMSO,Pw01,G_00058,PG_00058,6.191308176511184,0.8419651167930101,Low (2-10),0.7865688319565677,0.922264797755172,0.3553603184348332
2184,SRB-9000008.001.Pw01_vs_DMSO,Pw01,G_00059,PG_00059,3.1789255283102507,0.18916360045876468,High (>25),0.7937394381835746,0.3561770365501796,0.16816491521105548
2186,SRB-9000009.001.Pw00_vs_DMSO,Pw00,G_00000,PG_00000,0.645885556196008,0.46581775977954976,High (>25),0.7668088019182404,0.20937684818482416,0.07918481217954787
2188,SRB-9000009.001.Pw00_vs_DMSO,Pw00,G_00001,PG_00001,6.188895646462209,0.5423475656697474,Single (1),0.5251668012332733,0.06295419115084633,0.3586705045117794
2190,SRB-9000009.001.Pw00_vs_DMSO,Pw00,G_00002,PG_00002,0.1832800177821588,0.1463178825738085,Medium (11-25),0.1906866425618884,0.4550363262364182,0.6037710650648658
2192,SRB-9000009.001.Pw00_vs_DMSO,Pw00,G_00003,PG_00003,13.774403653700837,0.6857161941720497,High (>25),0.2664442154597877,0.509216102431542,0.28796154552971664
2194,SRB-9000009.001.Pw00_vs_DMSO,Pw00,G_00004,PG_00004,1.915094792336899,0.022752805825032918,Medium (11-25),0.6727273748713071,0.8375803714675029,0.4120716991056521
2196,SRB-9000009.001.Pw00_vs_DMSO,Pw00,G_00005,PG_00005,35.33789438689221,0.07886932284282411,Medium (11-25),0.17890049914591233,0.8591085556338063,0.8457593732457801
2198,SRB-9000009.001.Pw00_vs_DMSO,Pw00,G_00006,PG_00006,6.5382332275086466,0.7882913534396335,High (>25),0.14723601132795272,0.2535743218256141,0.7296538048954628
2200,SRB-9000009.001.Pw00_vs_DMSO,Pw00,G_00007,PG_00007,1.7435104660813199,0.2521894336788759,Medium (11-25),0.8567084940190202,0.00023191053958648844,0.20778517153662956
2202,SRB-9000009.001.Pw00_vs_DMSO,Pw00,G_00008,PG_00008,5.058003860054022,0.646695975721948,Low (2-10),0.6183369870141797,0.45383632103437954,0.6479903595696532
2204,SRB-9000009.001.Pw00_vs_DMSO,Pw00,G_00009,PG_00009,1.6545806738187576,0.13039450462241797,Single (1),0.36705458040495687,0.6880187883297185,0.7130302442314649
2206,SRB-9000009.001.Pw00_vs_DMSO,Pw00,G_00010,PG_00010,9.778169091297443,0.7490559421449808,Low (2-10),0.788030155667165,0.7020174832236941,0.1532234231023547
2208,SRB-9000009.001.Pw00_vs_DMSO,Pw00,G_00011,PG_00011,3.2355806978016517,0.2709716117155663,High (>25),0.4864572938051056,0.186790995353316,0.5996188158271698
2210,SRB-9000009.001.Pw00_vs_DMSO,Pw00,G_00012,PG_00012,18.635018374448187,0.8907342214992631,Single (1),0.6772014881696383,0.8116554558896607,0.8805535275970064
2212,SRB-9000009.001.Pw00_vs_DMSO,Pw00,G_00013,PG_00013,26.029605672203203,0.19212398022898747,Medium (11-25),0.6714634010701629,0.907710597926806,0.5983716555633749
2214,SRB-9000009.001.Pw00_vs_DMSO,Pw00,G_00014,PG_00014,16.46792742807009,0.7512824247137913,Medium (11-25),0.3711394275439829,0.935049377850813,0.459780895187173
2216,SRB-9000009.001.Pw00_vs_DMSO,Pw00,G_00015,PG_00015,11.217871303541877,0.2606209236984455,Medium (11-25),0.8953860489295379,0.07614774449528872,0.6759962791007217
2218,SRB-9000009.001.Pw00_vs_DMSO,Pw00,G_00016,PG_00016,7.10825542355575,0.053092198352491904,Low (2-10),0.7278586798927197,0.11867381399198906,0.05724397801903369
2220,SRB-9000009.001.Pw00_vs_DMSO,Pw00,G_00017,PG_00017,36.73468045542231,0.9599650828648114,Silent,0.29443332995788596,0.09912805891753729,0.6009703215741875
2222,SRB-9000009.001.Pw00_vs_DMSO,Pw00,G_00018,PG_00018,19.465369690022015,0.4049808398130108,Single (1),0.43917577134343466,0.012217525652512107,0.17094090211669788
2224,SRB-9000009.001.Pw00_vs_DMSO,Pw00,G_00019,PG_00019,9.52941274061383,0.4377269214467163,Silent,0.7548802233585876,0.01967686358600096,0.611371211443313
2226,SRB-9000009.001.Pw00_vs_DMSO,Pw00,G_00020,PG_00020,20.722720712942262,0.19374582209028368,High (>25),0.9328670036747986,0.5026772697347991,0.2826243435870268
2228,SRB-9000009.001.Pw00_vs_DMSO,Pw00,G_00021,PG_00021,9.39286607191402,0.42875560188321127,Low (2-10),0.3060338195053097,0.6643471829969984,0.10889533020772446
2230,SRB-9000009.001.Pw00_vs_DMSO,Pw00,G_00022,PG_00022,2.0922129364836213,0.07842930210585097,Single (1),0.0353151233213892,0.1081004685253365,0.5805834565728183
2232,SRB-9000009.001.Pw00_vs_DMSO,Pw00,G_00023,PG_00023,3.956177500753456,0.2888801951674357,Medium (11-25),0.4726962718234291,0.49581246261915335,0.0665680761673777
2234,SRB-9000009.001.Pw00_vs_DMSO,Pw00,G_00024,PG_00024,4.44201917805954,0.9032665127054716,High (>25),0.19346280227350887,0.4145624802472645,0.9487027434041744
2236,SRB-9000009.001.Pw00_vs_DMSO,Pw00,G_00025,PG_00025,10.977335936799939,0.09729054158564499,High (>25),0.3840456295058048,0.30240255161116436,0.29943459342945666
2238,SRB-9000009.001.Pw00_vs_DMSO,Pw00,G_00026,PG_00026,4.942480440469684,0.24426461242494424,Single (1),0.7404771501667168,0.21546196230150194,0.006278800785487371
2240,SRB-9000009.001.Pw00_vs_DMSO,Pw00,G_00027,PG_00027,6.91865984886129,0.6394820554602233,Low (2-10),0.3852578475652745,0.42684104289543834,0.3591297592659638
2242,SRB-9000009.001.Pw00_vs_DMSO,Pw00,G_00028,PG_00028,2.491984929981882,0.7459959733747978,Single (1),0.06257787666976433,0.4181041030054288,0.7018277462353265
2244,SRB-9000009.001.Pw00_vs_DMSO,Pw00,G_00029,PG_00029,12.098735564924844,0.2035266659020991,Medium (11-25),0.6425085806381807,0.601436021035954,0.14306181176591237
2246,SRB-9000009.001.Pw00_vs_DMSO,Pw00,G_00030,PG_00030,5.935356949968377,0.3535980096997354,Single (1),0.8440563540239913,0.5028375109940271,0.7762165165088736
2248,SRB-9000009.001.Pw00_vs_DMSO,Pw00,G_00031,PG_00031,4.486337888179369,0.40699689543941575,Single (1),0.11516918960908296,0.23319494571310173,0.14340283094155315
2250,SRB-9000009.001.Pw00_vs_DMSO,Pw00,G_00032,PG_00032,7.133664496636475,0.005520764912815834,Single (1),0.6481211904502674,0.2495087023990511,0.9170457503221535
2252,SRB-9000009.001.Pw00_vs_DMSO,Pw00,G_00033,PG_00033,3.2520128047359655,0.5810415170309233,Low (2-10),0.29238058810401124,0.854861139087803,0.5180564614094446
2254,SRB-9000009.001.Pw00_vs_DMSO,Pw00,G_00034,PG_00034,17.75523316254639,0.4912603795435052,Medium (11-25),0.9683453217642315,0.01888176975954159,0.1897539954499452
2256,SRB-9000009.001.Pw00_vs_DMSO,Pw00,G_00035,PG_00035,2.2571314291681372,0.5300206057420268,Silent,0.9951206776923683,0.029771475258403512,0.6692258633370326
2258,SRB-9000009.001.Pw00_vs_DMSO,Pw00,G_00036,PG_00036,2.8673221003576983,0.03277106425383636,High (>25),0.2596102520584579,0.4939228849182645,0.7542716796328574
2260,SRB-9000009.001.Pw00_vs_DMSO,Pw00,G_00037,PG_00037,0.10299372309412613,0.27583756401606274,Medium (11-25),0.8367254166469388,0.4906670115439582,0.8169273645553405
2262,SRB-9000009.001.Pw00_vs_DMSO,Pw00,G_00038,PG_00038,7.186152592583063,0.45509351932878717,Medium (11-25),0.049507740220974594,0.17171898520290008,0.3096328504116249
2264,SRB-9000009.001.Pw00_vs_DMSO,Pw00,G_00039,PG_00039,10.808177397025347,0.442257919039298,Silent,0.6946891058104399,0.9644545197050014,0.8367643297843652
2266,SRB-9000009.001.Pw00_vs_DMSO,Pw00,G_00040,PG_00040,10.127717132820294,0.662986090333024,Medium (11-25),0.14544108618275198,0.5833688747292906,0.7589934743017607
2268,SRB-9000009.001.Pw00_vs_DMSO,Pw00,G_00041,PG_00041,7.718061844155114,0.5621774443916997,Medium (11-25),0.6434786660815608,0.4416613773019017,0.23988512597482503
2270,SRB-9000009.001.Pw00_vs_DMSO,Pw00,G_00042,PG_00042,2.2881555288229287,0.9192995346378845,Low (2-10),0.43151402130885685,0.2712276354153135,0.5171781390403104
2272,SRB-9000009.001.Pw00_vs_DMSO,Pw00,G_00043,PG_00043,6.8416447084712715,0.27924561090190214,Single (1),0.7042948202259729,0.5442817986826627,0.8216707998588053
2274,SRB-9000009.001.Pw00_vs_DMSO,Pw00,G_00044,PG_00044,21.927669775606542,0.4838496426917168,Single (1),0.511309907896123,0.08109736403879941,0.8481917968215832
2276,SRB-9000009.001.Pw00_vs_DMSO,Pw00,G_00045,PG_00045,14.310051899061758,0.7957958115019871,Silent,0.7645348754737241,0.8841596587116201,0.8910431438297028
2278,SRB-9000009.001.Pw00_vs_DMSO,Pw00,G_00046,PG_00046,12.547201556272118,0.7413121050824707,Silent,0.9786398910484486,0.26587263223822943,0.44495734532176745
2280,SRB-9000009.001.Pw00_vs_DMSO,Pw00,G_00047,PG_00047,7.470287415393086,0.9602821869293791,Silent,0.754395153361705,0.005077160569253447,0.07991098641418448
2282,SRB-9000009.001.Pw00_vs_DMSO,Pw00,G_00048,PG_00048,6.468408537119744,0.005431180347228781,Single (1),0.024338893282053298,0.5318469261248377,0.9248974016128868
2284,SRB-9000009.001.Pw00_vs_DMSO,Pw00,G_00049,PG_00049,8.44362068074739,0.20092051901099517,Medium (11-25),0.15906698586359358,0.35489943132406454,0.7415160605197658
2286,SRB-9000009.001.Pw00_vs_DMSO,Pw00,G_00050,PG_00050,19.291557307573353,0.5916071534644965,Low (2-10),0.06619426128012151,0.7247915416128325,0.978270646334684
2288,SRB-9000009.001.Pw00_vs_DMSO,Pw00,G_00051,PG_00051,6.769768073278549,0.1790809710002722,Silent,0.24403189081911802,0.8233305426121352,0.2934438231981955
2290,SRB-9000009.001.Pw00_vs_DMSO,Pw00,G_00052,PG_00052,17.82977094669555,0.1386452019993113,Silent,0.9789724078864602,0.18203883665205778,0.4965064496603394
2292,SRB-9000009.001.Pw00_vs_DMSO,Pw00,G_00053,PG_00053,6.937962438958721,0.7754019774259361,Low (2-10),0.19615133869181145,0.8457001662153721,0.5590516329898113
2294,SRB-9000009.001.Pw00_vs_DMSO,Pw00,G_00054,PG_00054,41.705869680983774,0.5513541040467448,Low (2-10),0.23223983792758318,0.2811391126721198,0.8545653009324807
2296,SRB-9000009.001.Pw00_vs_DMSO,Pw00,G_00055,PG_00055,7.602698838143963,0.4396491713876922,Medium (11-25),0.7742679883391728,0.18990194004041694,0.017031455966723952
2298,SRB-9000009.001.Pw00_vs_DMSO,Pw00,G_00056,PG_00056,1.0668164802364966,0.7511111462142294,Silent,0.6738306194419846,0.3524076095638822,0.14587299591092784
2300,SRB-9000009.001.Pw00_vs_DMSO,Pw00,G_00057,PG_00057,36.76973617511952,0.24668306230144343,Low (2-10),0.3436017928037157,0.30214514023302996,0.9365021018933712
2302,SRB-9000009.001.Pw00_vs_DMSO,Pw00,G_00058,PG_00058,25.05351771079807,0.7253108305094567,Medium (11-25),0.29072210300684276,0.4029308804123488,0.2653303172101479
2304,SRB-9000009.001.Pw00_vs_DMSO,Pw00,G_00059,PG_00059,5.4864587863209335,0.42149949095747663,Silent,0.530051346048903,0.6258649275442606,0.36093518277601133
2306,SRB-9000009.001.Pw01_vs_DMSO,Pw01,G_00000,PG_00000,10.532859949687843,0.12715360739661263,Silent,0.661514609714665,0.17841712470695992,0.048883331577207256
2308,SRB-9000009.001.Pw01_vs_DMSO,Pw01,G_00001,PG_00001,39.75815466763177,0.0014241852871420546,High (>25),0.7082348773890615,0.442852340545255,0.315355264640944
2310,SRB-9000009.001.Pw01_vs_DMSO,Pw01,G_00002,PG_00002,5.350390496594874,0.7007169059685545,Single (1),0.5624592199634253,0.8281943096930449,0.7350915096066589
2312,SRB-9000009.001.Pw01_vs_DMSO,Pw01,G_00003,PG_00003,35.9639313254152,0.7221040871734996,High (>25),0.9681388992671179,0.9784088571269491,0.09488153633297103
2314,SRB-9000009.001.Pw01_vs_DMSO,Pw01,G_00004,PG_00004,1.4851386133874707,0.1266406005347822,Medium (11-25),0.723858438930044,0.9908684349231348,0.7490999500876684
2316,SRB-9000009.001.Pw01_vs_DMSO,Pw01,G_00005,PG_00005,3.8326450577557987,0.745728901876866,Silent,0.014123574531073269,0.7828505775176753,0.10566455700303323
2318,SRB-9000009.001.Pw01_vs_DMSO,Pw01,G_00006,PG_00006,2.2182473201992297,0.2016220030622643,High (>25),0.8093047212000678,0.32218043075152925,0.9564971337024879
2320,SRB-9000009.001.Pw01_vs_DMSO,Pw01,G_00007,PG_00007,43.5827179568066,0.024225592194306533,High (>25),0.2587167085006349,0.09237022598405342,0.7657969993518549
2322,SRB-9000009.001.Pw01_vs_DMSO,Pw01,G_00008,PG_00008,19.62828243623762,0.46223556338106087,Medium (11-25),0.45484327023556315,0.7185503043795209,0.4739795245066253
2324,SRB-9000009.001.Pw01_vs_DMSO,Pw01,G_00009,PG_00009,0.453944280380252,0.7596629207050016,Single (1),0.05407244434915659,0.2620570361299569,0.9254130362399818
2326,SRB-9000009.001.Pw01_vs_DMSO,Pw01,G_00010,PG_00010,8.917489757677988,0.3625893716556091,Single (1),0.9580900470210497,0.10952970888749614,0.9761448710583164
2328,SRB-9000009.001.Pw01_vs_DMSO,Pw01,G_00011,PG_00011,0.6942470199825398,0.2794784673859856,Single (1),0.8580979441180502,0.8167551745668834,0.0503481555463966
2330,SRB-9000009.001.Pw01_vs_DMSO,Pw01,G_00012,PG_00012,1.0688288085510647,0.26346566903432833,Single (1),0.5408812939838258,0.8427799122787254,0.7805873168028132
2332,SRB-9000009.001.Pw01_vs_DMSO,Pw01,G_00013,PG_00013,5.645404097994789,0.304279786470397,Single (1),0.5559731394937971,0.2843253175751801,0.28821057293241437
2334,SRB-9000009.001.Pw01_vs_DMSO,Pw01,G_00014,PG_00014,1.5489824861396504,0.2488797952691686,Low (2-10),0.018142743008539575,0.21249877650244542,0.7997866423748522
2336,SRB-9000009.001.Pw01_vs_DMSO,Pw01,G_00015,PG_00015,6.471623920412396,0.6264680147199491,Medium (11-25),0.948736041170427,0.13075479174227034,0.8699188847524708
2338,SRB-9000009.001.Pw01_vs_DMSO,Pw01,G_00016,PG_00016,1.6811466857232373,0.8677300366432907,Medium (11-25),0.35640603886773115,0.3230757951795312,0.47293283789500207
2340,SRB-9000009.001.Pw01_vs_DMSO,Pw01,G_00017,PG_00017,29.726822879272916,0.6153401220480023,Medium (11-25),0.5528041927936899,0.02340059738008715,0.4413592579677954
2342,SRB-9000009.001.Pw01_vs_DMSO,Pw01,G_00018,PG_00018,0.6199006682865825,0.23925185461976972,Medium (11-25),0.3896106309782569,0.34011648317441745,0.5299957758777032
2344,SRB-9000009.001.Pw01_vs_DMSO,Pw01,G_00019,PG_00019,32.81143192346896,0.6349726521784141,High (>25),0.7428888962905367,0.3218872068961933,0.9878767104049051
2346,SRB-9000009.001.Pw01_vs_DMSO,Pw01,G_00020,PG_00020,8.48633032792386,0.44783866924874716,Single (1),0.17208532056713643,0.502010300884035,0.04357344729284052
2348,SRB-9000009.001.Pw01_vs_DMSO,Pw01,G_00021,PG_00021,17.417896679257318,0.239416864623624,Silent,0.6105120039012538,0.273141437516467,0.5309795670783839
2350,SRB-9000009.001.Pw01_vs_DMSO,Pw01,G_00022,PG_00022,13.603974154637399,0.33307170545406173,Silent,0.12442891185470095,0.30634793735601684,0.5987623084866233
2352,SRB-9000009.001.Pw01_vs_DMSO,Pw01,G_00023,PG_00023,20.188132966170684,0.2659642043281857,Medium (11-25),0.3696707896258381,0.7199007856220137,0.5162756196152342
2354,SRB-9000009.001.Pw01_vs_DMSO,Pw01,G_00024,PG_00024,4.557541494943145,0.8762610599305275,Single (1),0.3238918673025285,0.4534671113460159,0.455010677171401
2356,SRB-9000009.001.Pw01_vs_DMSO,Pw01,G_00025,PG_00025,16.2718109845613,0.5066580753944434,High (>25),0.8870726579830538,0.19907726382514002,0.17598340039574212
2358,SRB-9000009.001.Pw01_vs_DMSO,Pw01,G_00026,PG_00026,0.913990132139874,0.25189121349364485,Single (1),0.7056271810319865,0.5561616076216692,0.6687518772776552
2360,SRB-9000009.001.Pw01_vs_DMSO,Pw01,G_00027,PG_00027,14.031231810677516,0.7552049830861893,Single (1),0.27748591610431617,0.51689440097603,0.6247009612116506
2362,SRB-9000009.001.Pw01_vs_DMSO,Pw01,G_00028,PG_00028,15.93343083623186,0.5845813628054464,Single (1),0.24221771565312677,0.3179131175106653,0.6723729426357953
2364,SRB-9000009.001.Pw01_vs_DMSO,Pw01,G_00029,PG_00029,5.1902815507541895,0.4268573738335414,Silent,0.9798796211973014,0.8448402233348913,0.6185803580805563
2366,SRB-9000009.001.Pw01_vs_DMSO,Pw01,G_00030,PG_00030,28.115111063495767,0.11296637078963379,High (>25),0.13884583113787674,0.11785068388205644,0.7247103113875497
2368,SRB-9000009.001.Pw01_vs_DMSO,Pw01,G_00031,PG_00031,6.623835388804382,0.8581678942152853,Single (1),0.21944124570478374,0.23187299071413592,0.08278723317760806
2370,SRB-9000009.001.Pw01_vs_DMSO,Pw01,G_00032,PG_00032,2.87640784713315,0.2697173918870308,Medium (11-25),0.9929742556669707,0.29238773251248285,0.7899398646968344
2372,SRB-9000009.001.Pw01_vs_DMSO,Pw01,G_00033,PG_00033,7.122293436217788,0.6240315022985929,Silent,0.9127611957381974,0.14266792273063655,0.7204238438970012
2374,SRB-9000009.001.Pw01_vs_DMSO,Pw01,G_00034,PG_00034,6.2197393825346685,0.31911230376039057,Silent,0.47705840367878805,0.9297481962512418,0.18587999210846373
2376,SRB-9000009.001.Pw01_vs_DMSO,Pw01,G_00035,PG_00035,47.50411809301406,0.9153062442347598,Single (1),0.5663812511375952,0.2755768865788749,0.6634676147964812
2378,SRB-9000009.001.Pw01_vs_DMSO,Pw01,G_00036,PG_00036,28.05870116370385,0.4456349627892945,High (>25),0.5245359176761988,0.44334450255305036,0.21398381967017155
2380,SRB-9000009.001.Pw01_vs_DMSO,Pw01,G_00037,PG_00037,13.815056117577054,0.9932413655719025,Low (2-10),0.8943391998594415,0.7284883735761379,0.8490391587478844
2382,SRB-9000009.001.Pw01_vs_DMSO,Pw01,G_00038,PG_00038,0.1348656224314937,0.8763730723817585,Low (2-10),0.5558994100387292,0.5532016560439458,0.17895005180791002
2384,SRB-9000009.001.Pw01_vs_DMSO,Pw01,G_00039,PG_00039,3.27523076301026,0.6374339475515505,Low (2-10),0.9310576544178861,0.40297585902388666,0.5139650059199932
2386,SRB-9000009.001.Pw01_vs_DMSO,Pw01,G_00040,PG_00040,7.454781667477947,0.9404790177268965,Medium (11-25),0.4801404268615036,0.41665780020350274,0.938823268777552
2388,SRB-9000009.001.Pw01_vs_DMSO,Pw01,G_00041,PG_00041,0.8750921234894748,0.3404939840149699,Single (1),0.4710495614100504,0.3299475958945355,0.9236649520541836
2390,SRB-9000009.001.Pw01_vs_DMSO,Pw01,G_00042,PG_00042,11.01147968279925,0.3967527543294589,High (>25),0.31743173862947516,0.6337046410774201,0.11622562155352145
2392,SRB-9000009.001.Pw01_vs_DMSO,Pw01,G_00043,PG_00043,5.061042170631262,0.18880253716517326,Medium (11-25),0.41441854296424085,0.36305462692181467,0.3704303321354542
2394,SRB-9000009.001.Pw01_vs_DMSO,Pw01,G_00044,PG_00044,1.8740735302829128,0.6784198223155667,High (>25),0.8506676679569865,0.07931618357646375,0.49804843615036865
2396,SRB-9000009.001.Pw01_vs_DMSO,Pw01,G_00045,PG_00045,1.6950320441562297,0.2928399741772105,Medium (11-25),0.7528625232982348,0.4105220634062007,0.9406007728941984
2398,SRB-9000009.001.Pw01_vs_DMSO,Pw01,G_00046,PG_00046,18.673675684264495,0.8551881985731555,Single (1),0.8731960202128691,0.040795781969095724,0.9257940945025325
2400,SRB-9000009.001.Pw01_vs_DMSO,Pw01,G_00047,PG_00047,16.63145354400082,0.8727586270706792,Single (1),0.3086841582659564,0.6829560458210395,0.6633409065465086
2402,SRB-9000009.001.Pw01_vs_DMSO,Pw01,G_00048,PG_00048,0.4730912239133247,0.020599559118749555,Silent,0.495175024862486,0.9109675026407781,0.6532283716257842
2404,SRB-9000009.001.Pw01_vs_DMSO,Pw01,G_00049,PG_00049,6.548960620238111,0.4918453253647823,Single (1),0.07433036521023817,0.0607285066191291,0.06486530554075076
2406,SRB-9000009.001.Pw01_vs_DMSO,Pw01,G_00050,PG_00050,4.980416690005557,0.4644575364832997,High (>25),0.6539744092468771,0.7328991790109333,0.16997250476353432
2408,SRB-9000009.001.Pw01_vs_DMSO,Pw01,G_00051,PG_00051,16.989011962749544,0.3548211154524993,Low (2-10),0.26919636155271476,0.40577501806848404,0.7655125375899797
2410,SRB-9000009.001.Pw01_vs_DMSO,Pw01,G_00052,PG_00052,1.547771308422793,0.828616631597952,High (>25),0.609837796845158,0.2313726308615699,0.41110610100662903
2412,SRB-9000009.001.Pw01_vs_DMSO,Pw01,G_00053,PG_00053,88.88488001562806,0.1503590862028623,Low (2-10),0.32420945695054415,0.18823715848793432,0.5759420044163134
2414,SRB-9000009.001.Pw01_vs_DMSO,Pw01,G_00054,PG_00054,36.581697494736105,0.9558177279109762,Silent,0.07576712085771542,0.7894128209283029,0.9650056163164603
2416,SRB-9000009.001.Pw01_vs_DMSO,Pw01,G_00055,PG_00055,16.615858029710793,0.407455094617732,High (>25),0.9132090898590788,0.985751778838331,0.8449781551310022
2418,SRB-9000009.001.Pw01_vs_DMSO,Pw01,G_00056,PG_00056,2.7179908949447973,0.8733317887691163,High (>25),0.028623440563436464,0.9602763405755839,0.58488881549942
2420,SRB-9000009.001.Pw01_vs_DMSO,Pw01,G_00057,PG_00057,13.043909391590368,0.30925405993268695,High (>25),0.023554368288141836,0.48689763004191355,0.013104287759587052
2422,SRB-9000009.001.Pw01_vs_DMSO,Pw01,G_00058,PG_00058,14.843152992201656,0.32515258993290963,Single (1),0.41137647061294147,0.6947976882191597,0.5502970797150467
2424,SRB-9000009.001.Pw01_vs_DMSO,Pw01,G_00059,PG_00059,9.725308288546515,0.9212155660151706,Single (1),0.5609185434178225,0.23953175401969018,0.6657877497844431
2426,SRB-9000010.001.Pw00_vs_DMSO,Pw00,G_00000,PG_00000,53.912758360990644,0.25385927302339906,Low (2-10),0.625850165871699,0.8638208463268217,0.7231043220541468
2428,SRB-9000010.001.Pw00_vs_DMSO,Pw00,G_00001,PG_00001,12.314094986354029,0.7401657913170914,Medium (11-25),0.6045356980465305,0.28929006317909367,0.22922970575262192
2430,SRB-9000010.001.Pw00_vs_DMSO,Pw00,G_00002,PG_00002,199.37068490328926,0.20414313120264993,Single (1),0.7634697885891286,0.8489275760522187,0.8832662312688526
2432,SRB-9000010.001.Pw00_vs_DMSO,Pw00,G_00003,PG_00003,11.07896058549301,0.4382095610783815,Low (2-10),0.7560085353758901,0.572273038980194,0.9340027249900423
2434,SRB-9000010.001.Pw00_vs_DMSO,Pw00,G_00004,PG_00004,10.958079072554327,0.8508789442020214,High (>25),0.6433510032756649,0.6977714317606308,0.4763346912792742
2436,SRB-9000010.001.Pw00_vs_DMSO,Pw00,G_00005,PG_00005,4.335261120545243,0.8489579128623306,Low (2-10),0.45007983451224665,0.6824039255041154,0.3928249321433712
2438,SRB-9000010.001.Pw00_vs_DMSO,Pw00,G_00006,PG_00006,9.96217310579572,0.3709325685844286,High (>25),0.23883492407687934,0.7855455951637466,0.13419679043222088
2440,SRB-9000010.001.Pw00_vs_DMSO,Pw00,G_00007,PG_00007,18.814422874143084,0.1965150508893414,Silent,0.4298240184051648,0.748256425668153,0.2754360198479118
2442,SRB-9000010.001.Pw00_vs_DMSO,Pw00,G_00008,PG_00008,14.1724770794596,0.6219498377588153,Silent,0.5658711640545895,0.14655123773601764,0.5759906155391835
2444,SRB-9000010.001.Pw00_vs_DMSO,Pw00,G_00009,PG_00009,1.4729720511013797,0.7817011663686333,Low (2-10),0.663710751940486,0.5850241011950961,0.24000567592157773
2446,SRB-9000010.001.Pw00_vs_DMSO,Pw00,G_00010,PG_00010,20.702422681437355,0.8599595152096754,Low (2-10),0.24801899856495646,0.7439742353411983,0.05046935809215847
2448,SRB-9000010.001.Pw00_vs_DMSO,Pw00,G_00011,PG_00011,5.076157592804197,0.1082488806542995,Low (2-10),0.8048022750515027,0.9436750247464781,0.8955583332633938
2450,SRB-9000010.001.Pw00_vs_DMSO,Pw00,G_00012,PG_00012,45.62005814650506,0.2793932657809979,Low (2-10),0.1356730099232244,0.16799013028080234,0.7023571301131598
2452,SRB-9000010.001.Pw00_vs_DMSO,Pw00,G_00013,PG_00013,1.0373269368840063,0.04118423380134073,Silent,0.6981075160848379,0.6298667167324445,0.09477526149600435
2454,SRB-9000010.001.Pw00_vs_DMSO,Pw00,G_00014,PG_00014,8.633367031104518,0.03735264965593099,High (>25),0.9717637085175508,0.8473319286047085,0.1527277201807511
2456,SRB-9000010.001.Pw00_vs_DMSO,Pw00,G_00015,PG_00015,2.1634143527872,0.6658013090118703,Low (2-10),0.20290594055677535,0.28718223156943845,0.5652824739473707
2458,SRB-9000010.001.Pw00_vs_DMSO,Pw00,G_00016,PG_00016,4.398523279643451,0.45975364804039587,Single (1),0.9773606833770038,0.8182349259853378,0.17076646053624833
2460,SRB-9000010.001.Pw00_vs_DMSO,Pw00,G_00017,PG_00017,9.39730895257014,0.5476004690829006,Silent,0.20107901769012138,0.2238766684783845,0.7129003905015174
2462,SRB-9000010.001.Pw00_vs_DMSO,Pw00,G_00018,PG_00018,17.17428269340399,0.6828257824795085,High (>25),0.8081195039181739,0.8652524518109307,0.4965047984532701
2464,SRB-9000010.001.Pw00_vs_DMSO,Pw00,G_00019,PG_00019,10.076639692557178,0.47653695966007437,Silent,0.6594361556605379,0.8109277390373273,0.893172224847868
2466,SRB-9000010.001.Pw00_vs_DMSO,Pw00,G_00020,PG_00020,4.944045306021396,0.2609864136047848,High (>25),0.3548040888857874,0.5143752770682504,0.20746409387244058
2468,SRB-9000010.001.Pw00_vs_DMSO,Pw00,G_00021,PG_00021,12.142511099729507,0.810720438369153,Low (2-10),0.8319908113143369,0.0167904135740381,0.3064759935498239
2470,SRB-9000010.001.Pw00_vs_DMSO,Pw00,G_00022,PG_00022,10.455236766615863,0.05611259492772047,High (>25),0.8737292791394701,0.29422496467569814,0.8444565145432225
2472,SRB-9000010.001.Pw00_vs_DMSO,Pw00,G_00023,PG_00023,2.1060819455354354,0.6910420109258054,High (>25),0.15173044571514682,0.828592122059786,0.3760420533143227
2474,SRB-9000010.001.Pw00_vs_DMSO,Pw00,G_00024,PG_00024,8.086074651388248,0.05433367230652553,Silent,0.41085486211320443,0.20651469893178442,0.3245134014427272
2476,SRB-9000010.001.Pw00_vs_DMSO,Pw00,G_00025,PG_00025,42.420640349394695,0.8985922700998477,Low (2-10),0.8189052171799038,0.6198524112078021,0.6841373653198722
2478,SRB-9000010.001.Pw00_vs_DMSO,Pw00,G_00026,PG_00026,23.01838700125872,0.014242293010649054,Single (1),0.49786840151061706,0.1746967429251085,0.28536978761839304
2480,SRB-9000010.001.Pw00_vs_DMSO,Pw00,G_00027,PG_00027,14.342704574290261,0.4939315776272466,Low (2-10),0.2384584107534541,0.83677003394012,0.009721400481465192
2482,SRB-9000010.001.Pw00_vs_DMSO,Pw00,G_00028,PG_00028,8.492343116100056,0.15847212710788594,Single (1),0.5901630696043393,0.803084266948129,0.6214602446621911
2484,SRB-9000010.001.Pw00_vs_DMSO,Pw00,G_00029,PG_00029,15.491866377594537,0.7054374015640731,High (>25),0.926757713510319,0.3974415072936489,0.13435865309028505
2486,SRB-9000010.001.Pw00_vs_DMSO,Pw00,G_00030,PG_00030,11.873776861232223,0.7677650854837554,Low (2-10),0.2885245101829055,0.4717731842149946,0.26415358376978393
2488,SRB-9000010.001.Pw00_vs_DMSO,Pw00,G_00031,PG_00031,2.6816150760406576,0.8465514028362047,High (>25),0.644255932871328,0.46181258547693504,0.9461961226967092
2490,SRB-9000010.001.Pw00_vs_DMSO,Pw00,G_00032,PG_00032,0.176631564351024,0.7725418999713763,High (>25),0.0008066529201975481,0.7782918789790403,0.502597732168872
2492,SRB-9000010.001.Pw00_vs_DMSO,Pw00,G_00033,PG_00033,15.395781677687594,0.12935560063579843,Low (2-10),0.997421081778388,0.4167038887699869,0.25908808607458245
2494,SRB-9000010.001.Pw00_vs_DMSO,Pw00,G_00034,PG_00034,21.95942787448594,0.9797298249057926,High (>25),0.9841340598997685,0.21852081550909863,0.23015832336451858
2496,SRB-9000010.001.Pw00_vs_DMSO,Pw00,G_00035,PG_00035,13.755007754772024,0.8042447039745745,Medium (11-25),0.003862547602336619,0.6770708936572835,0.548383433523931
2498,SRB-9000010.001.Pw00_vs_DMSO,Pw00,G_00036,PG_00036,10.195370259903745,0.5503767724242731,Single (1),0.15295044975644567,0.9443303336368615,0.24198863620121158
2500,SRB-9000010.001.Pw00_vs_DMSO,Pw00,G_00037,PG_00037,11.491162348635635,0.3784587439435326,Silent,0.6710914680830234,0.8639179138207661,0.8949332569765522
2502,SRB-9000010.001.Pw00_vs_DMSO,Pw00,G_00038,PG_00038,10.7095249554459,0.46971007737972337,Medium (11-25),0.1075278615345997,0.23888577713167358,0.6025798579770014
2504,SRB-9000010.001.Pw00_vs_DMSO,Pw00,G_00039,PG_00039,1.0912207485172738,0.01575954060996909,Medium (11-25),0.8932634221094589,0.45950077926191746,0.18274066421390855
2506,SRB-9000010.001.Pw00_vs_DMSO,Pw00,G_00040,PG_00040,0.2577769253287035,0.583072846290417,High (>25),0.5559512445220478,0.16311509055833007,0.2473976892866281
2508,SRB-9000010.001.Pw00_vs_DMSO,Pw00,G_00041,PG_00041,14.559882548454796,0.8831286454506002,Silent,0.8369400617383186,0.7131423844565947,0.5865845866164564
2510,SRB-9000010.001.Pw00_vs_DMSO,Pw00,G_00042,PG_00042,17.72972947867026,0.6896827488563924,Single (1),0.8808411871460854,0.9727864798228664,0.6815293599691995
2512,SRB-9000010.001.Pw00_vs_DMSO,Pw00,G_00043,PG_00043,0.15052493223353403,0.27513337956316297,Silent,0.654215126425557,0.5095558031570832,0.28010857665847155
2514,SRB-9000010.001.Pw00_vs_DMSO,Pw00,G_00044,PG_00044,4.0575833758292585,0.8917704985027652,Low (2-10),0.42252244087326407,0.5264253108642284,0.6956433779194199
2516,SRB-9000010.001.Pw00_vs_DMSO,Pw00,G_00045,PG_00045,27.96425887490301,0.9723002779723335,Silent,0.08303152306100459,0.37525678799971585,0.9201916919795922
2518,SRB-9000010.001.Pw00_vs_DMSO,Pw00,G_00046,PG_00046,4.932275777810431,0.2536931729224854,High (>25),0.148257473577443,0.9811815239917677,0.9826926429226063
2520,SRB-9000010.001.Pw00_vs_DMSO,Pw00,G_00047,PG_00047,1.3957863945307691,0.23906854890351448,Medium (11-25),0.7964684572174312,0.38930735063430577,0.594921544553046
2522,SRB-9000010.001.Pw00_vs_DMSO,Pw00,G_00048,PG_00048,6.8851390018515835,0.4304674929120419,High (>25),0.7631101550949057,0.12320448121822669,0.7923760877634554
2524,SRB-9000010.001.Pw00_vs_DMSO,Pw00,G_00049,PG_00049,2.441439306183831,0.35680711178358915,Medium (11-25),0.9347232230396528,0.16562913257609424,0.4530265477024682
2526,SRB-9000010.001.Pw00_vs_DMSO,Pw00,G_00050,PG_00050,5.998747917826151,0.7879872822784493,Medium (11-25),0.9124546419562207,0.8796103949980648,0.5835219552356737
2528,SRB-9000010.001.Pw00_vs_DMSO,Pw00,G_00051,PG_00051,1.906946622231282,0.9775671676036294,Silent,0.0792572842790974,0.34433229882221683,0.9653938638363703
2530,SRB-9000010.001.Pw00_vs_DMSO,Pw00,G_00052,PG_00052,5.63850215525459,0.02094894640264322,Single (1),0.25650572966053875,0.5110682067384338,0.7112718369722874
2532,SRB-9000010.001.Pw00_vs_DMSO,Pw00,G_00053,PG_00053,8.626231646887492,0.28531986452071767,Single (1),0.3809774357347103,0.6511342932940098,0.04116421676378501
2534,SRB-9000010.001.Pw00_vs_DMSO,Pw00,G_00054,PG_00054,12.245141382454326,0.1743739442111828,Medium (11-25),0.08438991954606312,0.8155406660666643,0.6618218153149918
2536,SRB-9000010.001.Pw00_vs_DMSO,Pw00,G_00055,PG_00055,1.5260159941704445,0.2137941350693512,Low (2-10),0.6547882657408783,0.5577492267546988,0.4007736658700286
2538,SRB-9000010.001.Pw00_vs_DMSO,Pw00,G_00056,PG_00056,1.961757293601182,0.4085172577601339,High (>25),0.07916116824253216,0.6296768498490585,0.4376742947972868
2540,SRB-9000010.001.Pw00_vs_DMSO,Pw00,G_00057,PG_00057,28.397548239266445,0.720207028418866,Medium (11-25),0.8976651195855117,0.5347944657461343,0.8587119904510563
2542,SRB-9000010.001.Pw00_vs_DMSO,Pw00,G_00058,PG_00058,36.81533392417179,0.24941917122061796,Low (2-10),0.7022166115915519,0.0911886031299991,0.6428067919794321
2544,SRB-9000010.001.Pw00_vs_DMSO,Pw00,G_00059,PG_00059,156.8284532997119,0.41814523261162817,Single (1),0.5294010305171335,0.7894936009834398,0.3401441704836201
2546,SRB-9000010.001.Pw01_vs_DMSO,Pw01,G_00000,PG_00000,7.9562794204650915,0.03437395598584614,Single (1),0.2185852444049846,0.5229321538490763,0.9430872659759558
2548,SRB-9000010.001.Pw01_vs_DMSO,Pw01,G_00001,PG_00001,19.194173245173815,0.5215733690912765,Medium (11-25),0.6133926603060786,0.8133870285271346,0.7440875891709775
2550,SRB-9000010.001.Pw01_vs_DMSO,Pw01,G_00002,PG_00002,5.024359182122208,0.3626348094379942,Low (2-10),0.7584902611930728,0.7423262335829184,0.30351560924112186
2552,SRB-9000010.001.Pw01_vs_DMSO,Pw01,G_00003,PG_00003,85.88061845113651,0.6250200334459646,Silent,0.3533914372121142,0.7113549698361508,0.6628264172039643
2554,SRB-9000010.001.Pw01_vs_DMSO,Pw01,G_00004,PG_00004,4.484041502406658,0.07617042147703301,Low (2-10),0.2042225216454291,0.0915464922500695,0.6687736485813845
2556,SRB-9000010.001.Pw01_vs_DMSO,Pw01,G_00005,PG_00005,32.13406095044645,0.3395397243113396,Medium (11-25),0.9831611375362238,0.7568001898278713,0.07490848520451221
2558,SRB-9000010.001.Pw01_vs_DMSO,Pw01,G_00006,PG_00006,43.54600658264213,0.9287906363589095,Single (1),0.7470025050070134,0.8103171387487337,0.2434664662436451
2560,SRB-9000010.001.Pw01_vs_DMSO,Pw01,G_00007,PG_00007,8.190857312508419,0.8521534196962824,Single (1),0.5358535845502873,0.1701190740822165,0.4089527127992538
2562,SRB-9000010.001.Pw01_vs_DMSO,Pw01,G_00008,PG_00008,2.442249849195838,0.45930740198035114,Silent,0.15384499588112877,0.565908426648316,0.5724613781322866
2564,SRB-9000010.001.Pw01_vs_DMSO,Pw01,G_00009,PG_00009,6.1727955684546,0.3370589534854562,Low (2-10),0.8888528012435376,0.48082036861261135,0.3440770695452193
2566,SRB-9000010.001.Pw01_vs_DMSO,Pw01,G_00010,PG_00010,3.8186387966350335,0.3358210280108298,Silent,0.09906675100390572,0.99145827500495,0.7736828410223968
2568,SRB-9000010.001.Pw01_vs_DMSO,Pw01,G_00011,PG_00011,3.052210721710705,0.5060409291882357,Medium (11-25),0.10703293515455048,0.7241354054363582,0.7805279383982385
2570,SRB-9000010.001.Pw01_vs_DMSO,Pw01,G_00012,PG_00012,16.518738733884973,0.32392460998954586,Medium (11-25),0.04652232916710464,0.14644628781923075,0.10671781257000246
2572,SRB-9000010.001.Pw01_vs_DMSO,Pw01,G_00013,PG_00013,24.304444824194757,0.6069929465537621,Low (2-10),0.1949732026791262,0.714794149437859,0.8974614776287273
2574,SRB-9000010.001.Pw01_vs_DMSO,Pw01,G_00014,PG_00014,19.705269311203228,0.0947293439208915,Low (2-10),0.11776576607988254,0.7292097699166348,0.5467486558169585
2576,SRB-9000010.001.Pw01_vs_DMSO,Pw01,G_00015,PG_00015,2.79290275484911,0.6193129726844628,Medium (11-25),0.7163300385826863,0.15882586955164202,0.8300513428749464
2578,SRB-9000010.001.Pw01_vs_DMSO,Pw01,G_00016,PG_00016,8.018776752914798,0.6668111085303314,Single (1),0.5464191798408491,0.6791132679480019,0.666260373783887
2580,SRB-9000010.001.Pw01_vs_DMSO,Pw01,G_00017,PG_00017,19.331313103408196,0.3253192765609839,Low (2-10),0.7291054822126241,0.2918335470714497,0.28356758779088975
2582,SRB-9000010.001.Pw01_vs_DMSO,Pw01,G_00018,PG_00018,5.714026697396077,0.8979855398729043,Single (1),0.05798859410657775,0.00043540682185427837,0.5216989419850078
2584,SRB-9000010.001.Pw01_vs_DMSO,Pw01,G_00019,PG_00019,6.093227111460971,0.09164544153952314,Single (1),0.6288796668292446,0.6814154178836943,0.40329294771155744
2586,SRB-9000010.001.Pw01_vs_DMSO,Pw01,G_00020,PG_00020,9.11546628731852,0.18040203405235444,High (>25),0.8508876812209533,0.4261721588389037,0.7174572904972336
2588,SRB-9000010.001.Pw01_vs_DMSO,Pw01,G_00021,PG_00021,0.3397456691116122,0.8893744311429149,Single (1),0.9459163651922774,0.13762723064730598,0.4042248226970365
2590,SRB-9000010.001.Pw01_vs_DMSO,Pw01,G_00022,PG_00022,15.770367003621956,0.8456070568967706,Single (1),0.7542898166576772,0.11040112425901749,0.028205129341244195
2592,SRB-9000010.001.Pw01_vs_DMSO,Pw01,G_00023,PG_00023,13.082012255456448,0.11315500647025345,Single (1),0.6783237624912775,0.999905646207125,0.977278902524757
2594,SRB-9000010.001.Pw01_vs_DMSO,Pw01,G_00024,PG_00024,5.128323153289623,0.6630448379090284,Silent,0.45091496695956035,0.09270651671032382,0.7456799471290801
2596,SRB-9000010.001.Pw01_vs_DMSO,Pw01,G_00025,PG_00025,36.071281973560694,0.6052584343090813,Low (2-10),0.4842865695559644,0.7567264923153919,0.8883749015553896
2598,SRB-9000010.001.Pw01_vs_DMSO,Pw01,G_00026,PG_00026,26.021032798843883,0.1968022931376956,Low (2-10),0.47773509026234184,0.02940566502513764,0.7913328724244656
2600,SRB-9000010.001.Pw01_vs_DMSO,Pw01,G_00027,PG_00027,19.357288722073385,0.5846650905129134,High (>25),0.003487862903612138,0.728511561482137,0.2818612855146463
2602,SRB-9000010.001.Pw01_vs_DMSO,Pw01,G_00028,PG_00028,22.3584021758027,0.27147969867421207,Low (2-10),0.7488592319141698,0.5249336515634864,0.733203999516819
2604,SRB-9000010.001.Pw01_vs_DMSO,Pw01,G_00029,PG_00029,0.1362515099786753,0.6073441773126197,Low (2-10),0.8788845153445004,0.49969313564509044,0.36707413605532424
2606,SRB-9000010.001.Pw01_vs_DMSO,Pw01,G_00030,PG_00030,8.087182398565153,0.6863503077554156,Medium (11-25),0.7561361313602457,0.6037117939847189,0.5528337717546176
2608,SRB-9000010.001.Pw01_vs_DMSO,Pw01,G_00031,PG_00031,11.722190043611821,0.9567019466420034,Medium (11-25),0.6599423017349948,0.6909108198149189,0.017068604362396766
2610,SRB-9000010.001.Pw01_vs_DMSO,Pw01,G_00032,PG_00032,2.907226949365928,0.4345387006292011,Silent,0.6339371354561826,0.9182061791460292,0.7399483131451919
2612,SRB-9000010.001.Pw01_vs_DMSO,Pw01,G_00033,PG_00033,6.724138560160576,0.5734230050706758,Low (2-10),0.1280272027443361,0.9664054337532237,0.32977873033245886
2614,SRB-9000010.001.Pw01_vs_DMSO,Pw01,G_00034,PG_00034,4.969545555895104,0.8098630938785941,Low (2-10),0.07303018437118025,0.6522419703144372,0.8669904459695983
2616,SRB-9000010.001.Pw01_vs_DMSO,Pw01,G_00035,PG_00035,36.16119743307291,0.3567420157919786,High (>25),0.19246044905684456,0.8020739122974794,0.33746605001173047
2618,SRB-9000010.001.Pw01_vs_DMSO,Pw01,G_00036,PG_00036,14.669903361491915,0.7621088837804368,High (>25),0.02400015219841456,0.4758242280523708,0.21192270758740805
2620,SRB-9000010.001.Pw01_vs_DMSO,Pw01,G_00037,PG_00037,7.23146092169482,0.4534062629517509,Silent,0.8288987048058611,0.27822024740800144,0.5793778483111583
2622,SRB-9000010.001.Pw01_vs_DMSO,Pw01,G_00038,PG_00038,13.562614968416376,0.6259158477217444,Single (1),0.424987488730842,0.18517911795893738,0.10325785338739091
2624,SRB-9000010.001.Pw01_vs_DMSO,Pw01,G_00039,PG_00039,2.3950829701209067,0.20869970486551992,Single (1),0.07837317244911868,0.9673620417068443,0.12252552692878871
2626,SRB-9000010.001.Pw01_vs_DMSO,Pw01,G_00040,PG_00040,6.185680344946611,0.8674013714034462,Low (2-10),0.15871411290371196,0.9590190743653756,0.4515142156066495
2628,SRB-9000010.001.Pw01_vs_DMSO,Pw01,G_00041,PG_00041,5.331961675207781,0.6671057694675717,Silent,0.181928591065458,0.2899830387281259,0.730127476554101
2630,SRB-9000010.001.Pw01_vs_DMSO,Pw01,G_00042,PG_00042,27.04768782499898,0.2872752555124768,High (>25),0.6220925183837791,0.3807333484837364,0.06062233090651514
2632,SRB-9000010.001.Pw01_vs_DMSO,Pw01,G_00043,PG_00043,4.201191155216909,0.14786277979318674,Silent,0.08543662474921654,0.5479128922016672,0.8673886292818249
2634,SRB-9000010.001.Pw01_vs_DMSO,Pw01,G_00044,PG_00044,14.237856732361418,0.13171849527068358,Silent,0.22794490835086478,0.10434188567565894,0.01755216775625479
2636,SRB-9000010.001.Pw01_vs_DMSO,Pw01,G_00045,PG_00045,2.1620102538435555,0.7714950407765034,Single (1),0.27366243036177806,0.6651246069583986,0.22761464066832082
2638,SRB-9000010.001.Pw01_vs_DMSO,Pw01,G_00046,PG_00046,7.078008683282484,0.4171663908980614,Single (1),0.13716653628718367,0.34733695347046656,0.8339922607833549
2640,SRB-9000010.001.Pw01_vs_DMSO,Pw01,G_00047,PG_00047,20.392938696093978,0.12665471327689626,High (>25),0.5782558791680538,0.7259793567475599,0.12842038710569714
2642,SRB-9000010.001.Pw01_vs_DMSO,Pw01,G_00048,PG_00048,5.772276901904915,0.512883077013797,High (>25),0.2718643220205178,0.6810988303071048,0.12699998654013345
2644,SRB-9000010.001.Pw01_vs_DMSO,Pw01,G_00049,PG_00049,7.16486083375418,0.5482716194576641,High (>25),0.4109706759911178,0.25843529808205545,0.30764339805463403
2646,SRB-9000010.001.Pw01_vs_DMSO,Pw01,G_00050,PG_00050,23.836120164736844,0.5179466927134985,Medium (11-25),0.23005768667459658,0.3313997382197583,0.5789966421401858
2648,SRB-9000010.001.Pw01_vs_DMSO,Pw01,G_00051,PG_00051,9.221526669101578,0.6712671389322914,Medium (11-25),0.32815346999348627,0.9239361512302168,0.3660178035699633
2650,SRB-9000010.001.Pw01_vs_DMSO,Pw01,G_00052,PG_00052,32.86032237614965,0.8036293909508968,High (>25),0.5975222704402804,0.26629531891278724,0.3979548546604147
2652,SRB-9000010.001.Pw01_vs_DMSO,Pw01,G_00053,PG_00053,0.9425956112349381,0.3053181764163033,Low (2-10),0.4570007282933357,0.013413937289802336,0.028548800400756802
2654,SRB-9000010.001.Pw01_vs_DMSO,Pw01,G_00054,PG_00054,23.92765253886069,0.8558711206520274,Low (2-10),0.18750320652086994,0.22218235456305957,0.4919371464215372
2656,SRB-9000010.001.Pw01_vs_DMSO,Pw01,G_00055,PG_00055,4.420700674894648,0.4698086510092653,Single (1),0.5958974430505879,0.5337959435756134,0.08579756937642069
2658,SRB-9000010.001.Pw01_vs_DMSO,Pw01,G_00056,PG_00056,10.378730761056385,0.530924059011923,Silent,0.8355238872107781,0.46455439052449055,0.11520104104097528
2660,SRB-9000010.001.Pw01_vs_DMSO,Pw01,G_00057,PG_00057,9.661521861708465,0.6121760480608859,Medium (11-25),0.6074168801295269,0.7826581686553363,0.43278907971774794
2662,SRB-9000010.001.Pw01_vs_DMSO,Pw01,G_00058,PG_00058,3.105308079849585,0.7780970253277986,High (>25),0.11973267305284008,0.4816908214488588,0.4635073408834923
2664,SRB-9000010.001.Pw01_vs_DMSO,Pw01,G_00059,PG_00059,8.514219130047808,0.01155435725548104,Single (1),0.24957584922041642,0.06445799023910981,0.3354328444966831
2666,SRB-9000011.001.Pw00_vs_DMSO,Pw00,G_00000,PG_00000,19.65986215583721,0.26566369426178493,High (>25),0.8071949430990272,0.17711654693378487,0.3961122503018055
2668,SRB-9000011.001.Pw00_vs_DMSO,Pw00,G_00001,PG_00001,14.62685964509713,0.5156547367649074,Single (1),0.03998173491743717,0.1977507879422027,0.19027144142985675
2670,SRB-9000011.001.Pw00_vs_DMSO,Pw00,G_00002,PG_00002,17.518600441468962,0.6262710062748188,High (>25),0.8976871688445152,0.4159596009990687,0.32900220242371325
2672,SRB-9000011.001.Pw00_vs_DMSO,Pw00,G_00003,PG_00003,26.39878201779412,0.7249761879515008,Single (1),0.9398331515844425,0.949786268686055,0.9349481485126888
2674,SRB-9000011.001.Pw00_vs_DMSO,Pw00,G_00004,PG_00004,3.550546145736117,0.6994670694425552,Low (2-10),0.4468277931269524,0.13246691975274927,0.4638079760548979
2676,SRB-9000011.001.Pw00_vs_DMSO,Pw00,G_00005,PG_00005,0.9278904109883952,0.5242692628388996,Silent,0.9874154521198106,0.23155121991555228,0.024287761409609532
2678,SRB-9000011.001.Pw00_vs_DMSO,Pw00,G_00006,PG_00006,13.610956826543607,0.09877820856438924,Low (2-10),0.20308756431861164,0.7860342343996993,0.5965796193201649
2680,SRB-9000011.001.Pw00_vs_DMSO,Pw00,G_00007,PG_00007,3.059469108287646,0.06869780570487782,Silent,0.5847360890873226,0.3338617021576147,0.9775917364619402
2682,SRB-9000011.001.Pw00_vs_DMSO,Pw00,G_00008,PG_00008,26.101370200551592,0.8145394530304404,Medium (11-25),0.8930080270497148,0.2427496450645199,0.5229168979282207
2684,SRB-9000011.001.Pw00_vs_DMSO,Pw00,G_00009,PG_00009,9.050365415207098,0.7476804115183519,High (>25),0.8958277028567058,0.2254267289410835,0.26045814001688705
2686,SRB-9000011.001.Pw00_vs_DMSO,Pw00,G_00010,PG_00010,3.792535719809467,0.10990076270484928,Single (1),0.8537275868946255,0.9868342496966128,0.18149277752052306
2688,SRB-9000011.001.Pw00_vs_DMSO,Pw00,G_00011,PG_00011,1.1926945674474438,0.8125168550824607,Single (1),0.19352658938850897,0.15565140019716417,0.741989843360586
2690,SRB-9000011.001.Pw00_vs_DMSO,Pw00,G_00012,PG_00012,23.142861155599103,0.8879542646916553,Low (2-10),0.41129740320276487,0.8362847054610629,0.9605875648470933
2692,SRB-9000011.001.Pw00_vs_DMSO,Pw00,G_00013,PG_00013,13.249861196936557,0.983866208306744,Medium (11-25),0.053218986546982205,0.6640697280871192,0.2907470130196462
2694,SRB-9000011.001.Pw00_vs_DMSO,Pw00,G_00014,PG_00014,2.4994068145717705,0.661545016690289,Low (2-10),0.6138164831077147,0.6430997074780826,0.16521819650950076
2696,SRB-9000011.001.Pw00_vs_DMSO,Pw00,G_00015,PG_00015,12.99433027026932,0.8519564656006605,Medium (11-25),0.9853901977869165,0.8068219748992557,0.5129863732153008
2698,SRB-9000011.001.Pw00_vs_DMSO,Pw00,G_00016,PG_00016,17.741348376949993,0.4258108767796035,Single (1),0.750565339925035,0.5612493563344009,0.18491965608346328
2700,SRB-9000011.001.Pw00_vs_DMSO,Pw00,G_00017,PG_00017,24.39060519791531,0.5600222132907383,Single (1),0.7424674607528939,0.3018379075356513,0.551792244252494
2702,SRB-9000011.001.Pw00_vs_DMSO,Pw00,G_00018,PG_00018,23.66882892205791,0.17760645246150553,Single (1),0.3676589108383621,0.7114858421403328,0.8337196955983349
2704,SRB-9000011.001.Pw00_vs_DMSO,Pw00,G_00019,PG_00019,1.9786732122936699,0.4459188610241882,Low (2-10),0.4826484096488406,0.18056366486582587,0.783370535030556
2706,SRB-9000011.001.Pw00_vs_DMSO,Pw00,G_00020,PG_00020,0.38985301220052904,0.36161630678324597,Medium (11-25),0.13762708607751173,0.08960273871028612,0.19998367555643504
2708,SRB-9000011.001.Pw00_vs_DMSO,Pw00,G_00021,PG_00021,6.993437147679932,0.9326730389462855,Silent,0.06389619175083094,0.6833830609856597,0.6534095018774829
2710,SRB-9000011.001.Pw00_vs_DMSO,Pw00,G_00022,PG_00022,3.141599928553237,0.027845332309469284,Medium (11-25),0.5681639847733703,0.9945881525830966,0.514301437395946
2712,SRB-9000011.001.Pw00_vs_DMSO,Pw00,G_00023,PG_00023,8.82718947035654,0.42608715907908945,High (>25),0.8775592523484278,0.20297341007644187,0.46946051337272954
2714,SRB-9000011.001.Pw00_vs_DMSO,Pw00,G_00024,PG_00024,5.3854175739598915,0.86477335556738,Low (2-10),0.28187076016136836,0.26683254110442056,0.18175273570737294
2716,SRB-9000011.001.Pw00_vs_DMSO,Pw00,G_00025,PG_00025,7.915982682600415,0.0198028760587865,High (>25),0.8711545949483864,0.9480483310176471,0.8670255887132012
2718,SRB-9000011.001.Pw00_vs_DMSO,Pw00,G_00026,PG_00026,11.03270133587656,0.3998585945861147,Low (2-10),0.8677547073625138,0.12681814640630362,0.14311010862848417
2720,SRB-9000011.001.Pw00_vs_DMSO,Pw00,G_00027,PG_00027,11.795937708495245,0.32921916463278744,High (>25),0.1317449349218236,0.2574772390346388,0.4923942270636158
2722,SRB-9000011.001.Pw00_vs_DMSO,Pw00,G_00028,PG_00028,12.673359017392547,0.9680971777400397,Medium (11-25),0.49268140328806487,0.2079881913767081,0.9890062719531022
2724,SRB-9000011.001.Pw00_vs_DMSO,Pw00,G_00029,PG_00029,2.3210403901979424,0.7393606962257738,High (>25),0.34126893518018686,0.5359695771672532,0.8855833793729725
2726,SRB-9000011.001.Pw00_vs_DMSO,Pw00,G_00030,PG_00030,1.7219860142045638,0.2645459708413809,Silent,0.19148145759015733,0.7829525379827543,0.64313438836898
2728,SRB-9000011.001.Pw00_vs_DMSO,Pw00,G_00031,PG_00031,199.06408481048362,0.3406638558204004,High (>25),0.03137201204792717,0.5381475930839978,0.9409641070637552
2730,SRB-9000011.001.Pw00_vs_DMSO,Pw00,G_00032,PG_00032,0.33194932125399557,0.8468493345234954,High (>25),0.19074657040629517,0.05782128787426577,0.20664458406440012
2732,SRB-9000011.001.Pw00_vs_DMSO,Pw00,G_00033,PG_00033,11.622974169264829,0.7238769911279196,Low (2-10),0.9980683629965805,0.19326497879143012,0.957181636333447
2734,SRB-9000011.001.Pw00_vs_DMSO,Pw00,G_00034,PG_00034,21.510800128921034,0.360318345046444,Low (2-10),0.9255804574361024,0.9963872866777437,0.1901522599109673
2736,SRB-9000011.001.Pw00_vs_DMSO,Pw00,G_00035,PG_00035,13.542688462828167,0.81533829832933,Medium (11-25),0.8821538613077429,0.5159578783586612,0.5800767876565656
2738,SRB-9000011.001.Pw00_vs_DMSO,Pw00,G_00036,PG_00036,6.666215535180042,0.11297857045837367,Silent,0.3083072796448244,0.19132766584460326,0.24983585497181648
2740,SRB-9000011.001.Pw00_vs_DMSO,Pw00,G_00037,PG_00037,9.046100171687916,0.7054293452115805,Low (2-10),0.617223979914834,0.9986466349926062,0.24027929920852298
2742,SRB-9000011.001.Pw00_vs_DMSO,Pw00,G_00038,PG_00038,3.349279658786875,0.15119407764750248,Medium (11-25),0.6503774746114147,0.689309185983403,0.6626605793069065
2744,SRB-9000011.001.Pw00_vs_DMSO,Pw00,G_00039,PG_00039,2.333903852807233,0.23124760800940547,Medium (11-25),0.3517527375757995,0.9705620917599831,0.6081775131232492
2746,SRB-9000011.001.Pw00_vs_DMSO,Pw00,G_00040,PG_00040,13.426382395559122,0.991277366140881,Low (2-10),0.5344794525176499,0.05483409745597989,0.050310547805862194
2748,SRB-9000011.001.Pw00_vs_DMSO,Pw00,G_00041,PG_00041,13.083570825702722,0.5753569850695376,Single (1),0.7869471361487419,0.279827303150873,0.05261785191588064
2750,SRB-9000011.001.Pw00_vs_DMSO,Pw00,G_00042,PG_00042,10.886059179803365,0.02423200257555702,Low (2-10),0.43705150453035446,0.22632995210018136,0.5540973731655445
2752,SRB-9000011.001.Pw00_vs_DMSO,Pw00,G_00043,PG_00043,14.277622360941285,0.09941070739914493,Low (2-10),0.8231386423177282,0.25730505371509405,0.3595722390042638
2754,SRB-9000011.001.Pw00_vs_DMSO,Pw00,G_00044,PG_00044,27.96085090929163,0.20097841156909935,High (>25),0.25005402579611324,0.7082308798678132,0.24221646509891837
2756,SRB-9000011.001.Pw00_vs_DMSO,Pw00,G_00045,PG_00045,37.74800610221662,0.2225827940132512,High (>25),0.07321774073318321,0.02380387913557247,0.08984063840948431
2758,SRB-9000011.001.Pw00_vs_DMSO,Pw00,G_00046,PG_00046,0.7241573830522205,0.16995874380249276,Low (2-10),0.8349226124125405,0.14063756394775162,0.1852979369072344
2760,SRB-9000011.001.Pw00_vs_DMSO,Pw00,G_00047,PG_00047,18.252317940513,0.831585167695999,Silent,0.7476844323278435,0.7088946980675421,0.7742759531134817
2762,SRB-9000011.001.Pw00_vs_DMSO,Pw00,G_00048,PG_00048,7.52496768657023,0.6618537649877984,Low (2-10),0.37636841798841925,0.053940311832581966,0.7348232184303988
2764,SRB-9000011.001.Pw00_vs_DMSO,Pw00,G_00049,PG_00049,36.45097799098857,0.6407731661873504,High (>25),0.3737312202425431,0.12361203842217483,0.6601081692226646
2766,SRB-9000011.001.Pw00_vs_DMSO,Pw00,G_00050,PG_00050,2.148695639404386,0.3242012769528053,Low (2-10),0.6349768743221152,0.8944719204338067,0.6324609898099768
2768,SRB-9000011.001.Pw00_vs_DMSO,Pw00,G_00051,PG_00051,13.569543309794824,0.5187161496458758,Low (2-10),0.9024397672984406,0.7079830344841577,0.8758044672866833
2770,SRB-9000011.001.Pw00_vs_DMSO,Pw00,G_00052,PG_00052,10.324640971482387,0.9776263466768675,Silent,0.7607993073645705,0.467322134953315,0.8339479569601265
2772,SRB-9000011.001.Pw00_vs_DMSO,Pw00,G_00053,PG_00053,14.40277726060926,0.3528762244389433,Single (1),0.4062787733482687,0.23299013462367557,0.7244151731730958
2774,SRB-9000011.001.Pw00_vs_DMSO,Pw00,G_00054,PG_00054,3.2512316638005605,0.2513427173330173,Medium (11-25),0.5629503854626513,0.23001799827860026,0.38951505285638977
2776,SRB-9000011.001.Pw00_vs_DMSO,Pw00,G_00055,PG_00055,6.762924826889032,0.5997532054020316,Medium (11-25),0.9650488579310832,0.078499044977696,0.592899858733653
2778,SRB-9000011.001.Pw00_vs_DMSO,Pw00,G_00056,PG_00056,9.801443389907787,0.7420682827243169,Single (1),0.8528790384949931,0.6876631705613335,0.5499161328454287
2780,SRB-9000011.001.Pw00_vs_DMSO,Pw00,G_00057,PG_00057,5.065893625809562,0.062007216171391266,Medium (11-25),0.586984863268463,0.7461514882635784,0.5096606466055068
2782,SRB-9000011.001.Pw00_vs_DMSO,Pw00,G_00058,PG_00058,17.966972998951952,0.576932694087484,Low (2-10),0.26416080696204625,0.48505683445820014,0.9758279001042701
2784,SRB-9000011.001.Pw00_vs_DMSO,Pw00,G_00059,PG_00059,17.331431374230945,0.4281903655915701,Silent,0.265614650876146,0.11859242760030164,0.593874502013084
2786,SRB-9000011.001.Pw01_vs_DMSO,Pw01,G_00000,PG_00000,52.92869158560708,0.1553131684770408,High (>25),0.8323566555390162,0.12945251777442734,0.09022729805126106
2788,SRB-9000011.001.Pw01_vs_DMSO,Pw01,G_00001,PG_00001,25.87905931585224,0.11574167527979395,High (>25),0.0586290818707188,0.43807409448017043,0.11016523104766018
2790,SRB-9000011.001.Pw01_vs_DMSO,Pw01,G_00002,PG_00002,171.98126057829697,0.5587505429176038,Low (2-10),0.15447401739028843,0.6696951218503528,0.7652555369168911
2792,SRB-9000011.001.Pw01_vs_DMSO,Pw01,G_00003,PG_00003,2.879014876687923,0.7221957790805356,High (>25),0.5489858350818964,0.6879692834152007,0.39796215696645076
2794,SRB-9000011.001.Pw01_vs_DMSO,Pw01,G_00004,PG_00004,1.9411121511413245,0.8056721123923694,Medium (11-25),0.17060567692008477,0.3694246973632682,0.04005251769166973
2796,SRB-9000011.001.Pw01_vs_DMSO,Pw01,G_00005,PG_00005,2.8518378427696294,0.5517128520480951,Low (2-10),0.3051679505492052,0.47123332661548045,0.13678679205257793
2798,SRB-9000011.001.Pw01_vs_DMSO,Pw01,G_00006,PG_00006,31.457954568171587,0.7613084669330139,Low (2-10),0.8247785601299548,0.8919714189241957,0.4804298652361758
2800,SRB-9000011.001.Pw01_vs_DMSO,Pw01,G_00007,PG_00007,3.9405974236650163,0.12427374435675353,Silent,0.9667062112813285,0.9336901666011916,0.0813652514029416
2802,SRB-9000011.001.Pw01_vs_DMSO,Pw01,G_00008,PG_00008,13.931423252499354,0.8400879438572185,Low (2-10),0.8903051082223296,0.3420302104651084,0.6627562782946407
2804,SRB-9000011.001.Pw01_vs_DMSO,Pw01,G_00009,PG_00009,9.305220692530979,0.9244574984426578,Silent,0.16473548322221032,0.12216235534465303,0.6182037826404914
2806,SRB-9000011.001.Pw01_vs_DMSO,Pw01,G_00010,PG_00010,16.436892084723826,0.3977977519210608,Low (2-10),0.8220090796922914,0.04498374760801338,0.0888502236311316
2808,SRB-9000011.001.Pw01_vs_DMSO,Pw01,G_00011,PG_00011,18.933800369743555,0.5543890411655652,Medium (11-25),0.7631150896076299,0.11849494853905362,0.3349326933990492
2810,SRB-9000011.001.Pw01_vs_DMSO,Pw01,G_00012,PG_00012,0.2319296129466446,0.16574236807865483,Silent,0.18106426826262145,0.2151066603192917,0.5712336709206464
2812,SRB-9000011.001.Pw01_vs_DMSO,Pw01,G_00013,PG_00013,73.50201893445204,0.3265520195769821,Single (1),0.22919895569318727,0.6651397388952766,0.10687019010554366
2814,SRB-9000011.001.Pw01_vs_DMSO,Pw01,G_00014,PG_00014,2.3613091253088005,0.9480308637639059,Single (1),0.2636334143968131,0.7999899845988527,0.9221793393043215
2816,SRB-9000011.001.Pw01_vs_DMSO,Pw01,G_00015,PG_00015,10.162185976256367,0.8317271002342247,Single (1),0.602628284766703,0.2889758011449375,0.18755671019344977
2818,SRB-9000011.001.Pw01_vs_DMSO,Pw01,G_00016,PG_00016,44.86568928121269,0.05591618037968615,Single (1),0.45139762960813257,0.20596751727313867,0.6310040737112482
2820,SRB-9000011.001.Pw01_vs_DMSO,Pw01,G_00017,PG_00017,5.039464597600831,0.3984842558057883,Medium (11-25),0.40401753431431253,0.8668835549536109,0.6446853405038553
2822,SRB-9000011.001.Pw01_vs_DMSO,Pw01,G_00018,PG_00018,12.393011652965924,0.02176333606016778,Medium (11-25),0.6145048047169079,0.7724268337914065,0.930154601935976
2824,SRB-9000011.001.Pw01_vs_DMSO,Pw01,G_00019,PG_00019,18.898827631313527,0.1363713655374721,Single (1),0.4011343587154681,0.9182360075090755,0.6337758288717095
2826,SRB-9000011.001.Pw01_vs_DMSO,Pw01,G_00020,PG_00020,4.395860358645984,0.7742217036628603,Low (2-10),0.29980601856026023,0.4084905198424055,0.8933141829954776
2828,SRB-9000011.001.Pw01_vs_DMSO,Pw01,G_00021,PG_00021,17.566034492559226,0.5614469392347675,High (>25),0.5583602832816694,0.637141012229883,0.04791396231590128
2830,SRB-9000011.001.Pw01_vs_DMSO,Pw01,G_00022,PG_00022,1.5139429284616825,0.7201479267222421,Silent,0.30451241127976736,0.9442109206769198,0.8487061850672554
2832,SRB-9000011.001.Pw01_vs_DMSO,Pw01,G_00023,PG_00023,0.31322843687008683,0.6378460054719629,Low (2-10),0.05857261998857932,0.20810150227657243,0.140355538054724
2834,SRB-9000011.001.Pw01_vs_DMSO,Pw01,G_00024,PG_00024,0.06672734021561184,0.42206682624358427,Silent,0.789125267593864,0.046880995183900875,0.08734484178562596
2836,SRB-9000011.001.Pw01_vs_DMSO,Pw01,G_00025,PG_00025,27.464491156573615,0.16379735977752052,Low (2-10),0.7016462074343028,0.18595021289239289,0.23172599171488617
2838,SRB-9000011.001.Pw01_vs_DMSO,Pw01,G_00026,PG_00026,166.91911272932836,0.2126222292947727,High (>25),0.7775877074508551,0.5923495167316332,0.6914000750692304
2840,SRB-9000011.001.Pw01_vs_DMSO,Pw01,G_00027,PG_00027,1.8610620410605234,0.3408033664615595,Silent,0.9421131623332716,0.2055985184555501,0.8064707221734156
2842,SRB-9000011.001.Pw01_vs_DMSO,Pw01,G_00028,PG_00028,4.429006960210877,0.6300221865059451,Silent,0.984452734608528,0.02300367149283622,0.6989129878018782
2844,SRB-9000011.001.Pw01_vs_DMSO,Pw01,G_00029,PG_00029,9.582589791221956,0.23283502458428917,High (>25),0.6703421939390939,0.9223922364016645,0.6395301857666156
2846,SRB-9000011.001.Pw01_vs_DMSO,Pw01,G_00030,PG_00030,30.30524274947779,0.5336999012223442,Silent,0.8646651561699038,0.5269904436078344,0.1444542808687489
2848,SRB-9000011.001.Pw01_vs_DMSO,Pw01,G_00031,PG_00031,7.525244064144378,0.8142940535063246,Medium (11-25),0.3391659986582638,0.6841994756592669,0.29719616088750456
2850,SRB-9000011.001.Pw01_vs_DMSO,Pw01,G_00032,PG_00032,16.325144716820464,0.27215914828237786,Low (2-10),0.6689267927216602,0.23529649349231585,0.38997653817278555
2852,SRB-9000011.001.Pw01_vs_DMSO,Pw01,G_00033,PG_00033,4.488796408679841,0.988406300544632,Low (2-10),0.30087023688796843,0.8374847946535092,0.759130808842988
2854,SRB-9000011.001.Pw01_vs_DMSO,Pw01,G_00034,PG_00034,5.297341541589028,0.40206621522979313,Medium (11-25),0.4505712306624461,0.8868142032944215,0.4827602961241301
2856,SRB-9000011.001.Pw01_vs_DMSO,Pw01,G_00035,PG_00035,190.83752113738007,0.49287995001352936,Medium (11-25),0.7766068979646903,0.5210502625975859,0.2851980804612583
2858,SRB-9000011.001.Pw01_vs_DMSO,Pw01,G_00036,PG_00036,36.26629264767507,0.8462863040077225,Low (2-10),0.32019744264449934,0.5112125902539005,0.009135247826975057
2860,SRB-9000011.001.Pw01_vs_DMSO,Pw01,G_00037,PG_00037,1.0272626041106871,0.5181538990665174,Medium (11-25),0.1541707102605705,0.11038302268029809,0.15256728264770236
2862,SRB-9000011.001.Pw01_vs_DMSO,Pw01,G_00038,PG_00038,13.421452241878413,0.4781774440253197,Low (2-10),0.8846710201168453,0.5713272325818193,0.5328289411833174
2864,SRB-9000011.001.Pw01_vs_DMSO,Pw01,G_00039,PG_00039,0.5562029463454115,0.24198197057364135,Low (2-10),0.4505990074891598,0.33338699833749863,0.9715712076139439
2866,SRB-9000011.001.Pw01_vs_DMSO,Pw01,G_00040,PG_00040,17.440204186686984,0.550753338653437,Low (2-10),0.7012416484688299,0.43235197085861976,0.7830146727730217
2868,SRB-9000011.001.Pw01_vs_DMSO,Pw01,G_00041,PG_00041,12.118784655804216,0.9707782398214717,Low (2-10),0.5951057042884733,0.24300295832358443,0.5296728503875571
2870,SRB-9000011.001.Pw01_vs_DMSO,Pw01,G_00042,PG_00042,4.048831266851737,0.5786125419078262,Medium (11-25),0.37041466426789527,0.8062960027648052,0.929327624507673
2872,SRB-9000011.001.Pw01_vs_DMSO,Pw01,G_00043,PG_00043,24.07510457309639,0.8965579993362558,Medium (11-25),0.6962332907059704,0.20549720581155162,0.4749572608675747
2874,SRB-9000011.001.Pw01_vs_DMSO,Pw01,G_00044,PG_00044,32.51229765150802,0.2037802297516822,High (>25),0.07711418090160571,0.21594686718883926,0.2899711405681238
2876,SRB-9000011.001.Pw01_vs_DMSO,Pw01,G_00045,PG_00045,0.29074116829305036,0.16869438753237864,Low (2-10),0.8399842469168989,0.7015592245457016,0.6959860015524127
2878,SRB-9000011.001.Pw01_vs_DMSO,Pw01,G_00046,PG_00046,9.384515606957201,0.29526938314524664,Single (1),0.7481777710739351,0.05413701361241208,0.5955780632052577
2880,SRB-9000011.001.Pw01_vs_DMSO,Pw01,G_00047,PG_00047,16.092540526865374,0.31482987460540934,Single (1),0.1077430180598401,0.5771667714761111,0.5962036700963643
2882,SRB-9000011.001.Pw01_vs_DMSO,Pw01,G_00048,PG_00048,1.6803550158688914,0.8752396391360621,High (>25),0.9297060273129673,0.8103084951840616,0.11296976502468836
2884,SRB-9000011.001.Pw01_vs_DMSO,Pw01,G_00049,PG_00049,45.43358465542251,0.21143565664002606,Medium (11-25),0.12507100918823155,0.06318374213687261,0.800756013999561
2886,SRB-9000011.001.Pw01_vs_DMSO,Pw01,G_00050,PG_00050,0.7658108103061727,0.56546060699501,Single (1),0.9106268685680382,0.5626967062685928,0.9125900038109224
2888,SRB-9000011.001.Pw01_vs_DMSO,Pw01,G_00051,PG_00051,3.067010826280763,0.3706239016659808,Single (1),0.5920295786514876,0.5817571942075731,0.21527882894218697
2890,SRB-9000011.001.Pw01_vs_DMSO,Pw01,G_00052,PG_00052,0.01867646307699582,0.6769843673779488,Single (1),0.17324371198690114,0.6186667670449242,0.6528984888835813
2892,SRB-9000011.001.Pw01_vs_DMSO,Pw01,G_00053,PG_00053,0.9650049090483341,0.723143214955711,Low (2-10),0.6462458223982762,0.7573999994964699,0.3648205360997704
2894,SRB-9000011.001.Pw01_vs_DMSO,Pw01,G_00054,PG_00054,1.3309105907009,0.6630461913146938,Silent,0.764183870595136,0.4171100143369766,0.4899011585937104
2896,SRB-9000011.001.Pw01_vs_DMSO,Pw01,G_00055,PG_00055,0.4426362500355896,0.12668749801138735,Medium (11-25),0.18770965604272394,0.3889218819988288,0.46036299937833425
2898,SRB-9000011.001.Pw01_vs_DMSO,Pw01,G_00056,PG_00056,9.583135133461974,0.9823182018211658,High (>25),0.7151913026173311,0.3227628339923556,0.8306814457128068
2900,SRB-9000011.001.Pw01_vs_DMSO,Pw01,G_00057,PG_00057,22.90598293451628,0.7105814364584279,Silent,0.02235598336088429,0.8499981435941916,0.9563257525957908
2902,SRB-9000011.001.Pw01_vs_DMSO,Pw01,G_00058,PG_00058,4.871781847148861,0.9877256399603612,Single (1),0.024985015904215313,0.48529699585430897,0.6990126244608234
2904,SRB-9000011.001.Pw01_vs_DMSO,Pw01,G_00059,PG_00059,7.73766267388514,0.4578730153270322,Single (1),0.76238527300174,0.30763322772655766,0.32163712151519985
