id,uniquecontrast,plate,genes,pg,ms_score,ms_score_percent,activity,association_score,genetic_score,literature_score
2930,SRB-9001000.001.Pw10_vs_DMSO,Pw10,G_00000,PG_00000,2.4062232458427566,0.6136167970086728,High (>25),0.1754027966845766,0.6874387373489852,0.5898761607779371
2932,SRB-9001000.001.Pw10_vs_DMSO,Pw10,G_00001,PG_00001,21.99830764050963,0.6638870216192513,Silent,0.0054717072183883,0.4884005897648256,0.310899249006394
2934,SRB-9001000.001.Pw10_vs_DMSO,Pw10,G_00002,PG_00002,37.42344407225505,0.7903683729162897,Medium (11-25),0.5696613360147461,0.5151069445770076,0.4888904196084507
2936,SRB-9001000.001.Pw10_vs_DMSO,Pw10,G_00003,PG_00003,1.222913496634915,0.40276851240561906,Single (1),0.4376879322906785,0.483456163852664,0.9962685356929033
2938,SRB-9001000.001.Pw10_vs_DMSO,Pw10,G_00004,PG_00004,6.384991768183895,0.7544874612469709,Low (2-10),0.05688992549690097,0.7825599354718259,0.614077427449773
2940,SRB-9001000.001.Pw10_vs_DMSO,Pw10,G_00005,PG_00005,1.1425554108418587,0.30960861810278306,Low (2-10),0.4423551831094008,0.7616525658596687,0.8929163611658656
2942,SRB-9001000.001.Pw10_vs_DMSO,Pw10,G_00006,PG_00006,2.18599270569448,0.8243431337313115,Low (2-10),0.9104097677556046,0.9688151034572152,0.8369687181273783
2944,SRB-9001000.001.Pw10_vs_DMSO,Pw10,G_00007,PG_00007,4.0766670912098775,0.9628399710309432,Single (1),0.9817416247443328,0.67058794452974,0.3975314173353237
2946,SRB-9001000.001.Pw10_vs_DMSO,Pw10,G_00008,PG_00008,25.71157960680232,0.21709980486104397,Single (1),0.8744826160236728,0.3102453658270049,0.5455901652733628
2948,SRB-9001000.001.Pw10_vs_DMSO,Pw10,G_00009,PG_00009,5.971329772686743,0.030232157547212757,Medium (11-25),0.6780127358453033,0.3613734026849914,0.29386633831178777
2950,SRB-9001000.001.Pw10_vs_DMSO,Pw10,G_00010,PG_00010,10.490844095034841,0.3980597135649413,Single (1),0.6969589945417272,0.8925112745191518,0.7616626455744882
2952,SRB-9001000.001.Pw10_vs_DMSO,Pw10,G_00011,PG_00011,1.4862394280314164,0.5235098380885894,Single (1),0.6081179676557942,0.24936032033579913,0.8078998107114542
2954,SRB-9001000.001.Pw10_vs_DMSO,Pw10,G_00012,PG_00012,3.0589203948662904,0.21547536074967322,Single (1),0.5884722667671146,0.9676193860855247,0.8094756050851166
2956,SRB-9001000.001.Pw10_vs_DMSO,Pw10,G_00013,PG_00013,1.146894214356423,0.7128482183611887,Single (1),0.3336432097846175,0.1903420406819898,0.12719592018403036
2958,SRB-9001000.001.Pw10_vs_DMSO,Pw10,G_00014,PG_00014,10.7237113940707,0.49236280609448435,Silent,0.4738908212983475,0.7864357069057826,0.350431701458641
2960,SRB-9001000.001.Pw10_vs_DMSO,Pw10,G_00015,PG_00015,35.87703177504866,0.6981566342207609,Single (1),0.9302049717722329,0.6218554818456943,0.2635729593143499
2962,SRB-9001000.001.Pw10_vs_DMSO,Pw10,G_00016,PG_00016,26.02909903288269,0.6670128109996344,Silent,0.7446222654573806,0.5494782537525996,0.8419450142326185
2964,SRB-9001000.001.Pw10_vs_DMSO,Pw10,G_00017,PG_00017,3.5536841805080486,0.7255246612677914,Single (1),0.08381667879923926,0.2995374787192854,0.16298274170497296
2966,SRB-9001000.001.Pw10_vs_DMSO,Pw10,G_00018,PG_00018,4.897373384850641,0.35965479450767734,Low (2-10),0.1335598138802705,0.6542325906855211,0.8230017347182781
2968,SRB-9001000.001.Pw10_vs_DMSO,Pw10,G_00019,PG_00019,3.2899845937386147,0.8409994322884912,Single (1),0.30358022350734637,0.19088552764832212,0.4838186352149675
2970,SRB-9001000.001.Pw10_vs_DMSO,Pw10,G_00020,PG_00020,1.1996928815470977,0.3142351107361451,High (>25),0.02551596369741005,0.4209662873491705,0.06347788064933624
2972,SRB-9001000.001.Pw10_vs_DMSO,Pw10,G_00021,PG_00021,6.456150115112951,0.5551391581052666,High (>25),0.10047126497585956,0.5709209873340836,0.06813696381556156
2974,SRB-9001000.001.Pw10_vs_DMSO,Pw10,G_00022,PG_00022,5.3159357307386275,0.3983081232447817,Silent,0.9406562710736625,0.2393372193193577,0.8706809694077458
2976,SRB-9001000.001.Pw10_vs_DMSO,Pw10,G_00023,PG_00023,2.4019708361440353,0.9730092066095081,Medium (11-25),0.8232647700609343,0.10079036814714104,0.16120126357773368
2978,SRB-9001000.001.Pw10_vs_DMSO,Pw10,G_00024,PG_00024,49.47666920199241,0.3402855318378969,High (>25),0.5887911483817325,0.4778555423683638,0.9634569817801995
2980,SRB-9001000.001.Pw10_vs_DMSO,Pw10,G_00025,PG_00025,163.4245148719753,0.4494709819148617,Medium (11-25),0.34660157971209193,0.815320590670733,0.7013993201619414
2982,SRB-9001000.001.Pw10_vs_DMSO,Pw10,G_00026,PG_00026,13.8226703710754,0.9291472814520687,Medium (11-25),0.7922231277027226,0.4999325308557768,0.0937311235829199
2984,SRB-9001000.001.Pw10_vs_DMSO,Pw10,G_00027,PG_00027,25.009330029337498,0.2869297355633753,Medium (11-25),0.7869024737894308,0.3205449722785686,0.9257694560515904
2986,SRB-9001000.001.Pw10_vs_DMSO,Pw10,G_00028,PG_00028,9.135189724511076,0.32985837330926804,High (>25),0.39904351825050743,0.7296722147335147,0.1306293656729387
2988,SRB-9001000.001.Pw10_vs_DMSO,Pw10,G_00029,PG_00029,27.203949078876818,0.2949744671953649,Single (1),0.3087510241730328,0.5984575328190611,0.3359019537535841
2990,SRB-9001000.001.Pw10_vs_DMSO,Pw10,G_00030,PG_00030,12.350714745550027,0.29883435701691985,Single (1),0.592840881067713,0.7608832435520575,0.19348500245357292
2992,SRB-9001000.001.Pw10_vs_DMSO,Pw10,G_00031,PG_00031,29.90741896077091,0.3327420603701975,Low (2-10),0.08635373432965965,0.8803246797892346,0.7758445976362673
2994,SRB-9001000.001.Pw10_vs_DMSO,Pw10,G_00032,PG_00032,2.592739590642312,0.8113717629430361,Silent,0.574342823373507,0.44076059955571245,0.4790672517573702
2996,SRB-9001000.001.Pw10_vs_DMSO,Pw10,G_00033,PG_00033,4.733826806737228,0.08585941691544785,Single (1),0.09188062943222941,0.4716280966427262,0.2049690200539691
2998,SRB-9001000.001.Pw10_vs_DMSO,Pw10,G_00034,PG_00034,7.530957846410169,0.2661373771391986,Single (1),0.6703360500014153,0.4770477703856526,0.29143569886489495
3000,SRB-9001000.001.Pw10_vs_DMSO,Pw10,G_00035,PG_00035,22.66350619774235,0.13414664365265305,Single (1),0.7921947073462338,0.1896046669064514,0.9169597578749604
3002,SRB-9001000.001.Pw10_vs_DMSO,Pw10,G_00036,PG_00036,21.703233055525093,0.3826246798174143,Silent,0.1543156494931366,0.6966184961945738,0.785770711810274
3004,SRB-9001000.001.Pw10_vs_DMSO,Pw10,G_00037,PG_00037,21.043791552084862,0.9199223024391598,Single (1),0.04875021077064157,0.6107650160589206,0.3022594432485327
3006,SRB-9001000.001.Pw10_vs_DMSO,Pw10,G_00038,PG_00038,8.082048245668746,0.3985957171207507,Low (2-10),0.6871777465740996,0.906400882569907,0.814424922623565
3008,SRB-9001000.001.Pw10_vs_DMSO,Pw10,G_00039,PG_00039,0.8286289065145331,0.3085886521617561,Medium (11-25),0.9325524546728241,0.5166620922876538,0.2471428060384342
3010,SRB-9001000.001.Pw10_vs_DMSO,Pw10,G_00040,PG_00040,22.00419803400672,0.4458324695024495,Low (2-10),0.4560880171471936,0.22046292680348767,0.4499499710641184
3012,SRB-9001000.001.Pw10_vs_DMSO,Pw10,G_00041,PG_00041,17.174710435408308,0.5809954565017619,Silent,0.5264731358016859,0.048919552516355935,0.6994469161666238
3014,SRB-9001000.001.Pw10_vs_DMSO,Pw10,G_00042,PG_00042,2.969930568829105,0.7433547282394429,Low (2-10),0.2261063087954106,0.17400026595625873,0.8914905320043438
3016,SRB-9001000.001.Pw10_vs_DMSO,Pw10,G_00043,PG_00043,23.41036120854637,0.6648853162558147,Medium (11-25),0.3401077680902398,0.4891227920927883,0.5074033919475202
3018,SRB-9001000.001.Pw10_vs_DMSO,Pw10,G_00044,PG_00044,3.883449323162052,0.051731567199543416,Medium (11-25),0.045855464983962424,0.6431605315000226,0.9592037566615955
3020,SRB-9001000.001.Pw10_vs_DMSO,Pw10,G_00045,PG_00045,3.1516734333333636,0.12386843987937468,High (>25),0.09848170402694134,0.00832806997858615,0.06338736656125032
3022,SRB-9001000.001.Pw10_vs_DMSO,Pw10,G_00046,PG_00046,8.615915731330412,0.5644921582495037,High (>25),0.6983112118314986,0.2797546428814447,0.14643290731091252
3024,SRB-9001000.001.Pw10_vs_DMSO,Pw10,G_00047,PG_00047,180.450155588358,0.015865728046427274,Silent,0.3845068408956773,0.31496192615902574,0.5122534338930326
3026,SRB-9001000.001.Pw10_vs_DMSO,Pw10,G_00048,PG_00048,1.8027408916080883,0.5044477818370211,Single (1),0.6834304974556901,0.5387374115059425,0.45853748244195935
3028,SRB-9001000.001.Pw10_vs_DMSO,Pw10,G_00049,PG_00049,1.4764872538698124,0.2766752196672154,Low (2-10),0.8626239740130603,0.5932983863921858,0.20683544571314672
3030,SRB-9001000.001.Pw10_vs_DMSO,Pw10,G_00050,PG_00050,1.8376581780327839,0.6687350256114724,Single (1),0.938954974940048,0.5625180285189967,0.9150515327601881
3032,SRB-9001000.001.Pw10_vs_DMSO,Pw10,G_00051,PG_00051,6.0217896295663,0.4939625359295713,Single (1),0.6821626366342266,0.6001220461394059,0.9996484530011843
3034,SRB-9001000.001.Pw10_vs_DMSO,Pw10,G_00052,PG_00052,7.937251195747694,0.45872233376160987,Medium (11-25),0.7992735851966657,0.7506348925385574,0.08181998622795317
3036,SRB-9001000.001.Pw10_vs_DMSO,Pw10,G_00053,PG_00053,15.725166292143381,0.1615716453827265,Low (2-10),0.2911199685159692,0.4638536938634297,0.9535991211883196
3038,SRB-9001000.001.Pw10_vs_DMSO,Pw10,G_00054,PG_00054,11.091054437841493,0.966532301100278,Single (1),0.018230546712457496,0.24458657659210548,0.2934052923246474
3040,SRB-9001000.001.Pw10_vs_DMSO,Pw10,G_00055,PG_00055,7.510994750065811,0.33158272281358536,Single (1),0.18019717314133277,0.43564118957167397,0.4822823608406769
3042,SRB-9001000.001.Pw10_vs_DMSO,Pw10,G_00056,PG_00056,2.9495628147846955,0.10375734758309374,High (>25),0.9369511619809464,0.7613090877270623,0.04552370986423404
3044,SRB-9001000.001.Pw10_vs_DMSO,Pw10,G_00057,PG_00057,17.43578933233466,0.887038932701169,Single (1),0.038471951301067286,0.510388545035956,0.08945552863135553
3046,SRB-9001000.001.Pw10_vs_DMSO,Pw10,G_00058,PG_00058,15.728703541614404,0.6439207289510835,High (>25),0.12077916266526112,0.810773254578094,0.21391437207101482
3048,SRB-9001000.001.Pw10_vs_DMSO,Pw10,G_00059,PG_00059,17.331143970092647,0.8094416814965755,High (>25),0.9426284909537098,0.8298989209106199,0.5581490430359484
3050,SRB-9001000.001.Pw11_vs_DMSO,Pw11,G_00000,PG_00000,1.5352450170754541,0.0001779732723845573,Silent,0.8905384994649324,0.7466846555076535,0.6051785000263743
3052,SRB-9001000.001.Pw11_vs_DMSO,Pw11,G_00001,PG_00001,0.889211178486502,0.37351697483910284,Low (2-10),0.9672272707685916,0.6175899653521391,0.3716802364723697
3054,SRB-9001000.001.Pw11_vs_DMSO,Pw11,G_00002,PG_00002,22.875188472758552,0.10141576838259325,Silent,0.2723185374208985,0.11904579131631587,0.1025565571767677
3056,SRB-9001000.001.Pw11_vs_DMSO,Pw11,G_00003,PG_00003,6.471313062018858,0.9913449259640226,Medium (11-25),0.5352467966770911,0.18025406942129352,0.7925459558396739
3058,SRB-9001000.001.Pw11_vs_DMSO,Pw11,G_00004,PG_00004,34.32797815030485,0.6158962297502981,Silent,0.9854512204457376,0.5276595802629711,0.8361659460559772
3060,SRB-9001000.001.Pw11_vs_DMSO,Pw11,G_00005,PG_00005,9.61485939451789,0.3107762387746065,Medium (11-25),0.5982872831732929,0.8150312288552878,0.02908498921529923
3062,SRB-9001000.001.Pw11_vs_DMSO,Pw11,G_00006,PG_00006,2.7764741890678146,0.05049041141704402,Single (1),0.989178141083063,0.3469617569867324,0.7908402263398772
3064,SRB-9001000.001.Pw11_vs_DMSO,Pw11,G_00007,PG_00007,8.715737114310599,0.39930483760637436,Single (1),0.6355405744906883,0.38255348527073596,0.33288615164566915
3066,SRB-9001000.001.Pw11_vs_DMSO,Pw11,G_00008,PG_00008,26.756260570275565,0.9230040004707106,Silent,0.9998052226110481,0.3926849700334719,0.04652031489276243
3068,SRB-9001000.001.Pw11_vs_DMSO,Pw11,G_00009,PG_00009,35.605410089360724,0.08251711384930183,High (>25),0.09689757392576492,0.31704516712702124,0.7131052141205806
3070,SRB-9001000.001.Pw11_vs_DMSO,Pw11,G_00010,PG_00010,8.99547458773679,0.6290725826203031,Single (1),0.6475842475107301,0.564367044296584,0.7916042934065323
3072,SRB-9001000.001.Pw11_vs_DMSO,Pw11,G_00011,PG_00011,3.8358412141428486,0.0028363795200261332,Medium (11-25),0.2558014835734541,0.8611167010284477,0.25755278978458895
3074,SRB-9001000.001.Pw11_vs_DMSO,Pw11,G_00012,PG_00012,3.521495911460823,0.03099265144227248,Low (2-10),0.10379258878535236,0.23834314945975354,0.5716512416529117
3076,SRB-9001000.001.Pw11_vs_DMSO,Pw11,G_00013,PG_00013,4.139865548571055,0.2014094862979645,Silent,0.17742758796878333,0.4674260156032026,0.47372538834379296
3078,SRB-9001000.001.Pw11_vs_DMSO,Pw11,G_00014,PG_00014,17.502178200176036,0.7308551015837448,Silent,0.9360613040666381,0.9620903836587201,0.34106380979401396
3080,SRB-9001000.001.Pw11_vs_DMSO,Pw11,G_00015,PG_00015,34.5369979738924,0.9626217252300572,Low (2-10),0.8123147217620655,0.02775044580424213,0.43409501958010244
3082,SRB-9001000.001.Pw11_vs_DMSO,Pw11,G_00016,PG_00016,160.38540948810063,0.5833134845810569,High (>25),0.09457695904264574,0.291843683870292,0.7611620420764204
3084,SRB-9001000.001.Pw11_vs_DMSO,Pw11,G_00017,PG_00017,175.10263441467376,0.4888297901032137,Single (1),0.6538705179036526,0.7495119833019812,0.7640463817776316
3086,SRB-9001000.001.Pw11_vs_DMSO,Pw11,G_00018,PG_00018,5.812723520798076,0.755875571685248,Silent,0.24126221716088248,0.3892380294222142,0.9296542960357906
3088,SRB-9001000.001.Pw11_vs_DMSO,Pw11,G_00019,PG_00019,3.2447069099236323,0.09665580747307778,High (>25),0.10938609689878787,0.3880055633910725,0.22893715034533668
3090,SRB-9001000.001.Pw11_vs_DMSO,Pw11,G_00020,PG_00020,16.735033760397364,0.10379691504210031,Low (2-10),0.6066271806590061,0.1742285766556606,0.6536978486707908
3092,SRB-9001000.001.Pw11_vs_DMSO,Pw11,G_00021,PG_00021,22.938096003764326,0.48931148047752915,Low (2-10),0.5941408616106112,0.6417252115941823,0.9485922619116511
3094,SRB-9001000.001.Pw11_vs_DMSO,Pw11,G_00022,PG_00022,20.029896863134628,0.6404419220765754,Silent,0.8447566161267561,0.3177135513180789,0.01407008631710005
3096,SRB-9001000.001.Pw11_vs_DMSO,Pw11,G_00023,PG_00023,3.8448853279910757,0.6863921153787211,Low (2-10),0.6353477131266753,0.3774045174318249,0.9829253042605895
3098,SRB-9001000.001.Pw11_vs_DMSO,Pw11,G_00024,PG_00024,2.5911136351127793,0.600439225797279,Silent,0.6275200181786467,0.5605267041091014,0.7139237197306936
3100,SRB-9001000.001.Pw11_vs_DMSO,Pw11,G_00025,PG_00025,10.431233374122757,0.6649507211898867,Low (2-10),0.4653139571108006,0.7260978628143606,0.07543046728587932
3102,SRB-9001000.001.Pw11_vs_DMSO,Pw11,G_00026,PG_00026,1.3045164711155308,0.3753152878756525,High (>25),0.3601602236852379,0.4740345611431488,0.2018181007529115
3104,SRB-9001000.001.Pw11_vs_DMSO,Pw11,G_00027,PG_00027,15.49834411612444,0.28925447244968694,High (>25),0.6219739650585974,0.5284492243979639,0.84758930852294
3106,SRB-9001000.001.Pw11_vs_DMSO,Pw11,G_00028,PG_00028,40.91083290596178,0.16757898317388353,Medium (11-25),0.23065009006374781,0.08240350019082321,0.4355519598466473
3108,SRB-9001000.001.Pw11_vs_DMSO,Pw11,G_00029,PG_00029,12.85628523532279,0.6606036964623996,High (>25),0.3044756239195098,0.787764174179777,0.2552256592974481
3110,SRB-9001000.001.Pw11_vs_DMSO,Pw11,G_00030,PG_00030,12.966165831950242,0.7822506384280451,Low (2-10),0.9826137139124937,0.3069379628334299,0.6287023308475407
3112,SRB-9001000.001.Pw11_vs_DMSO,Pw11,G_00031,PG_00031,0.07189123776288144,0.2109819122158021,Medium (11-25),0.8725965601987649,0.41895427392677353,0.8985924969202134
3114,SRB-9001000.001.Pw11_vs_DMSO,Pw11,G_00032,PG_00032,14.834771499898308,0.33893938676799673,Silent,0.2837476992989896,0.15040821132837912,0.9072869564081638
3116,SRB-9001000.001.Pw11_vs_DMSO,Pw11,G_00033,PG_00033,5.3506473737142,0.7521362228819564,Low (2-10),0.17174583104901586,0.5014076993352095,0.4071404371132905
3118,SRB-9001000.001.Pw11_vs_DMSO,Pw11,G_00034,PG_00034,22.53925716789219,0.030036655823687308,Low (2-10),0.5840539381652268,0.16835295854333543,0.21529085046156893
3120,SRB-9001000.001.Pw11_vs_DMSO,Pw11,G_00035,PG_00035,5.077058384416655,0.516040582383034,Silent,0.807045621778492,0.34897783529168813,0.25482566831105347
3122,SRB-9001000.001.Pw11_vs_DMSO,Pw11,G_00036,PG_00036,12.871532943257524,0.6701775631122999,Silent,0.519903015023034,0.842924230155611,0.46575489603575704
3124,SRB-9001000.001.Pw11_vs_DMSO,Pw11,G_00037,PG_00037,2.567896902714473,0.7977753811964445,Medium (11-25),0.3176891120924551,0.8246504100607719,0.636884355627692
3126,SRB-9001000.001.Pw11_vs_DMSO,Pw11,G_00038,PG_00038,7.596959670470419,0.5258680274561651,Medium (11-25),0.19857749491138954,0.52788966658956,0.33929470006642315
3128,SRB-9001000.001.Pw11_vs_DMSO,Pw11,G_00039,PG_00039,53.09793047608804,0.563074949698079,Medium (11-25),0.8292573049821031,0.6000644979281564,0.18661802269064154
3130,SRB-9001000.001.Pw11_vs_DMSO,Pw11,G_00040,PG_00040,11.64133205711105,0.3738441287661777,High (>25),0.07852354117909455,0.08778406967076124,0.5493479089639637
3132,SRB-9001000.001.Pw11_vs_DMSO,Pw11,G_00041,PG_00041,4.577845928336731,0.5525057691422041,Silent,0.8313188346728139,0.6644167553191799,0.3435428531044995
3134,SRB-9001000.001.Pw11_vs_DMSO,Pw11,G_00042,PG_00042,11.181442398291045,0.7737333041513208,Silent,0.2856608023886902,0.680668731490864,0.1191391401710219
3136,SRB-9001000.001.Pw11_vs_DMSO,Pw11,G_00043,PG_00043,8.041498662631184,0.30308099864568605,Silent,0.31720857703062755,0.6404147144460401,0.7393700387619554
3138,SRB-9001000.001.Pw11_vs_DMSO,Pw11,G_00044,PG_00044,18.13549525603072,0.941623315199244,Silent,0.020085435609401348,0.27039391788355704,0.9453829391917262
3140,SRB-9001000.001.Pw11_vs_DMSO,Pw11,G_00045,PG_00045,64.79516834601898,0.7347322895613725,Silent,0.32186319380685424,0.18472245401736576,0.19582479908635408
3142,SRB-9001000.001.Pw11_vs_DMSO,Pw11,G_00046,PG_00046,0.15857413134928725,0.512347024357991,Medium (11-25),0.6805131667679117,0.9243120193004899,0.5255767161235577
3144,SRB-9001000.001.Pw11_vs_DMSO,Pw11,G_00047,PG_00047,2.3934745517180915,0.5025914600672781,Low (2-10),0.31957553909401415,0.5142707000452306,0.3452780984107674
3146,SRB-9001000.001.Pw11_vs_DMSO,Pw11,G_00048,PG_00048,1.5740721601241139,0.5888733174503253,Silent,0.0256746423287193,0.7795246447860433,0.33923521724285555
3148,SRB-9001000.001.Pw11_vs_DMSO,Pw11,G_00049,PG_00049,3.110633956648437,0.37499449872313273,Medium (11-25),0.570686626806761,0.20794745300318063,0.8091423507473288
3150,SRB-9001000.001.Pw11_vs_DMSO,Pw11,G_00050,PG_00050,3.29454871124023,0.39677103232405775,Medium (11-25),0.8142924420931504,0.787700133333946,0.6619472130817279
3152,SRB-9001000.001.Pw11_vs_DMSO,Pw11,G_00051,PG_00051,49.07612123041481,0.14424241113607794,Low (2-10),0.3840901116322881,0.7946106420553556,0.8900352468308631
3154,SRB-9001000.001.Pw11_vs_DMSO,Pw11,G_00052,PG_00052,27.625250109125258,0.8406486061541831,Silent,0.9745512050262104,0.9511144977778794,0.6752612577207827
3156,SRB-9001000.001.Pw11_vs_DMSO,Pw11,G_00053,PG_00053,11.494997917799825,0.9389318609592133,Low (2-10),0.3034309882003554,0.40103372340885823,0.6095103665652695
3158,SRB-9001000.001.Pw11_vs_DMSO,Pw11,G_00054,PG_00054,1.3450284816366684,0.954972033838994,Low (2-10),0.14145193976164971,0.5874561312419326,0.40517423032772715
3160,SRB-9001000.001.Pw11_vs_DMSO,Pw11,G_00055,PG_00055,19.02532332346363,0.40051744260331545,Low (2-10),0.7388248883989608,0.885336728435999,0.6481742421959523
3162,SRB-9001000.001.Pw11_vs_DMSO,Pw11,G_00056,PG_00056,12.446969653165496,0.23605666906080613,High (>25),0.6279507570134177,0.6281829744686739,0.8877800949455806
3164,SRB-9001000.001.Pw11_vs_DMSO,Pw11,G_00057,PG_00057,2.805539310531839,0.5090108806268873,Medium (11-25),0.7283391214498646,0.08074886602786768,0.28228160101824706
3166,SRB-9001000.001.Pw11_vs_DMSO,Pw11,G_00058,PG_00058,0.23948841875783705,0.8709219959795163,Low (2-10),0.6080120637869937,0.9735400346748813,0.0600288189879401
3168,SRB-9001000.001.Pw11_vs_DMSO,Pw11,G_00059,PG_00059,5.618619257140892,0.13848420460886712,Medium (11-25),0.30934808867753627,0.5234390991969631,0.23189082344707534
3170,SRB-9001001.001.Pw10_vs_DMSO,Pw10,G_00000,PG_00000,10.327901888424835,0.2398527025163767,Single (1),0.33274311897782205,0.175190672053253,0.6095822376202095
3172,SRB-9001001.001.Pw10_vs_DMSO,Pw10,G_00001,PG_00001,10.836490857225456,0.2849522030621887,Silent,0.04403236941777644,0.11557299219256534,0.8844882498379538
3174,SRB-9001001.001.Pw10_vs_DMSO,Pw10,G_00002,PG_00002,10.575544670097758,0.44117490050132535,Silent,0.9215023875006845,0.815868392617155,0.12125344244272951
3176,SRB-9001001.001.Pw10_vs_DMSO,Pw10,G_00003,PG_00003,21.878879809465097,0.6774464395993357,Silent,0.9225926765620371,0.4627531044318828,0.5466863390089156
3178,SRB-9001001.001.Pw10_vs_DMSO,Pw10,G_00004,PG_00004,21.58233836774677,0.12655433237451563,High (>25),0.07459970102763558,0.3174382211439737,0.38371366819258335
3180,SRB-9001001.001.Pw10_vs_DMSO,Pw10,G_00005,PG_00005,18.529741921347526,0.320315068118467,Single (1),0.9865662253999882,0.5002915554576104,0.8076750809086529
3182,SRB-9001001.001.Pw10_vs_DMSO,Pw10,G_00006,PG_00006,1.2733777807464257,0.7137692418698401,Single (1),0.7469272899922016,0.7483227497036666,0.717746862798981
3184,SRB-9001001.001.Pw10_vs_DMSO,Pw10,G_00007,PG_00007,13.681937281504908,0.4732508367572902,Single (1),0.2753139020304409,0.9844955936346438,0.9435217794215617
3186,SRB-9001001.001.Pw10_vs_DMSO,Pw10,G_00008,PG_00008,15.223807733192572,0.7055411369173336,High (>25),0.33754846379284953,0.40580156182808735,0.10515404850371346
3188,SRB-9001001.001.Pw10_vs_DMSO,Pw10,G_00009,PG_00009,43.77480180092128,0.21636627872478242,Silent,0.9612016982525762,0.5463165952836024,0.47621630770507584
3190,SRB-9001001.001.Pw10_vs_DMSO,Pw10,G_00010,PG_00010,31.07428499691659,0.016870935106415574,Medium (11-25),0.7850555155978759,0.34939402111226825,0.07872729737638973
3192,SRB-9001001.001.Pw10_vs_DMSO,Pw10,G_00011,PG_00011,169.30315545087979,0.10441852009956232,Medium (11-25),0.08831452206882995,0.534375894499335,0.8194868860217465
3194,SRB-9001001.001.Pw10_vs_DMSO,Pw10,G_00012,PG_00012,21.16056216876432,0.3120221549759107,Silent,0.1688427085431894,0.6911624090650037,0.9412627975316715
3196,SRB-9001001.001.Pw10_vs_DMSO,Pw10,G_00013,PG_00013,19.964778545879426,0.13825613550032578,Silent,0.5760182528466861,0.6857113307787019,0.5368739578096445
3198,SRB-9001001.001.Pw10_vs_DMSO,Pw10,G_00014,PG_00014,12.623672637397732,0.8283174163625494,Low (2-10),0.06905732077166193,0.4208414141133283,0.8241052023303778
3200,SRB-9001001.001.Pw10_vs_DMSO,Pw10,G_00015,PG_00015,2.5719600633416166,0.17784296765458385,Low (2-10),0.22328140078788605,0.32213320934043255,0.627102600628366
3202,SRB-9001001.001.Pw10_vs_DMSO,Pw10,G_00016,PG_00016,5.043420114026261,0.36577559214387,Single (1),0.034191536185926186,0.14009665391269532,0.18436332407043932
3204,SRB-9001001.001.Pw10_vs_DMSO,Pw10,G_00017,PG_00017,20.28889024017236,0.5846604285099737,High (>25),0.7410452724107763,0.34582547917208506,0.2570372445864467
3206,SRB-9001001.001.Pw10_vs_DMSO,Pw10,G_00018,PG_00018,38.3435628656146,0.12818930290715125,Silent,0.8159959814707747,0.7069193814717386,0.9972016167551222
3208,SRB-9001001.001.Pw10_vs_DMSO,Pw10,G_00019,PG_00019,25.699761707365774,0.17197824046993626,Single (1),0.9990269865971138,0.7952157598370541,0.032171270651277784
3210,SRB-9001001.001.Pw10_vs_DMSO,Pw10,G_00020,PG_00020,24.89441042018526,0.6622269463694133,Single (1),0.32610568213029123,0.710420155693187,0.8997630051673712
3212,SRB-9001001.001.Pw10_vs_DMSO,Pw10,G_00021,PG_00021,27.817887439564327,0.2939016245202942,Low (2-10),0.8308077603678539,0.6007254163503037,0.01671727135253842
3214,SRB-9001001.001.Pw10_vs_DMSO,Pw10,G_00022,PG_00022,7.473465252178725,0.4135401922371674,High (>25),0.06702094588878427,0.5551762113656722,0.7723400663818605
3216,SRB-9001001.001.Pw10_vs_DMSO,Pw10,G_00023,PG_00023,3.5060839423983166,0.28547316149068447,Single (1),0.8421526361311802,0.7245897495094349,0.13310999586019256
3218,SRB-9001001.001.Pw10_vs_DMSO,Pw10,G_00024,PG_00024,11.819296724441982,0.2902967666976701,Medium (11-25),0.7134518759363874,0.07027602240196718,0.8142806347489064
3220,SRB-9001001.001.Pw10_vs_DMSO,Pw10,G_00025,PG_00025,5.996725480864783,0.24651307214533558,Medium (11-25),0.4776226392079186,0.3867183435938699,0.3907341011763601
3222,SRB-9001001.001.Pw10_vs_DMSO,Pw10,G_00026,PG_00026,3.631755737293437,0.814365228509006,Silent,0.7092094170583687,0.7245855944910095,0.9054627651718805
3224,SRB-9001001.001.Pw10_vs_DMSO,Pw10,G_00027,PG_00027,1.1247724380643067,0.8981915568293253,Silent,0.14216726641750133,0.8489275124120927,0.7053396844137703
3226,SRB-9001001.001.Pw10_vs_DMSO,Pw10,G_00028,PG_00028,11.128547942523362,0.3574443657466845,High (>25),0.3836459196363823,0.3765647183583165,0.40445225127666407
3228,SRB-9001001.001.Pw10_vs_DMSO,Pw10,G_00029,PG_00029,5.366188355693397,0.849760300986575,Medium (11-25),0.5174349451300101,0.6080288106735838,0.8636322682638244
3230,SRB-9001001.001.Pw10_vs_DMSO,Pw10,G_00030,PG_00030,46.510394789251414,0.2610924836400328,Medium (11-25),0.05110086125932645,0.5712864891347013,0.9878751003641074
3232,SRB-9001001.001.Pw10_vs_DMSO,Pw10,G_00031,PG_00031,30.977573005920213,0.072178210304084,Single (1),0.34186474018099455,0.17641932251184955,0.25507240910898166
3234,SRB-9001001.001.Pw10_vs_DMSO,Pw10,G_00032,PG_00032,30.792034984773018,0.5527122434128893,Low (2-10),0.6449178176797968,0.01264423622941524,0.9122685283091739
3236,SRB-9001001.001.Pw10_vs_DMSO,Pw10,G_00033,PG_00033,15.310395814219927,0.1947437821784308,Medium (11-25),0.037248804347260744,0.8065519851877331,0.098630736864744
3238,SRB-9001001.001.Pw10_vs_DMSO,Pw10,G_00034,PG_00034,7.810183417981117,0.9977005296133082,Single (1),0.3469752901082427,0.35010712693407264,0.7270437296907183
3240,SRB-9001001.001.Pw10_vs_DMSO,Pw10,G_00035,PG_00035,5.120197629097517,0.16941334549945863,High (>25),0.39966959742141184,0.2544209574247136,0.15538587923031
3242,SRB-9001001.001.Pw10_vs_DMSO,Pw10,G_00036,PG_00036,179.58238978030363,0.2327408918707381,High (>25),0.43630596290933144,0.258783083236806,0.20179992022954119
3244,SRB-9001001.001.Pw10_vs_DMSO,Pw10,G_00037,PG_00037,12.361967490053665,0.217539744477101,High (>25),0.7303266066695129,0.8716221145771827,0.9258797760433817
3246,SRB-9001001.001.Pw10_vs_DMSO,Pw10,G_00038,PG_00038,1.8954334590947046,0.5514950344649674,Single (1),0.5227410182584623,0.22214346055140388,0.5955787851886596
3248,SRB-9001001.001.Pw10_vs_DMSO,Pw10,G_00039,PG_00039,0.5767731468666628,0.30592283043792956,High (>25),0.16687939941453966,0.6364170859214265,0.4749922289570421
3250,SRB-9001001.001.Pw10_vs_DMSO,Pw10,G_00040,PG_00040,12.287725484133087,0.08949955140824284,High (>25),0.6662498598677887,0.9430485313103234,0.08717513708475355
3252,SRB-9001001.001.Pw10_vs_DMSO,Pw10,G_00041,PG_00041,4.166643212889281,0.18542617850668164,Low (2-10),0.3155375730297326,0.6731192680968099,0.9873707191228437
3254,SRB-9001001.001.Pw10_vs_DMSO,Pw10,G_00042,PG_00042,29.86717199810443,0.7434628515200407,Low (2-10),0.4716435985868699,0.8645261727164227,0.7418454785055341
3256,SRB-9001001.001.Pw10_vs_DMSO,Pw10,G_00043,PG_00043,21.191715245500315,0.6336378107986388,High (>25),0.08936299338996578,0.5064945950000993,0.03719128280872741
3258,SRB-9001001.001.Pw10_vs_DMSO,Pw10,G_00044,PG_00044,20.799306244835336,0.37200021520185467,High (>25),0.6789310372956944,0.8345360315427549,0.7813159695405297
3260,SRB-9001001.001.Pw10_vs_DMSO,Pw10,G_00045,PG_00045,56.28992055018587,0.4878903004357289,Low (2-10),0.26451627498740027,0.0735085153212015,0.5481177082846364
3262,SRB-9001001.001.Pw10_vs_DMSO,Pw10,G_00046,PG_00046,24.466823537952706,0.6863245339015146,Single (1),0.9171106923964648,0.7123222530358151,0.11408871151960409
3264,SRB-9001001.001.Pw10_vs_DMSO,Pw10,G_00047,PG_00047,4.3679855543581025,0.6550543615384093,Single (1),0.4557569439468112,0.1243310680795735,0.8899027552848724
3266,SRB-9001001.001.Pw10_vs_DMSO,Pw10,G_00048,PG_00048,3.2958594732548034,0.7796366615299796,High (>25),0.9351520933379427,0.540928185845937,0.9181636888966789
3268,SRB-9001001.001.Pw10_vs_DMSO,Pw10,G_00049,PG_00049,3.0320891097131817,0.3221896811665532,Silent,0.06833081045682521,0.6591883823311789,0.752032547821136
3270,SRB-9001001.001.Pw10_vs_DMSO,Pw10,G_00050,PG_00050,2.8451434961689572,0.268000208266447,High (>25),0.42057575403544,0.7929364870742522,0.4209087951459253
3272,SRB-9001001.001.Pw10_vs_DMSO,Pw10,G_00051,PG_00051,11.60890147699384,0.8897447688789295,Medium (11-25),0.7092976859326279,0.41162844181479563,0.5292876947604072
3274,SRB-9001001.001.Pw10_vs_DMSO,Pw10,G_00052,PG_00052,38.76027504753101,0.31629940909472154,Medium (11-25),0.25834649103476737,0.15292752293266576,0.24259638960401853
3276,SRB-9001001.001.Pw10_vs_DMSO,Pw10,G_00053,PG_00053,49.727443065934054,0.004193761715277522,High (>25),0.07853981292419321,0.693197708805111,0.7492509429323501
3278,SRB-9001001.001.Pw10_vs_DMSO,Pw10,G_00054,PG_00054,9.079621425617498,0.8776778923346945,Low (2-10),0.9709049763787438,0.8906873550496711,0.8735198630184488
3280,SRB-9001001.001.Pw10_vs_DMSO,Pw10,G_00055,PG_00055,32.47398552026723,0.9842333418042882,High (>25),0.7733708272209108,0.4562398427774865,0.9295463274895853
3282,SRB-9001001.001.Pw10_vs_DMSO,Pw10,G_00056,PG_00056,0.9251223009498805,0.49782164133909257,Medium (11-25),0.9719465782030011,0.3321941597435072,0.39758204861218027
3284,SRB-9001001.001.Pw10_vs_DMSO,Pw10,G_00057,PG_00057,0.45381961233548995,0.4785182559642662,Single (1),0.2958837477226004,0.30972749687695245,0.4410337830454303
3286,SRB-9001001.001.Pw10_vs_DMSO,Pw10,G_00058,PG_00058,38.06030128249203,0.6726990919809839,Low (2-10),0.9660772813064104,0.8920970472420944,0.9016644195170949
3288,SRB-9001001.001.Pw10_vs_DMSO,Pw10,G_00059,PG_00059,2.7778598236375798,0.1407834330177833,Medium (11-25),0.0974772479044742,0.24030635672095058,0.2630546172006428
3290,SRB-9001001.001.Pw11_vs_DMSO,Pw11,G_00000,PG_00000,29.44559434830779,0.930115873173948,Silent,0.3812735088301895,0.9474515970870904,0.2929893471492663
3292,SRB-9001001.001.Pw11_vs_DMSO,Pw11,G_00001,PG_00001,0.862736701002079,0.9726376016906222,High (>25),0.16256532413533287,0.722697802793455,0.28642673569960597
3294,SRB-9001001.001.Pw11_vs_DMSO,Pw11,G_00002,PG_00002,13.685723468388233,0.8323146628417827,Medium (11-25),0.35376527106807076,0.0033640554890725927,0.9105549876831875
3296,SRB-9001001.001.Pw11_vs_DMSO,Pw11,G_00003,PG_00003,60.93926468390514,0.007830072061435933,High (>25),0.8755917381531043,0.8004556370047081,0.2967016146526782
3298,SRB-9001001.001.Pw11_vs_DMSO,Pw11,G_00004,PG_00004,27.2796369603561,0.4566395730890873,Single (1),0.26835120184316597,0.2321068189578861,0.6222625335012243
3300,SRB-9001001.001.Pw11_vs_DMSO,Pw11,G_00005,PG_00005,5.973476321107179,0.2744954113815917,Medium (11-25),0.17532038070337663,0.6264754394113254,0.18737101825299163
3302,SRB-9001001.001.Pw11_vs_DMSO,Pw11,G_00006,PG_00006,1.5464103722759024,0.687186860235504,Medium (11-25),0.5230032829437755,0.4816224215338074,0.2937833716600211
3304,SRB-9001001.001.Pw11_vs_DMSO,Pw11,G_00007,PG_00007,3.4687910967517253,0.24520349809224185,Low (2-10),0.013835589404318172,0.4689034910398042,0.34093095758012315
3306,SRB-9001001.001.Pw11_vs_DMSO,Pw11,G_00008,PG_00008,7.2878388454393805,0.35994012959335475,Low (2-10),0.6765013464159165,0.6758291456372946,0.30937274657658376
3308,SRB-9001001.001.Pw11_vs_DMSO,Pw11,G_00009,PG_00009,15.752809291091271,0.5211530793291935,Medium (11-25),0.7328686287261236,0.6343231986032691,0.9970655798390108
3310,SRB-9001001.001.Pw11_vs_DMSO,Pw11,G_00010,PG_00010,14.256062032062603,0.2635241984996993,Low (2-10),0.8981714496011006,0.8839104856303381,0.31426771465345904
3312,SRB-9001001.001.Pw11_vs_DMSO,Pw11,G_00011,PG_00011,38.724148069362705,0.05503261360234768,Medium (11-25),0.7602809873434305,0.11552506743475899,0.826131033490772
3314,SRB-9001001.001.Pw11_vs_DMSO,Pw11,G_00012,PG_00012,22.405206472093624,0.41570185367639323,High (>25),0.35257560437204694,0.05065813659066909,0.7850356718387892
3316,SRB-9001001.001.Pw11_vs_DMSO,Pw11,G_00013,PG_00013,5.024234137289249,0.7368064328957963,Low (2-10),0.13284701471123272,0.9681131230882523,0.5130189267146164
3318,SRB-9001001.001.Pw11_vs_DMSO,Pw11,G_00014,PG_00014,19.955353967198512,0.21728595255332572,Single (1),0.8918003886445823,0.2772627985897267,0.7323895680451524
3320,SRB-9001001.001.Pw11_vs_DMSO,Pw11,G_00015,PG_00015,24.488489490297265,0.3603798624169162,Medium (11-25),0.44426158018121586,0.33589463966409083,0.5168528430822764
3322,SRB-9001001.001.Pw11_vs_DMSO,Pw11,G_00016,PG_00016,1.7054958577032373,0.9396510191190975,Single (1),0.8732806174300377,0.9933157022047426,0.6083061058610097
3324,SRB-9001001.001.Pw11_vs_DMSO,Pw11,G_00017,PG_00017,18.32738837840388,0.6906013000899285,Low (2-10),0.24473833410922374,0.37895962624024637,0.19433062025795056
3326,SRB-9001001.001.Pw11_vs_DMSO,Pw11,G_00018,PG_00018,13.557549117477915,0.8474436037060274,Medium (11-25),0.01848421909518272,0.290238974788804,0.723843652708538
3328,SRB-9001001.001.Pw11_vs_DMSO,Pw11,G_00019,PG_00019,1.668856876889472,0.8323884033388904,Medium (11-25),0.0076538661544676145,0.5904531994969646,0.36656159829863366
3330,SRB-9001001.001.Pw11_vs_DMSO,Pw11,G_00020,PG_00020,1.4420242193500823,0.7253012197522068,High (>25),0.21970093708206984,0.2907641043086313,0.14464430313489773
3332,SRB-9001001.001.Pw11_vs_DMSO,Pw11,G_00021,PG_00021,3.891734606943178,0.8509479820087544,Silent,0.5751909449820106,0.12477816258177887,0.6591918673480343
3334,SRB-9001001.001.Pw11_vs_DMSO,Pw11,G_00022,PG_00022,3.597702012658698,0.566824631523438,High (>25),0.3631444977030681,0.5063466959224383,0.3434800896903043
3336,SRB-9001001.001.Pw11_vs_DMSO,Pw11,G_00023,PG_00023,1.4931355885038546,0.266783536799319,High (>25),0.7523302794647174,0.04186480691493266,0.5524319155064287
3338,SRB-9001001.001.Pw11_vs_DMSO,Pw11,G_00024,PG_00024,1.3245132788739427,0.8249368993318323,Medium (11-25),0.724259969571099,0.8848105354412853,0.37961986824150806
3340,SRB-9001001.001.Pw11_vs_DMSO,Pw11,G_00025,PG_00025,8.8806923239899,0.5459334692658405,Low (2-10),0.6496021293975865,0.8183405588464521,0.047996071688922726
3342,SRB-9001001.001.Pw11_vs_DMSO,Pw11,G_00026,PG_00026,14.074017771072565,0.8383833272853888,Low (2-10),0.4952800201284725,0.9158012682255139,0.32207261768618767
3344,SRB-9001001.001.Pw11_vs_DMSO,Pw11,G_00027,PG_00027,178.21785242275223,0.568433455836327,High (>25),0.36890376735042985,0.28895702268255985,0.8774846146706239
3346,SRB-9001001.001.Pw11_vs_DMSO,Pw11,G_00028,PG_00028,6.427092127834342,0.7983389800402352,Low (2-10),0.4725815062970815,0.09280276801862863,0.09013761403447518
3348,SRB-9001001.001.Pw11_vs_DMSO,Pw11,G_00029,PG_00029,0.5943126944164083,0.9888548562389265,High (>25),0.554273411124424,0.17405379771410012,0.6832694049211303
3350,SRB-9001001.001.Pw11_vs_DMSO,Pw11,G_00030,PG_00030,7.51218835775686,0.9620752070611786,Medium (11-25),0.3121271168416597,0.02729783737561864,0.0679689848900521
3352,SRB-9001001.001.Pw11_vs_DMSO,Pw11,G_00031,PG_00031,3.882032060694823,0.419685545409225,Silent,0.6252363194111098,0.9984860126867638,0.3149324669869489
3354,SRB-9001001.001.Pw11_vs_DMSO,Pw11,G_00032,PG_00032,12.362526718581694,0.21805922678733713,Medium (11-25),0.38243818030642884,0.1567624231395376,0.46766045271203105
3356,SRB-9001001.001.Pw11_vs_DMSO,Pw11,G_00033,PG_00033,8.261678946822416,0.43624444769888115,Single (1),0.8913898364985768,0.5478233073389012,0.338223520865804
3358,SRB-9001001.001.Pw11_vs_DMSO,Pw11,G_00034,PG_00034,26.999636894679583,0.935515708114254,Low (2-10),0.7327178470452588,0.0014780695354023043,0.37160384024871107
3360,SRB-9001001.001.Pw11_vs_DMSO,Pw11,G_00035,PG_00035,17.00578902895391,0.8520841844200278,Single (1),0.8123126522605635,0.5577308757830904,0.13199547013458113
3362,SRB-9001001.001.Pw11_vs_DMSO,Pw11,G_00036,PG_00036,11.583154925112147,0.05056008688778024,Medium (11-25),0.4862785646773312,0.7386072477909634,0.49325494178922735
3364,SRB-9001001.001.Pw11_vs_DMSO,Pw11,G_00037,PG_00037,1.9397182901519217,0.16905252070403276,High (>25),0.5939837064213199,0.8055578384761304,0.28554724209674087
3366,SRB-9001001.001.Pw11_vs_DMSO,Pw11,G_00038,PG_00038,9.63603808099235,0.2965727478717638,High (>25),0.2457771118394626,0.2882550314909027,0.16262645657467123
3368,SRB-9001001.001.Pw11_vs_DMSO,Pw11,G_00039,PG_00039,15.964588040089087,0.5438397605709523,Silent,0.6885734959870192,0.051110148717553816,0.7301752614459089
3370,SRB-9001001.001.Pw11_vs_DMSO,Pw11,G_00040,PG_00040,3.1125549181665555,0.10395763989358697,Single (1),0.9752342006472966,0.9478223723284093,0.06594765706708361
3372,SRB-9001001.001.Pw11_vs_DMSO,Pw11,G_00041,PG_00041,21.671721505967504,0.35588364608627454,Silent,0.2349902484536196,0.7264876370889828,0.6055538861559648
3374,SRB-9001001.001.Pw11_vs_DMSO,Pw11,G_00042,PG_00042,4.6006130633895115,0.8448361452816288,Silent,0.7463800613409463,0.908340813874622,0.5690748687126896
3376,SRB-9001001.001.Pw11_vs_DMSO,Pw11,G_00043,PG_00043,10.84035620706588,0.17186048006371002,Silent,0.012163299541041561,0.2876309077361333,0.19750339896503877
3378,SRB-9001001.001.Pw11_vs_DMSO,Pw11,G_00044,PG_00044,1.5669503891116872,0.45848980838607245,Medium (11-25),0.22166515959824973,0.107909200919169,0.02841099304411865
3380,SRB-9001001.001.Pw11_vs_DMSO,Pw11,G_00045,PG_00045,6.618702911922069,0.5468218195764862,Medium (11-25),0.14098446864039416,0.5796381714007762,0.15049161706673386
3382,SRB-9001001.001.Pw11_vs_DMSO,Pw11,G_00046,PG_00046,0.4207659462533333,0.4611646897524889,Low (2-10),0.5627152102888984,0.4907117693373343,0.8810313673174358
3384,SRB-9001001.001.Pw11_vs_DMSO,Pw11,G_00047,PG_00047,12.013237527453207,0.05437634642975253,Single (1),0.42122328010915866,0.4271982312696666,0.022141250927708023
3386,SRB-9001001.001.Pw11_vs_DMSO,Pw11,G_00048,PG_00048,7.935167465868209,0.35211563855473693,Single (1),0.28080843189209714,0.01596754979024473,0.9157278594832697
3388,SRB-9001001.001.Pw11_vs_DMSO,Pw11,G_00049,PG_00049,7.384195124045032,0.14457654935066466,Medium (11-25),0.5813506784223677,0.7759680510387912,0.4396143455327052
3390,SRB-9001001.001.Pw11_vs_DMSO,Pw11,G_00050,PG_00050,0.628050107912389,0.9039059544130271,Single (1),0.7733172811415369,0.9517613416741403,0.6321223027449642
3392,SRB-9001001.001.Pw11_vs_DMSO,Pw11,G_00051,PG_00051,19.047883762716566,0.25416255673522903,Single (1),0.7039757925795566,0.5870447280549749,0.804765328804282
3394,SRB-9001001.001.Pw11_vs_DMSO,Pw11,G_00052,PG_00052,2.371937066528257,0.9074018425217424,Single (1),0.6769993634161033,0.6407749837698355,0.004269100047486707
3396,SRB-9001001.001.Pw11_vs_DMSO,Pw11,G_00053,PG_00053,6.523900487980537,0.9174426594040129,Single (1),0.40024906582104525,0.20883824470363066,0.8393116011039002
3398,SRB-9001001.001.Pw11_vs_DMSO,Pw11,G_00054,PG_00054,9.216447150103514,0.36057345669877816,Low (2-10),0.23901449817650222,0.533666762635097,0.42441879892408474
3400,SRB-9001001.001.Pw11_vs_DMSO,Pw11,G_00055,PG_00055,1.5125456347640516,0.30852102666293557,Low (2-10),0.3978835092933305,0.5069164920590177,0.8735537221337968
3402,SRB-9001001.001.Pw11_vs_DMSO,Pw11,G_00056,PG_00056,1.8198019382935697,0.42611087136229164,Single (1),0.5166808688808298,0.7099289106814528,0.2713648294674146
3404,SRB-9001001.001.Pw11_vs_DMSO,Pw11,G_00057,PG_00057,24.052762691607043,0.3941351273556942,Low (2-10),0.8334486602115236,0.007090816240386211,0.2512443231058852
3406,SRB-9001001.001.Pw11_vs_DMSO,Pw11,G_00058,PG_00058,0.690394768777561,0.46283697742520336,Silent,0.018420973220854786,0.796321017735225,0.6737655613328047
3408,SRB-9001001.001.Pw11_vs_DMSO,Pw11,G_00059,PG_00059,21.51104376822587,0.040858054818613376,Low (2-10),0.6949658234518398,0.33066364630725587,0.7654525372583361
3410,SRB-9001002.001.Pw10_vs_DMSO,Pw10,G_00000,PG_00000,0.9108856645968977,0.38642362667438424,Medium (11-25),0.3505201842891843,0.20024241695574674,0.11042074046548711
3412,SRB-9001002.001.Pw10_vs_DMSO,Pw10,G_00001,PG_00001,4.886782785202394,0.774639593439985,Medium (11-25),0.46904947775367634,0.4837135282127998,0.039347444420853694
3414,SRB-9001002.001.Pw10_vs_DMSO,Pw10,G_00002,PG_00002,0.4103587745091102,0.05580035503435954,Silent,0.07930273692452716,0.4477532003631852,0.6961970367943228
3416,SRB-9001002.001.Pw10_vs_DMSO,Pw10,G_00003,PG_00003,9.31006900427864,0.4536444933543523,Medium (11-25),0.9975769524295566,0.17085768240442845,0.9816507478536495
3418,SRB-9001002.001.Pw10_vs_DMSO,Pw10,G_00004,PG_00004,8.684648224351653,0.10617221287762613,Low (2-10),0.9044884068584093,0.8995221037240244,0.7219025409014365
3420,SRB-9001002.001.Pw10_vs_DMSO,Pw10,G_00005,PG_00005,21.272466684605618,0.8490143967522717,Silent,0.13776415372020068,0.8004910962023284,0.9848453319707687
3422,SRB-9001002.001.Pw10_vs_DMSO,Pw10,G_00006,PG_00006,2.2567626836243275,0.9643659066618879,High (>25),0.20555276255302724,0.9210878900542023,0.31518504335142117
3424,SRB-9001002.001.Pw10_vs_DMSO,Pw10,G_00007,PG_00007,8.362036954727074,0.37342771642372097,Silent,0.7841178817200376,0.4915424546927232,0.7855064328351506
3426,SRB-9001002.001.Pw10_vs_DMSO,Pw10,G_00008,PG_00008,16.871155817668924,0.8546098537019851,Low (2-10),0.8505320769770285,0.034767313795970534,0.659502159641912
3428,SRB-9001002.001.Pw10_vs_DMSO,Pw10,G_00009,PG_00009,18.317207066828928,0.7746577556061062,High (>25),0.46737313127578217,0.2641304998769518,0.0033551050721288833
3430,SRB-9001002.001.Pw10_vs_DMSO,Pw10,G_00010,PG_00010,8.088862061160848,0.986675296224743,High (>25),0.33836332122572343,0.6932642649705788,0.2881456523912098
3432,SRB-9001002.001.Pw10_vs_DMSO,Pw10,G_00011,PG_00011,0.6796143715004181,0.9965925622368175,Silent,0.259732522243759,0.09221169036368526,0.8635375507922057
3434,SRB-9001002.001.Pw10_vs_DMSO,Pw10,G_00012,PG_00012,12.152874317351952,0.36359154976895947,Low (2-10),0.7337310128983322,0.9748455066659499,0.5339924434179307
3436,SRB-9001002.001.Pw10_vs_DMSO,Pw10,G_00013,PG_00013,7.4325382068270915,0.7467479266912018,High (>25),0.5013048999451584,0.9585792074666517,0.0828007762585442
3438,SRB-9001002.001.Pw10_vs_DMSO,Pw10,G_00014,PG_00014,0.9493264581168664,0.5069070361476073,Silent,0.6559924800081863,0.948028238610761,0.4262689695913484
3440,SRB-9001002.001.Pw10_vs_DMSO,Pw10,G_00015,PG_00015,1.4957054221249324,0.2201906013311412,Low (2-10),0.737984351698214,0.04456169464683524,0.10853692931353842
3442,SRB-9001002.001.Pw10_vs_DMSO,Pw10,G_00016,PG_00016,3.3162390897670138,0.02712576567382219,Low (2-10),0.5747646327747238,0.9776060398231329,0.6936752262599013
3444,SRB-9001002.001.Pw10_vs_DMSO,Pw10,G_00017,PG_00017,36.42995027118701,0.25282134544066004,Silent,0.8927483005409728,0.7193959662925649,0.30560124134085864
3446,SRB-9001002.001.Pw10_vs_DMSO,Pw10,G_00018,PG_00018,10.674554483697683,0.0905602886962652,Silent,0.008656710719550209,0.7205363232639959,0.7062779671941625
3448,SRB-9001002.001.Pw10_vs_DMSO,Pw10,G_00019,PG_00019,1.142005174968362,0.4926043050501131,High (>25),0.1996415647634121,0.0422465843273887,0.4635953708171112
3450,SRB-9001002.001.Pw10_vs_DMSO,Pw10,G_00020,PG_00020,41.620272637678916,0.7734987271852303,High (>25),0.6642424482621374,0.08119222772949741,0.9627928664188309
3452,SRB-9001002.001.Pw10_vs_DMSO,Pw10,G_00021,PG_00021,6.754647013657389,0.6134307370570092,Medium (11-25),0.37281373435741516,0.10518243036599817,0.5818368929475574
3454,SRB-9001002.001.Pw10_vs_DMSO,Pw10,G_00022,PG_00022,0.27544986942222927,0.4264190405775258,Single (1),0.4318141570171823,0.9933387369087971,0.7428883184491706
3456,SRB-9001002.001.Pw10_vs_DMSO,Pw10,G_00023,PG_00023,14.23533419760821,0.9423160184945527,Medium (11-25),0.3344873561025955,0.08461399309700479,0.9009427018624926
3458,SRB-9001002.001.Pw10_vs_DMSO,Pw10,G_00024,PG_00024,32.31964872579778,0.7372115868769764,Medium (11-25),0.9371735657730014,0.5212084413958736,0.3556263858833264
3460,SRB-9001002.001.Pw10_vs_DMSO,Pw10,G_00025,PG_00025,11.495746514546589,0.2006528009967824,Silent,0.034344465582982764,0.7004299787510236,0.5158890607823255
3462,SRB-9001002.001.Pw10_vs_DMSO,Pw10,G_00026,PG_00026,2.7132570000509317,0.9550058484891497,Medium (11-25),0.9724611668939063,0.5669182363365047,0.743845740905409
3464,SRB-9001002.001.Pw10_vs_DMSO,Pw10,G_00027,PG_00027,8.666384889369338,0.20129956034428564,High (>25),0.21005865434090476,0.6476470572571259,0.8679750117144358
3466,SRB-9001002.001.Pw10_vs_DMSO,Pw10,G_00028,PG_00028,8.904428970620705,0.0007240419356304706,Low (2-10),0.8649000555422879,0.7650772508351853,0.0793094384347538
3468,SRB-9001002.001.Pw10_vs_DMSO,Pw10,G_00029,PG_00029,5.3010935509109025,0.8511011493951787,Single (1),0.19304482226477404,0.8386908262619234,0.28691386314756007
3470,SRB-9001002.001.Pw10_vs_DMSO,Pw10,G_00030,PG_00030,1.0892180699919178,0.25027256410284593,Medium (11-25),0.768717569160219,0.9797675727554067,0.8881283105462764
3472,SRB-9001002.001.Pw10_vs_DMSO,Pw10,G_00031,PG_00031,12.194963539645881,0.23117479145013253,High (>25),0.6347951027055626,0.9398211813087887,0.49236278499232766
3474,SRB-9001002.001.Pw10_vs_DMSO,Pw10,G_00032,PG_00032,9.588376033525723,0.5920306849769993,Silent,0.39218176970124274,0.5126354408511311,0.1686099346602532
3476,SRB-9001002.001.Pw10_vs_DMSO,Pw10,G_00033,PG_00033,1.2350075434407737,0.6360123178277851,Medium (11-25),0.6959034733682831,0.05012553815446641,0.2114697745088462
3478,SRB-9001002.001.Pw10_vs_DMSO,Pw10,G_00034,PG_00034,21.57813759817229,0.5288705167037473,High (>25),0.07004636079237159,0.006538330993508756,0.21335243572461926
3480,SRB-9001002.001.Pw10_vs_DMSO,Pw10,G_00035,PG_00035,9.209954947445945,0.3741748984148089,Single (1),0.2903921330477366,0.783357710764108,0.7880632710983083
3482,SRB-9001002.001.Pw10_vs_DMSO,Pw10,G_00036,PG_00036,20.80134573519264,0.7892799220881869,Silent,0.04529002980534069,0.8676860973093088,0.7775021433542904
3484,SRB-9001002.001.Pw10_vs_DMSO,Pw10,G_00037,PG_00037,1.941612422442945,0.07375369602152715,Medium (11-25),0.15136816390792318,0.5305437722919517,0.45910997167643663
3486,SRB-9001002.001.Pw10_vs_DMSO,Pw10,G_00038,PG_00038,14.958215846298796,0.5837100026605407,High (>25),0.5978761595656631,0.18404729044525536,0.3335693051545171
3488,SRB-9001002.001.Pw10_vs_DMSO,Pw10,G_00039,PG_00039,6.422767585700618,0.968186366176808,Silent,0.13584894488913157,0.5441438160288029,0.13470430967183422
3490,SRB-9001002.001.Pw10_vs_DMSO,Pw10,G_00040,PG_00040,17.207180831591856,0.2132964596529372,Silent,0.7300153892438096,0.07921122900225464,0.484852759382854
3492,SRB-9001002.001.Pw10_vs_DMSO,Pw10,G_00041,PG_00041,25.12269453062784,0.4136572142029854,Single (1),0.03565639007252308,0.6043888814598259,0.1697759529919327
3494,SRB-9001002.001.Pw10_vs_DMSO,Pw10,G_00042,PG_00042,15.761582604639695,0.7125314105250029,High (>25),0.9146101558267485,0.5693263319925382,0.6592330901173071
3496,SRB-9001002.001.Pw10_vs_DMSO,Pw10,G_00043,PG_00043,6.838183317910433,0.7358136061194456,Single (1),0.07218895516309598,0.5124015130986354,0.22056944334420092
3498,SRB-9001002.001.Pw10_vs_DMSO,Pw10,G_00044,PG_00044,15.09648541436537,0.20529215904521692,Single (1),0.07583011377588911,0.0951192533299331,0.287745491798861
3500,SRB-9001002.001.Pw10_vs_DMSO,Pw10,G_00045,PG_00045,22.976923751954967,0.44798313059753225,Single (1),0.7412714190403403,0.7128504236966726,0.7551074942928845
3502,SRB-9001002.001.Pw10_vs_DMSO,Pw10,G_00046,PG_00046,1.4495025818861258,0.9506407435482053,Low (2-10),0.3597991512977863,0.20985595116178335,0.36197758248963363
3504,SRB-9001002.001.Pw10_vs_DMSO,Pw10,G_00047,PG_00047,29.956409831954353,0.06363411014594411,Single (1),0.44087128663678443,0.4514598577962339,0.4542718865816694
3506,SRB-9001002.001.Pw10_vs_DMSO,Pw10,G_00048,PG_00048,3.507841984846465,0.5494675941049408,High (>25),0.5124052952016508,0.5852476744414256,0.3339718606773292
3508,SRB-9001002.001.Pw10_vs_DMSO,Pw10,G_00049,PG_00049,7.846946142035414,0.30119025151698053,Low (2-10),0.08035064008482384,0.4440632334231239,0.5981919050564649
3510,SRB-9001002.001.Pw10_vs_DMSO,Pw10,G_00050,PG_00050,3.776411763308981,0.6672424316811637,Silent,0.009243757306819811,0.3659926079065041,0.99494154425209
3512,SRB-9001002.001.Pw10_vs_DMSO,Pw10,G_00051,PG_00051,13.810319951689223,0.9789607352414674,Silent,0.9811992050444389,0.27285150313457673,0.8448745946474261
3514,SRB-9001002.001.Pw10_vs_DMSO,Pw10,G_00052,PG_00052,0.17300514919245663,0.8983383231634491,Single (1),0.81125655945979,0.0733833662608484,0.2286882749102911
3516,SRB-9001002.001.Pw10_vs_DMSO,Pw10,G_00053,PG_00053,13.98884372409692,0.2537125003238224,High (>25),0.9377846739045392,0.8832805961169461,0.9643584811880834
3518,SRB-9001002.001.Pw10_vs_DMSO,Pw10,G_00054,PG_00054,0.261943847993952,0.6933945945593429,Silent,0.8418019781160787,0.73796033808378,0.08797171220790301
3520,SRB-9001002.001.Pw10_vs_DMSO,Pw10,G_00055,PG_00055,12.465126815212688,0.20489612421761472,Low (2-10),0.1308691665945303,0.10015980271875391,0.363766124216372
3522,SRB-9001002.001.Pw10_vs_DMSO,Pw10,G_00056,PG_00056,13.689517340525573,0.2556990909712138,Single (1),0.5906701038618031,0.8219628832741929,0.8151643768711395
3524,SRB-9001002.001.Pw10_vs_DMSO,Pw10,G_00057,PG_00057,21.64267322853348,0.09470240497188132,Low (2-10),0.8486565677083233,0.9194208166078073,0.4561388226632791
3526,SRB-9001002.001.Pw10_vs_DMSO,Pw10,G_00058,PG_00058,41.071943879294814,0.18356719606646565,Single (1),0.04045876459390085,0.17043673470107423,0.6803306407246809
3528,SRB-9001002.001.Pw10_vs_DMSO,Pw10,G_00059,PG_00059,0.3647736504575899,0.7868545365841967,Single (1),0.34514417671061204,0.06260849763040066,0.31652410858846847
3530,SRB-9001002.001.Pw11_vs_DMSO,Pw11,G_00000,PG_00000,15.604651878167402,0.9234699691147443,Single (1),0.7864600726738304,0.493589952755385,0.9168264560942041
3532,SRB-9001002.001.Pw11_vs_DMSO,Pw11,G_00001,PG_00001,39.67435315416384,0.7671740987564182,Low (2-10),0.09244677558714998,0.39495774589008403,0.4715053255946119
3534,SRB-9001002.001.Pw11_vs_DMSO,Pw11,G_00002,PG_00002,16.710616933876153,0.9894070504758513,Silent,0.12857149420796365,0.9201073041462546,0.15987863771081956
3536,SRB-9001002.001.Pw11_vs_DMSO,Pw11,G_00003,PG_00003,40.32327250267555,0.28368513955078856,High (>25),0.3182126946444679,0.43593567861497096,0.46454079652604297
3538,SRB-9001002.001.Pw11_vs_DMSO,Pw11,G_00004,PG_00004,6.954757786662231,0.2036042486164531,Medium (11-25),0.8634724610138936,0.5974313994469127,0.7852107380301538
3540,SRB-9001002.001.Pw11_vs_DMSO,Pw11,G_00005,PG_00005,14.699143847992453,0.5039220494198118,Single (1),0.8751122711601967,0.35710556438994356,0.7963391841621853
3542,SRB-9001002.001.Pw11_vs_DMSO,Pw11,G_00006,PG_00006,1.914306347547702,0.5093704894840473,Low (2-10),0.4664738486061094,0.4114196887685607,0.0017423341387630131
3544,SRB-9001002.001.Pw11_vs_DMSO,Pw11,G_00007,PG_00007,38.678919129139004,0.13688687494739105,High (>25),0.14120310986733908,0.3313439305105288,0.9331597625288909
3546,SRB-9001002.001.Pw11_vs_DMSO,Pw11,G_00008,PG_00008,4.282158459044351,0.2523536313150446,Low (2-10),0.8519693619226428,0.14742102119736966,0.27982512401186443
3548,SRB-9001002.001.Pw11_vs_DMSO,Pw11,G_00009,PG_00009,13.332175004730145,0.5646821192691696,Medium (11-25),0.7697859115598195,0.5037892677694451,0.31696370303598165
3550,SRB-9001002.001.Pw11_vs_DMSO,Pw11,G_00010,PG_00010,2.4347256025083275,0.3105154398290543,Medium (11-25),0.8385141057016047,0.6908096070184279,0.005844747723839805
3552,SRB-9001002.001.Pw11_vs_DMSO,Pw11,G_00011,PG_00011,14.571161997720534,0.39768900404932017,Single (1),0.5280502904264915,0.17658554320640008,0.17419797689093564
3554,SRB-9001002.001.Pw11_vs_DMSO,Pw11,G_00012,PG_00012,1.475756069797098,0.14697068005290703,Medium (11-25),0.6029465925047732,0.8047338669940161,0.9868156717375889
3556,SRB-9001002.001.Pw11_vs_DMSO,Pw11,G_00013,PG_00013,3.568814464452135,0.3121212186288048,Medium (11-25),0.2743382115561186,0.2509503328471443,0.8022527981502271
3558,SRB-9001002.001.Pw11_vs_DMSO,Pw11,G_00014,PG_00014,7.371435967145537,0.5600559402814577,Single (1),0.6757569972023798,0.9799430881211829,0.48419655260609407
3560,SRB-9001002.001.Pw11_vs_DMSO,Pw11,G_00015,PG_00015,19.631602200687425,0.23513015333492404,High (>25),0.5737293011119793,0.04537690619693191,0.5453315311274385
3562,SRB-9001002.001.Pw11_vs_DMSO,Pw11,G_00016,PG_00016,0.27444588466868186,0.026222080441664186,Low (2-10),0.3805720902953268,0.2850324980446989,0.24876789620949236
3564,SRB-9001002.001.Pw11_vs_DMSO,Pw11,G_00017,PG_00017,2.2254267111353983,0.5314525421617867,Medium (11-25),0.37146277742365597,0.4828711159365121,0.6677593973834618
3566,SRB-9001002.001.Pw11_vs_DMSO,Pw11,G_00018,PG_00018,3.9658511412875037,0.20282323237367195,Medium (11-25),0.3709119368209425,0.3008422895179861,0.29068832873910144
3568,SRB-9001002.001.Pw11_vs_DMSO,Pw11,G_00019,PG_00019,2.1603845185869277,0.587881263679287,Single (1),0.9300369554288299,0.3533011609048524,0.0531489830722115
3570,SRB-9001002.001.Pw11_vs_DMSO,Pw11,G_00020,PG_00020,10.466462264604,0.883001441830272,Silent,0.1316235536807412,0.5459818167807333,0.29091984456524667
3572,SRB-9001002.001.Pw11_vs_DMSO,Pw11,G_00021,PG_00021,0.0343358370796952,0.4508700740526993,Low (2-10),0.5927831755547872,0.06916709015625044,0.925101515654776
3574,SRB-9001002.001.Pw11_vs_DMSO,Pw11,G_00022,PG_00022,16.653002285917655,0.9336312812557257,Single (1),0.9768567674665056,0.2844952574394063,0.36000270247130683
3576,SRB-9001002.001.Pw11_vs_DMSO,Pw11,G_00023,PG_00023,15.042147702339365,0.8712330222266834,Silent,0.5649956834250432,0.5871005275687815,0.8360700720666292
3578,SRB-9001002.001.Pw11_vs_DMSO,Pw11,G_00024,PG_00024,0.6240180136182799,0.8027097956889091,Single (1),0.18228482386845823,0.4580431056379428,0.8233824505971306
3580,SRB-9001002.001.Pw11_vs_DMSO,Pw11,G_00025,PG_00025,1.7752525928905594,0.10849670876593775,Single (1),0.7754094592384367,0.4400736241393014,0.8689623235268745
3582,SRB-9001002.001.Pw11_vs_DMSO,Pw11,G_00026,PG_00026,5.668820331125919,0.11029569917227489,Silent,0.01815891610458309,0.2733509747284465,0.8387288726955884
3584,SRB-9001002.001.Pw11_vs_DMSO,Pw11,G_00027,PG_00027,10.131498460737074,0.08860457444650682,Single (1),0.1554408702701473,0.0316880832245956,0.4374975098563135
3586,SRB-9001002.001.Pw11_vs_DMSO,Pw11,G_00028,PG_00028,168.4069601185686,0.03639839846934567,Low (2-10),0.32691155597340427,0.911915133117806,0.23204486450490802
3588,SRB-9001002.001.Pw11_vs_DMSO,Pw11,G_00029,PG_00029,0.4494631262358182,0.6140807849762773,Low (2-10),0.019579395800100152,0.6750304840128125,0.7935528253680547
3590,SRB-9001002.001.Pw11_vs_DMSO,Pw11,G_00030,PG_00030,6.1276155800713195,0.3074594978727434,Silent,0.9402614353703641,0.5853827874805174,0.04797460556788702
3592,SRB-9001002.001.Pw11_vs_DMSO,Pw11,G_00031,PG_00031,4.985625620362661,0.20972764974049996,High (>25),0.045560471934896984,0.7861539186168756,0.5227569742655102
3594,SRB-9001002.001.Pw11_vs_DMSO,Pw11,G_00032,PG_00032,16.49276547886832,0.338619299906868,Low (2-10),0.21559187568421156,0.49382415550720304,0.9244061715915259
3596,SRB-9001002.001.Pw11_vs_DMSO,Pw11,G_00033,PG_00033,9.12714320251468,0.023353203665017253,Low (2-10),0.2998379969756564,0.1333554499159485,0.1849256422608746
3598,SRB-9001002.001.Pw11_vs_DMSO,Pw11,G_00034,PG_00034,7.041839974195653,0.8661376356685789,High (>25),0.9774601281565946,0.9514050155552677,0.6765728058489079
3600,SRB-9001002.001.Pw11_vs_DMSO,Pw11,G_00035,PG_00035,14.63284616409533,0.8795096928233042,High (>25),0.996213474496405,0.6573992909540238,0.7089846376343399
3602,SRB-9001002.001.Pw11_vs_DMSO,Pw11,G_00036,PG_00036,5.956310195721658,0.5194606544483911,Medium (11-25),0.39712820320422537,0.867779046556632,0.19553108280616005
3604,SRB-9001002.001.Pw11_vs_DMSO,Pw11,G_00037,PG_00037,9.272391009522627,0.40407164272176843,Silent,0.3727096798526309,0.9805770314225364,0.8256435566294525
3606,SRB-9001002.001.Pw11_vs_DMSO,Pw11,G_00038,PG_00038,6.777935819214111,0.48181196182359687,Low (2-10),0.49516377772431075,0.09616201347632725,0.25716869020844957
3608,SRB-9001002.001.Pw11_vs_DMSO,Pw11,G_00039,PG_00039,0.6753013549451446,0.21942977317792178,Medium (11-25),0.9823473870554014,0.6009004046819925,0.016282059490221545
3610,SRB-9001002.001.Pw11_vs_DMSO,Pw11,G_00040,PG_00040,1.3818829407653053,0.014615774610182264,Low (2-10),0.6597867622287866,0.25583076963942764,0.2289979695164761
3612,SRB-9001002.001.Pw11_vs_DMSO,Pw11,G_00041,PG_00041,0.829101624773899,0.6963195246389782,Silent,0.4426888390456205,0.03729169608260474,0.7261683859759746
3614,SRB-9001002.001.Pw11_vs_DMSO,Pw11,G_00042,PG_00042,10.367025582467885,0.799929397266452,Single (1),0.6317437989971835,0.9493600378109801,0.6348776118583495
3616,SRB-9001002.001.Pw11_vs_DMSO,Pw11,G_00043,PG_00043,10.941171161132688,0.9633320476858303,Silent,0.8661013174269631,0.7102646815783685,0.2457922563538103
3618,SRB-9001002.001.Pw11_vs_DMSO,Pw11,G_00044,PG_00044,11.95582452728835,0.9600647285665751,Silent,0.3382104534797935,0.48964048933161597,0.7243789890128076
3620,SRB-9001002.001.Pw11_vs_DMSO,Pw11,G_00045,PG_00045,27.028963078130186,0.05966431222881541,Medium (11-25),0.8706468231343132,0.33042350511857277,0.8605986429072631
3622,SRB-9001002.001.Pw11_vs_DMSO,Pw11,G_00046,PG_00046,1.0884509191650893,0.47846572583189007,High (>25),0.789652296458051,0.2903441944383426,0.16579378109974896
3624,SRB-9001002.001.Pw11_vs_DMSO,Pw11,G_00047,PG_00047,21.34157744232579,0.03390764173622496,High (>25),0.7820562365479462,0.18982092156096786,0.7776006401396054
3626,SRB-9001002.001.Pw11_vs_DMSO,Pw11,G_00048,PG_00048,1.1419544908953503,0.3530471407211716,Single (1),0.5592212397148514,0.16377584424672997,0.6468627792260718
3628,SRB-9001002.001.Pw11_vs_DMSO,Pw11,G_00049,PG_00049,10.516266978410995,0.853361217843551,Low (2-10),0.11072813027137784,0.7179717804665026,0.11599612194710107
3630,SRB-9001002.001.Pw11_vs_DMSO,Pw11,G_00050,PG_00050,12.930025492734826,0.6832699156124578,Single (1),0.30349026405792545,0.7969502166573414,0.4505063521837154
3632,SRB-9001002.001.Pw11_vs_DMSO,Pw11,G_00051,PG_00051,15.18769007410849,0.23325386519707647,High (>25),0.47950733336817597,0.8237821465997166,0.5858211356251436
3634,SRB-9001002.001.Pw11_vs_DMSO,Pw11,G_00052,PG_00052,3.6811507185977965,0.5301488308605078,High (>25),0.4739996923038643,0.0967598736878279,0.4653776986860717
3636,SRB-9001002.001.Pw11_vs_DMSO,Pw11,G_00053,PG_00053,22.099010828913585,0.8023056369796067,Silent,0.01327779688848918,0.9857498226544479,0.6769247422466785
3638,SRB-9001002.001.Pw11_vs_DMSO,Pw11,G_00054,PG_00054,5.552477946744374,0.6696825528555622,High (>25),0.6649723270380645,0.01409312862712575,0.048734054684252515
3640,SRB-9001002.001.Pw11_vs_DMSO,Pw11,G_00055,PG_00055,13.067310214771968,0.11474234751424217,High (>25),0.3776049613308484,0.10598508978427135,0.4924701425333683
3642,SRB-9001002.001.Pw11_vs_DMSO,Pw11,G_00056,PG_00056,4.796702627306964,0.3015887811522253,Single (1),0.815898137231843,0.7876370529603469,0.32728510538549016
3644,SRB-9001002.001.Pw11_vs_DMSO,Pw11,G_00057,PG_00057,4.402235293801166,0.034529228525501665,Silent,0.2532584738757122,0.17224692447980605,0.2569708329040017
3646,SRB-9001002.001.Pw11_vs_DMSO,Pw11,G_00058,PG_00058,16.202622515567082,0.31081728780077233,Medium (11-25),0.9073512649940597,0.7489862740724621,0.9720993412977169
3648,SRB-9001002.001.Pw11_vs_DMSO,Pw11,G_00059,PG_00059,0.4127091942565966,0.7308397069366257,Single (1),0.5340485555843126,0.14483658372247443,0.6647299165914348
3650,SRB-9001003.001.Pw10_vs_DMSO,Pw10,G_00000,PG_00000,11.10222484935031,0.9985678921942103,Low (2-10),0.17946769025249665,0.8192618187983927,0.8888410125902415
3652,SRB-9001003.001.Pw10_vs_DMSO,Pw10,G_00001,PG_00001,4.19617636154939,0.08637646226025175,Single (1),0.7593481120967291,0.03915571669343809,0.5181068777942838
3654,SRB-9001003.001.Pw10_vs_DMSO,Pw10,G_00002,PG_00002,15.648477443314311,0.05776838911827464,Silent,0.5527206274826126,0.5854996377310808,0.7424702439311555
3656,SRB-9001003.001.Pw10_vs_DMSO,Pw10,G_00003,PG_00003,11.571422698984108,0.7244849831125422,High (>25),0.04441437062005704,0.5460205075199293,0.48085465108017733
3658,SRB-9001003.001.Pw10_vs_DMSO,Pw10,G_00004,PG_00004,17.711141349008834,0.9557231257150852,Single (1),0.6651947104916981,0.6279564716698389,0.9735652969958632
3660,SRB-9001003.001.Pw10_vs_DMSO,Pw10,G_00005,PG_00005,17.290629945740925,0.6595245558012107,Single (1),0.94684481992106,0.7802489229365775,0.971637537023181
3662,SRB-9001003.001.Pw10_vs_DMSO,Pw10,G_00006,PG_00006,18.308431186874202,0.2023593561796334,Single (1),0.17300526278428197,0.0857149080044064,0.7269089537206308
3664,SRB-9001003.001.Pw10_vs_DMSO,Pw10,G_00007,PG_00007,10.052151012657957,0.5127940052160402,Silent,0.6249554528864815,0.0400021394272555,0.45120758582267806
3666,SRB-9001003.001.Pw10_vs_DMSO,Pw10,G_00008,PG_00008,22.85149805211818,0.06821972456470682,Low (2-10),0.9166055258840078,0.13047255011052894,0.7895028422127145
3668,SRB-9001003.001.Pw10_vs_DMSO,Pw10,G_00009,PG_00009,5.248100329939648,0.9046969828778233,Silent,0.5285228674034308,0.6614177205428478,0.7779116885454883
3670,SRB-9001003.001.Pw10_vs_DMSO,Pw10,G_00010,PG_00010,26.59645193382257,0.34408209501291986,Single (1),0.6042003354277294,0.04998304400579634,0.7170106827820728
3672,SRB-9001003.001.Pw10_vs_DMSO,Pw10,G_00011,PG_00011,3.520637991573489,0.8351872038531727,Medium (11-25),0.7198391726189834,0.7372752931216956,0.7285712344987868
3674,SRB-9001003.001.Pw10_vs_DMSO,Pw10,G_00012,PG_00012,23.47209564788853,0.08640500346242896,Single (1),0.239918882589213,0.28828286736218167,0.8208943085074668
3676,SRB-9001003.001.Pw10_vs_DMSO,Pw10,G_00013,PG_00013,3.961973956785174,0.848250282758037,Silent,0.8635846348026011,0.713155128251073,0.8244625787094013
3678,SRB-9001003.001.Pw10_vs_DMSO,Pw10,G_00014,PG_00014,22.84704302843238,0.036476391851600454,Single (1),0.07783831448223244,0.5167365885071512,0.5399252517692099
3680,SRB-9001003.001.Pw10_vs_DMSO,Pw10,G_00015,PG_00015,42.69330181000279,0.8329915343961802,Medium (11-25),0.9455718828452369,0.7674814855507853,0.7395464161893294
3682,SRB-9001003.001.Pw10_vs_DMSO,Pw10,G_00016,PG_00016,33.864717275328545,0.6790216710779658,Low (2-10),0.9829659621331441,0.3889065323133414,0.7625254733790171
3684,SRB-9001003.001.Pw10_vs_DMSO,Pw10,G_00017,PG_00017,4.976983872865841,0.48049016482080653,High (>25),0.35970658669320854,0.30777966980861227,0.8427544189529703
3686,SRB-9001003.001.Pw10_vs_DMSO,Pw10,G_00018,PG_00018,0.21574374115838812,0.041564163693731726,Single (1),0.5900756560042874,0.08070208776226351,0.4248591476131993
3688,SRB-9001003.001.Pw10_vs_DMSO,Pw10,G_00019,PG_00019,3.5612941831119587,0.46498086425705853,Silent,0.7359942556573544,0.24445554980426754,0.47038450172606405
3690,SRB-9001003.001.Pw10_vs_DMSO,Pw10,G_00020,PG_00020,9.53676228837583,0.7972430883323982,High (>25),0.9461269956476267,0.6812369229654864,0.830093714623197
3692,SRB-9001003.001.Pw10_vs_DMSO,Pw10,G_00021,PG_00021,21.229428305766525,0.2602529148071754,Low (2-10),0.1725438487538532,0.8388659849464922,0.13763348271811848
3694,SRB-9001003.001.Pw10_vs_DMSO,Pw10,G_00022,PG_00022,18.255283018145192,0.7132943564309829,Silent,0.1503808543204237,0.4639464071653595,0.6963136406127621
3696,SRB-9001003.001.Pw10_vs_DMSO,Pw10,G_00023,PG_00023,18.06464221472301,0.9080729956389524,Medium (11-25),0.32714036175991656,0.3988002003298008,0.23814808442971758
3698,SRB-9001003.001.Pw10_vs_DMSO,Pw10,G_00024,PG_00024,2.3518763764525774,0.6075121054882636,Medium (11-25),0.5612218206894982,0.47118064139055016,0.2591137727372551
3700,SRB-9001003.001.Pw10_vs_DMSO,Pw10,G_00025,PG_00025,52.12520735602192,0.9367364179417677,High (>25),0.17321543252563532,0.6704080415540941,0.6120560275062584
3702,SRB-9001003.001.Pw10_vs_DMSO,Pw10,G_00026,PG_00026,205.23368371378484,0.12585087704431286,Low (2-10),0.7575565829739134,0.5943334003756319,0.07683034108051157
3704,SRB-9001003.001.Pw10_vs_DMSO,Pw10,G_00027,PG_00027,31.11744883714842,0.05511730420119998,Medium (11-25),0.29102557636549575,0.7912806391515029,0.6750309438371078
3706,SRB-9001003.001.Pw10_vs_DMSO,Pw10,G_00028,PG_00028,20.10081106679211,0.3756754690228541,Single (1),0.0314149137379961,0.7313275308382927,0.4530987410152191
3708,SRB-9001003.001.Pw10_vs_DMSO,Pw10,G_00029,PG_00029,2.93759159807007,0.9661300035814729,Single (1),0.24435704440975525,0.24273741629813572,0.24664945696614116
3710,SRB-9001003.001.Pw10_vs_DMSO,Pw10,G_00030,PG_00030,8.845270618289183,0.9391105203429166,Single (1),0.128332933949434,0.6199802414693255,0.3749927683178933
3712,SRB-9001003.001.Pw10_vs_DMSO,Pw10,G_00031,PG_00031,2.976094746232844,0.9493247388354081,Low (2-10),0.6001126144044246,0.08299700254316622,0.17580174067997478
3714,SRB-9001003.001.Pw10_vs_DMSO,Pw10,G_00032,PG_00032,14.56072435260846,0.6264218817022539,Low (2-10),0.37347365034015123,0.7692666726782756,0.9550945944362134
3716,SRB-9001003.001.Pw10_vs_DMSO,Pw10,G_00033,PG_00033,0.5557519853960519,0.9012615041883215,Medium (11-25),0.011297122041724506,0.8600313249397096,0.737337827274195
3718,SRB-9001003.001.Pw10_vs_DMSO,Pw10,G_00034,PG_00034,11.624492868859132,0.5162596521668331,Low (2-10),0.6076684292412565,0.9174314904047437,0.81054820755051
3720,SRB-9001003.001.Pw10_vs_DMSO,Pw10,G_00035,PG_00035,1.1865670099486114,0.9042117478753091,Single (1),0.5903020526208745,0.293518195850742,0.4946727284493254
3722,SRB-9001003.001.Pw10_vs_DMSO,Pw10,G_00036,PG_00036,2.5384728064461473,0.8639633035984431,Single (1),0.944923873041669,0.8303878217388934,0.9662911157193682
3724,SRB-9001003.001.Pw10_vs_DMSO,Pw10,G_00037,PG_00037,13.705106838103132,0.5930903233745669,High (>25),0.35644002437482036,0.41465200802117086,0.6805361744467349
3726,SRB-9001003.001.Pw10_vs_DMSO,Pw10,G_00038,PG_00038,2.1510060661963233,0.9668035535016818,Medium (11-25),0.7375667886798812,0.16955946127119237,0.04561418636564607
3728,SRB-9001003.001.Pw10_vs_DMSO,Pw10,G_00039,PG_00039,8.46461207194698,0.02131599641723414,Low (2-10),0.678505098025588,0.03782098922118815,0.08755544461206521
3730,SRB-9001003.001.Pw10_vs_DMSO,Pw10,G_00040,PG_00040,33.209681314107854,0.8757723656107573,Medium (11-25),0.7550930563348704,0.1908999058786588,0.8165631585932958
3732,SRB-9001003.001.Pw10_vs_DMSO,Pw10,G_00041,PG_00041,165.73535963001302,0.8978414409603014,Low (2-10),0.23153754839624174,0.9431890911167348,0.5257988228946213
3734,SRB-9001003.001.Pw10_vs_DMSO,Pw10,G_00042,PG_00042,12.9150076627174,0.45126628363240906,Low (2-10),0.44608499099489884,0.08165155704696236,0.2194804645694135
3736,SRB-9001003.001.Pw10_vs_DMSO,Pw10,G_00043,PG_00043,10.441792020033562,0.33235573934193685,High (>25),0.6717726221874432,0.4831981937724743,0.919023526566459
3738,SRB-9001003.001.Pw10_vs_DMSO,Pw10,G_00044,PG_00044,16.958314360824065,0.07879415990426508,High (>25),0.5362292450198614,0.41762736582806603,0.991688330086564
3740,SRB-9001003.001.Pw10_vs_DMSO,Pw10,G_00045,PG_00045,0.9529898772597386,0.6122017720831899,Single (1),0.3564795466616255,0.29082980789530655,0.23150809177483667
3742,SRB-9001003.001.Pw10_vs_DMSO,Pw10,G_00046,PG_00046,2.5995887068190893,0.4882492081597739,Medium (11-25),0.18371820236697367,0.6227287687424748,0.7903389015909088
3744,SRB-9001003.001.Pw10_vs_DMSO,Pw10,G_00047,PG_00047,31.65049989133179,0.7828292046926195,High (>25),0.1016053638007266,0.29122979914195424,0.19391305983222873
3746,SRB-9001003.001.Pw10_vs_DMSO,Pw10,G_00048,PG_00048,2.1419941042267037,0.18589727533088463,Low (2-10),0.8569028014582999,0.5624984942520876,0.7598992775107923
3748,SRB-9001003.001.Pw10_vs_DMSO,Pw10,G_00049,PG_00049,11.136386363374355,0.3164125060275841,Low (2-10),0.4090875222512589,0.389091376311991,0.3680254980216693
3750,SRB-9001003.001.Pw10_vs_DMSO,Pw10,G_00050,PG_00050,1.037155579689933,0.9504462505627985,High (>25),0.46394738241786104,0.047693447718854975,0.8685877811875325
3752,SRB-9001003.001.Pw10_vs_DMSO,Pw10,G_00051,PG_00051,7.730352918474731,0.10995826158097644,Low (2-10),0.013699889425309864,0.7210364381172893,0.4316798707476355
3754,SRB-9001003.001.Pw10_vs_DMSO,Pw10,G_00052,PG_00052,6.017751151212163,0.252747644605156,Low (2-10),0.5393278249764217,0.34253512415448073,0.3975784389359922
3756,SRB-9001003.001.Pw10_vs_DMSO,Pw10,G_00053,PG_00053,3.5237746298198602,0.7296829107350928,Medium (11-25),0.8996428927080611,0.6530191715037235,0.9375066388393822
3758,SRB-9001003.001.Pw10_vs_DMSO,Pw10,G_00054,PG_00054,10.851867379020256,0.26471122308091244,Single (1),0.7362409981319918,0.3668169506544853,0.22782508501822363
3760,SRB-9001003.001.Pw10_vs_DMSO,Pw10,G_00055,PG_00055,9.766844438498609,0.8939164287777367,Medium (11-25),0.44251052865228646,0.9161998144093523,0.24576817643977278
3762,SRB-9001003.001.Pw10_vs_DMSO,Pw10,G_00056,PG_00056,0.676371295138855,0.9257344475336373,Medium (11-25),0.08050754924398851,0.525637684427948,0.07598260574787852
3764,SRB-9001003.001.Pw10_vs_DMSO,Pw10,G_00057,PG_00057,9.743316583734646,0.10764584356065177,Medium (11-25),0.21895231024763162,0.8239438684356797,0.6668451903093485
3766,SRB-9001003.001.Pw10_vs_DMSO,Pw10,G_00058,PG_00058,3.822000246434203,0.4651338716537784,Single (1),0.5385064187152582,0.4979554111917184,0.17791926750420461
3768,SRB-9001003.001.Pw10_vs_DMSO,Pw10,G_00059,PG_00059,4.460028430339782,0.10073933361581877,Single (1),0.6681486858717101,0.5095464640987531,0.1737499318787319
3770,SRB-9001003.001.Pw11_vs_DMSO,Pw11,G_00000,PG_00000,0.6080644471419749,0.9881946829994658,Medium (11-25),0.9672882010736041,0.9082553890264418,0.5830826934041621
3772,SRB-9001003.001.Pw11_vs_DMSO,Pw11,G_00001,PG_00001,8.80561168078664,0.3410173905867171,Silent,0.2793433308633734,0.8837636649897808,0.8012991319728754
3774,SRB-9001003.001.Pw11_vs_DMSO,Pw11,G_00002,PG_00002,7.046410273787467,0.7215279475740273,Low (2-10),0.8736793359190688,0.4117481320437657,0.0650721046567897
3776,SRB-9001003.001.Pw11_vs_DMSO,Pw11,G_00003,PG_00003,10.13157879428441,0.028515355418560318,Low (2-10),0.640520549072835,0.596881568659191,0.8026168642263137
3778,SRB-9001003.001.Pw11_vs_DMSO,Pw11,G_00004,PG_00004,19.542161596862037,0.49163107995688937,High (>25),0.01903548389696219,0.5912667675919872,0.20898706298239977
3780,SRB-9001003.001.Pw11_vs_DMSO,Pw11,G_00005,PG_00005,5.530085894655207,0.6856555673089846,Medium (11-25),0.387234099909854,0.9757327915954328,0.3069746121093364
3782,SRB-9001003.001.Pw11_vs_DMSO,Pw11,G_00006,PG_00006,7.727918681547734,0.5740524522640876,Low (2-10),0.3818396222317558,0.34031198221632986,0.41593264214310455
3784,SRB-9001003.001.Pw11_vs_DMSO,Pw11,G_00007,PG_00007,0.7753023258678271,0.23590500705563888,Silent,0.6640489665165584,0.4285094582129213,0.3081280067461507
3786,SRB-9001003.001.Pw11_vs_DMSO,Pw11,G_00008,PG_00008,15.885922130822117,0.36200629713604726,Low (2-10),0.3654128676502736,0.10520400850820677,0.1996904732947946
3788,SRB-9001003.001.Pw11_vs_DMSO,Pw11,G_00009,PG_00009,19.202900479103754,0.9094537735907628,High (>25),0.14149224049402975,0.46412625758190584,0.3382222985302723
3790,SRB-9001003.001.Pw11_vs_DMSO,Pw11,G_00010,PG_00010,13.22673090509511,0.05400856758881667,Medium (11-25),0.04356254904670265,0.6509048064588876,0.5455596068342817
3792,SRB-9001003.001.Pw11_vs_DMSO,Pw11,G_00011,PG_00011,13.79651713675076,0.7911437691173139,Single (1),0.7393609271793529,0.3827158685982234,0.8045151140004108
3794,SRB-9001003.001.Pw11_vs_DMSO,Pw11,G_00012,PG_00012,14.614207565710046,0.2454555493340833,Silent,0.31359687311231754,0.37015645957114873,0.37167515695969244
3796,SRB-9001003.001.Pw11_vs_DMSO,Pw11,G_00013,PG_00013,13.347713171659178,0.0738752767735007,High (>25),0.975618697221681,0.4778872294645934,0.34843646309961696
3798,SRB-9001003.001.Pw11_vs_DMSO,Pw11,G_00014,PG_00014,35.675934473975545,0.8269508028817559,Medium (11-25),0.9996927305614767,0.8695854270469847,0.90943162343244
3800,SRB-9001003.001.Pw11_vs_DMSO,Pw11,G_00015,PG_00015,3.276117643906465,0.4214860120606284,Medium (11-25),0.5952061520070019,0.39455303170645073,0.9873768061484448
3802,SRB-9001003.001.Pw11_vs_DMSO,Pw11,G_00016,PG_00016,15.400740804182927,0.23025256340579792,Low (2-10),0.29275444378691284,0.4922912929654184,0.8953696495208365
3804,SRB-9001003.001.Pw11_vs_DMSO,Pw11,G_00017,PG_00017,5.496491046539088,0.7204744812993333,Single (1),0.11524487934298,0.4085357512256098,0.9706481847081307
3806,SRB-9001003.001.Pw11_vs_DMSO,Pw11,G_00018,PG_00018,5.367337480575881,0.8542220845719999,Silent,0.6669925198207513,0.4103030755380247,0.847024069262567
3808,SRB-9001003.001.Pw11_vs_DMSO,Pw11,G_00019,PG_00019,16.64475684579911,0.9662966406885862,Medium (11-25),0.24059986438516268,0.2707897214552889,0.6097733779280825
3810,SRB-9001003.001.Pw11_vs_DMSO,Pw11,G_00020,PG_00020,15.164096943663406,0.6567390844703099,Single (1),0.9637055767628508,0.8750537461545889,0.5180989891961733
3812,SRB-9001003.001.Pw11_vs_DMSO,Pw11,G_00021,PG_00021,8.485185924280238,0.13629037713213132,Medium (11-25),0.17988353990550543,0.1650190347800543,0.459581009176137
3814,SRB-9001003.001.Pw11_vs_DMSO,Pw11,G_00022,PG_00022,2.5401841691807814,0.31909130497235727,High (>25),0.9698059400308323,0.4708124289696002,0.09770091380752433
3816,SRB-9001003.001.Pw11_vs_DMSO,Pw11,G_00023,PG_00023,2.1845701997182054,0.3194912529333608,Silent,0.681512955462107,0.33611319042891386,0.17223594307464507
3818,SRB-9001003.001.Pw11_vs_DMSO,Pw11,G_00024,PG_00024,5.21024815512874,0.8266280896458866,Single (1),0.680660917807769,0.7351171985244809,0.619736715801789
3820,SRB-9001003.001.Pw11_vs_DMSO,Pw11,G_00025,PG_00025,13.79388730134282,0.6868061294941142,Silent,0.019932044570831864,0.6645812195150756,0.6188672605424527
3822,SRB-9001003.001.Pw11_vs_DMSO,Pw11,G_00026,PG_00026,21.61650142078753,0.5181347835275802,Silent,0.004081591187122147,0.2919073035196029,0.24627307080987693
3824,SRB-9001003.001.Pw11_vs_DMSO,Pw11,G_00027,PG_00027,15.151341622855927,0.584214878541789,Single (1),0.7649179552013569,0.1546646880159187,0.27635939828847955
3826,SRB-9001003.001.Pw11_vs_DMSO,Pw11,G_00028,PG_00028,170.03305074573314,0.7894201772604644,Medium (11-25),0.5082260098833984,0.8477474904937559,0.914490546228571
3828,SRB-9001003.001.Pw11_vs_DMSO,Pw11,G_00029,PG_00029,9.58978162471657,0.6411620308145513,Silent,0.796976833626593,0.3520844170126989,0.571354664484943
3830,SRB-9001003.001.Pw11_vs_DMSO,Pw11,G_00030,PG_00030,6.942568796935484,0.4286036104239651,High (>25),0.8137213056058609,0.7915288411855727,0.3666771688340351
3832,SRB-9001003.001.Pw11_vs_DMSO,Pw11,G_00031,PG_00031,28.752402146681924,0.5128797775398577,Low (2-10),0.3111909854237108,0.2801963403923168,0.899918156662419
3834,SRB-9001003.001.Pw11_vs_DMSO,Pw11,G_00032,PG_00032,33.80399109166606,0.07241800041011948,High (>25),0.16199791515116468,0.9320767081724707,0.9704690156568365
3836,SRB-9001003.001.Pw11_vs_DMSO,Pw11,G_00033,PG_00033,5.447991912431065,0.738548163912013,Low (2-10),0.014127863114330008,0.5782554152175943,0.5616769115206561
3838,SRB-9001003.001.Pw11_vs_DMSO,Pw11,G_00034,PG_00034,33.917770479021286,0.07336668215210129,Low (2-10),0.7835413836450018,0.447729029829137,0.23323487246550778
3840,SRB-9001003.001.Pw11_vs_DMSO,Pw11,G_00035,PG_00035,5.154198770298816,0.14569811599713256,Medium (11-25),0.5336327900870051,0.5128893403815441,0.5210901134425203
3842,SRB-9001003.001.Pw11_vs_DMSO,Pw11,G_00036,PG_00036,4.482986103501903,0.3359124374063277,Medium (11-25),0.7402608676875635,0.26993609561152276,0.4782834054263432
3844,SRB-9001003.001.Pw11_vs_DMSO,Pw11,G_00037,PG_00037,22.128873434417315,0.15190961536876368,High (>25),0.7833901469998477,0.6111286447964495,0.2947580297150606
3846,SRB-9001003.001.Pw11_vs_DMSO,Pw11,G_00038,PG_00038,3.1307140053047373,0.8588807836644615,Low (2-10),0.9783211186991929,0.4313428878463036,0.786478349700059
3848,SRB-9001003.001.Pw11_vs_DMSO,Pw11,G_00039,PG_00039,21.760090320247734,0.13747458988359762,Medium (11-25),0.3353481304037811,0.8507511216191516,0.681593376827056
3850,SRB-9001003.001.Pw11_vs_DMSO,Pw11,G_00040,PG_00040,0.652351419262904,0.8387062975043309,Silent,0.6715135452735387,0.8871303981032161,0.5666943110301162
3852,SRB-9001003.001.Pw11_vs_DMSO,Pw11,G_00041,PG_00041,4.769258715774635,0.15160815865200883,High (>25),0.5969095646734391,0.7016500593677887,0.706198167567016
3854,SRB-9001003.001.Pw11_vs_DMSO,Pw11,G_00042,PG_00042,1.9952755281955545,0.301120001928495,High (>25),0.7306735442585783,0.9846709229365893,0.2081123297081554
3856,SRB-9001003.001.Pw11_vs_DMSO,Pw11,G_00043,PG_00043,185.11289844611966,0.2210694137535142,Medium (11-25),0.4392436055640351,0.12554544481232444,0.1134279439067275
3858,SRB-9001003.001.Pw11_vs_DMSO,Pw11,G_00044,PG_00044,13.293013520675153,0.7285687388478331,Single (1),0.9150311032159635,0.8375112658656882,0.9101088082523573
3860,SRB-9001003.001.Pw11_vs_DMSO,Pw11,G_00045,PG_00045,0.7293481895470861,0.579010042391632,Silent,0.5589797697838377,0.5418293920904562,0.19139884258753204
3862,SRB-9001003.001.Pw11_vs_DMSO,Pw11,G_00046,PG_00046,16.268671527034943,0.31758423456791296,Silent,0.267108482388117,0.4445547491125602,0.8019515540364623
3864,SRB-9001003.001.Pw11_vs_DMSO,Pw11,G_00047,PG_00047,24.61840163913419,0.7001715096185192,Silent,0.1475228782530421,0.6223601033051015,0.8989264846543096
3866,SRB-9001003.001.Pw11_vs_DMSO,Pw11,G_00048,PG_00048,7.382223159316689,0.22027844193198198,Low (2-10),0.6843832167667768,0.19943933528591296,0.7105484947464397
3868,SRB-9001003.001.Pw11_vs_DMSO,Pw11,G_00049,PG_00049,25.128913628658772,0.0316007620598594,High (>25),0.9395399720172631,0.7270996436860586,0.9451566870184519
3870,SRB-9001003.001.Pw11_vs_DMSO,Pw11,G_00050,PG_00050,9.539844161032708,0.859346658558351,Single (1),0.5250763743761667,0.3593287547877658,0.1411490176407738
3872,SRB-9001003.001.Pw11_vs_DMSO,Pw11,G_00051,PG_00051,3.1022699539056307,0.3952799303312323,Low (2-10),0.470195956920738,0.009821776931239423,0.09275651203603685
3874,SRB-9001003.001.Pw11_vs_DMSO,Pw11,G_00052,PG_00052,8.811714209784412,0.877403338923863,Low (2-10),0.2574468912160819,0.5669797500288256,0.3648610096037127
3876,SRB-9001003.001.Pw11_vs_DMSO,Pw11,G_00053,PG_00053,9.893905983556,0.6602672918308088,Low (2-10),0.9252159189565631,0.6098757731215576,0.5598268819810194
3878,SRB-9001003.001.Pw11_vs_DMSO,Pw11,G_00054,PG_00054,13.48494460629259,0.14921891732483505,Single (1),0.24392588919099634,0.9751934953302245,0.6467634397895409
3880,SRB-9001003.001.Pw11_vs_DMSO,Pw11,G_00055,PG_00055,0.8954664880938308,0.02592921081691535,Silent,0.2800877862460224,0.004084958000372452,0.13925359819878558
3882,SRB-9001003.001.Pw11_vs_DMSO,Pw11,G_00056,PG_00056,18.192518940670336,0.42536458423621015,Low (2-10),0.5235267133224074,0.05764759601634495,0.08775111893292775
3884,SRB-9001003.001.Pw11_vs_DMSO,Pw11,G_00057,PG_00057,6.170564060678384,0.5258529379436025,Single (1),0.44743922991677487,0.4001650844248631,0.7006754856236033
3886,SRB-9001003.001.Pw11_vs_DMSO,Pw11,G_00058,PG_00058,11.118767315394317,0.7662995803836616,Medium (11-25),0.014811485690974902,0.8987246385510852,0.12066827986374762
3888,SRB-9001003.001.Pw11_vs_DMSO,Pw11,G_00059,PG_00059,5.121715329046014,0.5951711439609978,Medium (11-25),0.9634414945964651,0.9130433334125939,0.5295594707564836
3890,SRB-9001004.001.Pw10_vs_DMSO,Pw10,G_00000,PG_00000,8.25851946253561,0.47414478915345526,Silent,0.9518420055154475,0.5830709723457924,0.9160142026955439
3892,SRB-9001004.001.Pw10_vs_DMSO,Pw10,G_00001,PG_00001,4.247208631929124,0.6287880825640767,Silent,0.22598269473859356,0.08919849200802032,0.30282531384840705
3894,SRB-9001004.001.Pw10_vs_DMSO,Pw10,G_00002,PG_00002,15.084945503902656,0.3933752616266809,Silent,0.5726196788700358,0.5301405852721421,0.9540032292235788
3896,SRB-9001004.001.Pw10_vs_DMSO,Pw10,G_00003,PG_00003,5.3329157693487055,0.7731895672465543,High (>25),0.7363312722211779,0.08092692364524301,0.551823492357934
3898,SRB-9001004.001.Pw10_vs_DMSO,Pw10,G_00004,PG_00004,9.554090710551762,0.12299100582243705,High (>25),0.02623708870290531,0.298125680101348,0.7724091678172185
3900,SRB-9001004.001.Pw10_vs_DMSO,Pw10,G_00005,PG_00005,16.126540591372226,0.7317476757262279,Silent,0.521080674146052,0.6027222772914634,0.11665348664163022
3902,SRB-9001004.001.Pw10_vs_DMSO,Pw10,G_00006,PG_00006,1.779123038820719,0.4890994693606573,Silent,0.8484628474211051,0.19421597918016642,0.6677717739871348
3904,SRB-9001004.001.Pw10_vs_DMSO,Pw10,G_00007,PG_00007,0.5306432872198688,0.7718346816499039,Silent,0.5596723226297429,0.18817088085932754,0.9329984572440785
3906,SRB-9001004.001.Pw10_vs_DMSO,Pw10,G_00008,PG_00008,15.897657882717716,0.9818509374475872,Low (2-10),0.18332459060926598,0.22891288965458512,0.5034734472697534
3908,SRB-9001004.001.Pw10_vs_DMSO,Pw10,G_00009,PG_00009,28.641689948667192,0.8072079797185172,High (>25),0.7927233023556303,0.15108778932479638,0.5788125251834106
3910,SRB-9001004.001.Pw10_vs_DMSO,Pw10,G_00010,PG_00010,17.955564724664992,0.3039215423076578,Medium (11-25),0.9035814538993989,0.13230719451028672,0.1063233657296968
3912,SRB-9001004.001.Pw10_vs_DMSO,Pw10,G_00011,PG_00011,10.021058893800998,0.07262525751968762,Low (2-10),0.9034366771866654,0.9330883934590519,0.4543426041595888
3914,SRB-9001004.001.Pw10_vs_DMSO,Pw10,G_00012,PG_00012,2.142110925202452,0.45967764955280577,Medium (11-25),0.5421865965487842,0.2493728152083987,0.451341888418206
3916,SRB-9001004.001.Pw10_vs_DMSO,Pw10,G_00013,PG_00013,5.371119272224803,0.5967128793143346,Medium (11-25),0.7448706932132346,0.722201275154886,0.8845374106975863
3918,SRB-9001004.001.Pw10_vs_DMSO,Pw10,G_00014,PG_00014,20.652077218946815,0.7294782635772313,Low (2-10),0.8814874215175228,0.24202271821415222,0.6425685027475918
3920,SRB-9001004.001.Pw10_vs_DMSO,Pw10,G_00015,PG_00015,27.928641212141848,0.6955799299159796,Low (2-10),0.8138554760461953,0.7397276990240177,0.5791282603276352
3922,SRB-9001004.001.Pw10_vs_DMSO,Pw10,G_00016,PG_00016,6.713503236778366,0.1653875641307364,Medium (11-25),0.33170555616643427,0.5578405097320764,0.14595629050683445
3924,SRB-9001004.001.Pw10_vs_DMSO,Pw10,G_00017,PG_00017,17.18356273437902,0.018303713147637124,Silent,0.14535962455697005,0.6553304029435739,0.3698426971259433
3926,SRB-9001004.001.Pw10_vs_DMSO,Pw10,G_00018,PG_00018,4.625710385690746,0.40073861173967673,Medium (11-25),0.7637168017210992,0.8353904896669633,0.38275350186104173
3928,SRB-9001004.001.Pw10_vs_DMSO,Pw10,G_00019,PG_00019,3.692053903966189,0.48046625472477567,Single (1),0.48315689211579127,0.1300548208577842,0.36886078079159546
3930,SRB-9001004.001.Pw10_vs_DMSO,Pw10,G_00020,PG_00020,9.737650192027537,0.0501440330628512,Low (2-10),0.9807291452219744,0.5222843112288792,0.4478026980656522
3932,SRB-9001004.001.Pw10_vs_DMSO,Pw10,G_00021,PG_00021,8.648974798849265,0.19938790334850187,High (>25),0.2320954063506272,0.9698352181721233,0.5979515736861992
3934,SRB-9001004.001.Pw10_vs_DMSO,Pw10,G_00022,PG_00022,4.964599602734408,0.8582419332969636,Medium (11-25),0.9119303436080234,0.7279150556478312,0.15813957664907086
3936,SRB-9001004.001.Pw10_vs_DMSO,Pw10,G_00023,PG_00023,46.044849327455424,0.2554091594849829,Low (2-10),0.9155745346036149,0.5594834606257697,0.7438854734204402
3938,SRB-9001004.001.Pw10_vs_DMSO,Pw10,G_00024,PG_00024,0.47151081396285743,0.02036191364956086,High (>25),0.7769762748071712,0.3752541306740501,0.42667959718655846
3940,SRB-9001004.001.Pw10_vs_DMSO,Pw10,G_00025,PG_00025,30.79949879062964,0.4424674961140157,Medium (11-25),0.08371292075723269,0.1212735196036524,0.3924853973514496
3942,SRB-9001004.001.Pw10_vs_DMSO,Pw10,G_00026,PG_00026,6.172405287523408,0.0675845383517284,High (>25),0.5799759553821836,0.6875990032410487,0.4250959482086828
3944,SRB-9001004.001.Pw10_vs_DMSO,Pw10,G_00027,PG_00027,4.631866870256454,0.5410946995149114,Medium (11-25),0.3263080784585669,0.06343419651674831,0.666214101432055
3946,SRB-9001004.001.Pw10_vs_DMSO,Pw10,G_00028,PG_00028,6.928416311491834,0.4333736465912952,Low (2-10),0.5028159703650151,0.18277285901033402,0.994377438186967
3948,SRB-9001004.001.Pw10_vs_DMSO,Pw10,G_00029,PG_00029,3.828440295136644,0.7303449177009785,Low (2-10),0.8624468022884622,0.10086690344020655,0.7364933797610498
3950,SRB-9001004.001.Pw10_vs_DMSO,Pw10,G_00030,PG_00030,18.13770265423782,0.5603386448768538,Single (1),0.513290224225761,0.7838205275313376,0.7640762333411735
3952,SRB-9001004.001.Pw10_vs_DMSO,Pw10,G_00031,PG_00031,0.337695399689424,0.05787581055273372,High (>25),0.8377460288906161,0.936646018093537,0.49943562837361055
3954,SRB-9001004.001.Pw10_vs_DMSO,Pw10,G_00032,PG_00032,4.568346761800648,0.2399292714761626,Low (2-10),0.6541436953367477,0.9099757509473628,0.0546787848394541
3956,SRB-9001004.001.Pw10_vs_DMSO,Pw10,G_00033,PG_00033,0.3529415631517963,0.9077595127107642,Silent,0.35148579416181824,0.8922507061947175,0.23771587120508553
3958,SRB-9001004.001.Pw10_vs_DMSO,Pw10,G_00034,PG_00034,4.938427325931949,0.014873188414388672,High (>25),0.14926227219323052,0.5017346469248307,0.25689566934350183
3960,SRB-9001004.001.Pw10_vs_DMSO,Pw10,G_00035,PG_00035,5.650259745045327,0.9297676523513911,Single (1),0.6837810408567564,0.4516916478562474,0.5962160476915491
3962,SRB-9001004.001.Pw10_vs_DMSO,Pw10,G_00036,PG_00036,15.991640902877876,0.37283707362145513,Single (1),0.46083902631005935,0.47536756263240165,0.006658765873921779
3964,SRB-9001004.001.Pw10_vs_DMSO,Pw10,G_00037,PG_00037,23.009307745269442,0.06397082062972281,Low (2-10),0.3110070266931778,0.21757056415800236,0.9049514574838006
3966,SRB-9001004.001.Pw10_vs_DMSO,Pw10,G_00038,PG_00038,8.340583708019535,0.8382608083048977,Low (2-10),0.9631530916230652,0.789054145437192,0.49157048524708236
3968,SRB-9001004.001.Pw10_vs_DMSO,Pw10,G_00039,PG_00039,35.123565083022136,0.32072660065060377,Single (1),0.323687662875482,0.5104587413085645,0.6630687035230571
3970,SRB-9001004.001.Pw10_vs_DMSO,Pw10,G_00040,PG_00040,9.313828914305214,0.4130270317705723,Single (1),0.7178085872784746,0.6833120404255516,0.8877259969156407
3972,SRB-9001004.001.Pw10_vs_DMSO,Pw10,G_00041,PG_00041,4.569953661283497,0.4350768512525851,Silent,0.1946384381405435,0.024091635141159196,0.7139610085765137
3974,SRB-9001004.001.Pw10_vs_DMSO,Pw10,G_00042,PG_00042,0.8264737442600214,0.23334003880966703,Medium (11-25),0.45986646477468407,0.10443131597159594,0.4822083350619808
3976,SRB-9001004.001.Pw10_vs_DMSO,Pw10,G_00043,PG_00043,12.818252148347142,0.445416345055925,Single (1),0.5185665497142669,0.007542264539720844,0.8096461649381224
3978,SRB-9001004.001.Pw10_vs_DMSO,Pw10,G_00044,PG_00044,1.7387751694509803,0.8092594423172413,Single (1),0.6801388557924811,0.013737384722412704,0.020740637573453458
3980,SRB-9001004.001.Pw10_vs_DMSO,Pw10,G_00045,PG_00045,10.962961395076224,0.8917772825702966,High (>25),0.08145394021983932,0.10144238361536484,0.6330392366638402
3982,SRB-9001004.001.Pw10_vs_DMSO,Pw10,G_00046,PG_00046,42.820220834262344,0.9367384600906906,Single (1),0.20728304091798588,0.8217910149482788,0.8029286175478555
3984,SRB-9001004.001.Pw10_vs_DMSO,Pw10,G_00047,PG_00047,21.64840582748161,0.6181117832523065,Single (1),0.28660381953396885,0.09822756172829628,0.7618860148981599
3986,SRB-9001004.001.Pw10_vs_DMSO,Pw10,G_00048,PG_00048,33.75608332449813,0.03301117553537658,High (>25),0.06707360686119068,0.4309511032456741,0.49581440613866756
3988,SRB-9001004.001.Pw10_vs_DMSO,Pw10,G_00049,PG_00049,4.3498579374523185,0.07557289408115875,High (>25),0.9276043521984142,0.0934693532857831,0.2649134601444505
3990,SRB-9001004.001.Pw10_vs_DMSO,Pw10,G_00050,PG_00050,1.927720795823363,0.5813524804684009,Medium (11-25),0.17171001453118606,0.6723791509803343,0.08157470952758672
3992,SRB-9001004.001.Pw10_vs_DMSO,Pw10,G_00051,PG_00051,38.70335086225808,0.4715576756255253,Single (1),0.9158621135659959,0.9927855331346767,0.8533011459047182
3994,SRB-9001004.001.Pw10_vs_DMSO,Pw10,G_00052,PG_00052,9.25741947518184,0.7814253847113939,High (>25),0.9929821304683457,0.9091572335038053,0.4450056260155285
3996,SRB-9001004.001.Pw10_vs_DMSO,Pw10,G_00053,PG_00053,89.01685592688949,0.21864620311201477,Silent,0.620734420648924,0.1876392434080879,0.6945384495739764
3998,SRB-9001004.001.Pw10_vs_DMSO,Pw10,G_00054,PG_00054,4.8169598262054,0.2827586464638201,High (>25),0.0663823062626906,0.3376920470838206,0.6284291712587895
4000,SRB-9001004.001.Pw10_vs_DMSO,Pw10,G_00055,PG_00055,27.293244461846513,0.6961570748885415,Low (2-10),0.20707664644066037,0.16206721927110934,0.5062235632117619
4002,SRB-9001004.001.Pw10_vs_DMSO,Pw10,G_00056,PG_00056,8.125852628392012,0.666276598810693,Single (1),0.9542314230151846,0.6528244270828695,0.8051170607263628
4004,SRB-9001004.001.Pw10_vs_DMSO,Pw10,G_00057,PG_00057,1.2490993320193708,0.9601604751551556,High (>25),0.9319197974124096,0.38348330818956566,0.7587933940125602
4006,SRB-9001004.001.Pw10_vs_DMSO,Pw10,G_00058,PG_00058,1.232737773539925,0.9939682864753355,Low (2-10),0.5193566312946436,0.1523851992763684,0.2415825903640425
4008,SRB-9001004.001.Pw10_vs_DMSO,Pw10,G_00059,PG_00059,6.353532061982331,0.010080145852287892,Low (2-10),0.8452102063796118,0.3500705343942687,0.7055628701858163
4010,SRB-9001004.001.Pw11_vs_DMSO,Pw11,G_00000,PG_00000,12.498548350527383,0.5884027490931879,High (>25),0.03441075052712117,0.4532283132868401,0.38836036192492684
4012,SRB-9001004.001.Pw11_vs_DMSO,Pw11,G_00001,PG_00001,4.647179793904796,0.794215908323387,Low (2-10),0.9624573193640156,0.8914583464374914,0.2257984785835816
4014,SRB-9001004.001.Pw11_vs_DMSO,Pw11,G_00002,PG_00002,4.840621998422611,0.7844145316246143,Silent,0.2009638573537872,0.30129975382133256,0.1871591618587024
4016,SRB-9001004.001.Pw11_vs_DMSO,Pw11,G_00003,PG_00003,6.599657469271266,0.7205457387430063,Silent,0.12152781283290615,0.8202818364251778,0.5455177256094329
4018,SRB-9001004.001.Pw11_vs_DMSO,Pw11,G_00004,PG_00004,9.945290455999254,0.17316853394305787,Low (2-10),0.09264645389998638,0.5449806831121613,0.7141539113894717
4020,SRB-9001004.001.Pw11_vs_DMSO,Pw11,G_00005,PG_00005,26.659549093657336,0.9587878863847263,Silent,0.12235324167357897,0.5705738324864416,0.07021686441424801
4022,SRB-9001004.001.Pw11_vs_DMSO,Pw11,G_00006,PG_00006,4.861472517964923,0.6442532807036334,Low (2-10),0.041265159513497074,0.8347293071757568,0.2845620862263373
4024,SRB-9001004.001.Pw11_vs_DMSO,Pw11,G_00007,PG_00007,1.4869254667177745,0.7416590758439634,Low (2-10),0.2526550211134979,0.836838637874367,0.9737048509783763
4026,SRB-9001004.001.Pw11_vs_DMSO,Pw11,G_00008,PG_00008,1.0875127466609975,0.43228983252837916,Single (1),0.5550502069701355,0.585024938338285,0.44233029153075043
4028,SRB-9001004.001.Pw11_vs_DMSO,Pw11,G_00009,PG_00009,1.6874686597498016,0.4453636444085416,Low (2-10),0.4119881125540815,0.03351125082440931,0.5459729304396888
4030,SRB-9001004.001.Pw11_vs_DMSO,Pw11,G_00010,PG_00010,16.813244801748766,0.6081985545082684,Silent,0.13757633268246594,0.15017346251679087,0.8527968482415778
4032,SRB-9001004.001.Pw11_vs_DMSO,Pw11,G_00011,PG_00011,186.78455137291354,0.467659303091876,Single (1),0.8977708472032311,0.8694701263999701,0.44333659343639775
4034,SRB-9001004.001.Pw11_vs_DMSO,Pw11,G_00012,PG_00012,20.345646946938263,0.9967290371391099,Single (1),0.05640110492748518,0.37848068628790443,0.06688807461321322
4036,SRB-9001004.001.Pw11_vs_DMSO,Pw11,G_00013,PG_00013,36.12857533854351,0.8688985375824227,Medium (11-25),0.8955926936156936,0.6808751735068107,0.4260952827770067
4038,SRB-9001004.001.Pw11_vs_DMSO,Pw11,G_00014,PG_00014,2.3593205974547553,0.6737387627985835,Low (2-10),0.8673831229029181,0.8753978588845098,0.743723601193962
4040,SRB-9001004.001.Pw11_vs_DMSO,Pw11,G_00015,PG_00015,7.6725560943134266,0.8726416936182303,Single (1),0.9867894229286047,0.3197942487123395,0.16479231325248
4042,SRB-9001004.001.Pw11_vs_DMSO,Pw11,G_00016,PG_00016,14.5056618431943,0.43986869437947473,Silent,0.12124868590631943,0.4726180829828659,0.29902574444395313
4044,SRB-9001004.001.Pw11_vs_DMSO,Pw11,G_00017,PG_00017,1.6056519033327685,0.297772357730823,Medium (11-25),0.17175797243810453,0.8811653705365221,0.3367597089944885
4046,SRB-9001004.001.Pw11_vs_DMSO,Pw11,G_00018,PG_00018,7.615292881747899,0.44156111872262493,High (>25),0.22118266547158738,0.5397274556342969,0.28640331300070065
4048,SRB-9001004.001.Pw11_vs_DMSO,Pw11,G_00019,PG_00019,9.88866462603004,0.47466888431329646,Single (1),0.9396417204161861,0.5373713028939737,0.02319702085281672
4050,SRB-9001004.001.Pw11_vs_DMSO,Pw11,G_00020,PG_00020,6.7196107430990555,0.2658631765890048,Low (2-10),0.030515600552387223,0.40904263480421654,0.5223701967824133
4052,SRB-9001004.001.Pw11_vs_DMSO,Pw11,G_00021,PG_00021,24.31741259854141,0.8806149631332455,Single (1),0.5441048082980988,0.7596626769668307,0.9172831818482017
4054,SRB-9001004.001.Pw11_vs_DMSO,Pw11,G_00022,PG_00022,0.5337870054987957,0.6110262626669657,Single (1),0.39480789181848097,0.010846518595984178,0.8182338377276406
4056,SRB-9001004.001.Pw11_vs_DMSO,Pw11,G_00023,PG_00023,6.747356052790035,0.5078092350554689,Medium (11-25),0.10550816659837059,0.5879428183479701,0.3871807285885762
4058,SRB-9001004.001.Pw11_vs_DMSO,Pw11,G_00024,PG_00024,4.73138607419968,0.13763782468840935,Medium (11-25),0.6777440436723255,0.0037191960937044133,0.23424328571852693
4060,SRB-9001004.001.Pw11_vs_DMSO,Pw11,G_00025,PG_00025,1.5089369244816124,0.6559057121677965,Low (2-10),0.647955903296148,0.9499948101734741,0.09947863394899237
4062,SRB-9001004.001.Pw11_vs_DMSO,Pw11,G_00026,PG_00026,7.559416312449006,0.39955305106890526,Low (2-10),0.3040769235650994,0.8927794814478135,0.7789532977342242
4064,SRB-9001004.001.Pw11_vs_DMSO,Pw11,G_00027,PG_00027,0.26753629533267076,0.10528110411688407,Silent,0.2984855561442705,0.2924648206908804,0.11910124137836064
4066,SRB-9001004.001.Pw11_vs_DMSO,Pw11,G_00028,PG_00028,1.5885530188138595,0.8045704027333838,Single (1),0.04504820824379363,0.5881099010090954,0.7598820730478959
4068,SRB-9001004.001.Pw11_vs_DMSO,Pw11,G_00029,PG_00029,1.2132128781860967,0.7691512057076044,Single (1),0.23819662119203433,0.7165607896569626,0.7830039361830697
4070,SRB-9001004.001.Pw11_vs_DMSO,Pw11,G_00030,PG_00030,28.834682362097933,0.8771366016397494,Single (1),0.798462700741129,0.24544467699781614,0.5552986594564713
4072,SRB-9001004.001.Pw11_vs_DMSO,Pw11,G_00031,PG_00031,15.961996174089261,0.3103209213101845,Silent,0.38594469763709427,0.7193750300801967,0.3565725326229233
4074,SRB-9001004.001.Pw11_vs_DMSO,Pw11,G_00032,PG_00032,42.611205416917606,0.3155974381864344,Silent,0.27121959640183047,0.4448092844767255,0.3349614694530687
4076,SRB-9001004.001.Pw11_vs_DMSO,Pw11,G_00033,PG_00033,0.9070848730624894,0.2803637090993665,Low (2-10),0.5639795606070472,0.012692273680720345,0.9803558888128765
4078,SRB-9001004.001.Pw11_vs_DMSO,Pw11,G_00034,PG_00034,5.177035011630952,0.11986324306094598,Single (1),0.7603785661714823,0.3646452655607013,0.9496067627007357
4080,SRB-9001004.001.Pw11_vs_DMSO,Pw11,G_00035,PG_00035,0.9700054170342126,0.05725438902524349,Low (2-10),0.7385511399566389,0.5442164943767434,0.8608672763414993
4082,SRB-9001004.001.Pw11_vs_DMSO,Pw11,G_00036,PG_00036,14.669871034007361,0.4969836227140584,Silent,0.7999414559839401,0.6299290192664864,0.9745305238624367
4084,SRB-9001004.001.Pw11_vs_DMSO,Pw11,G_00037,PG_00037,10.810795663654996,0.36484804215946487,Low (2-10),0.924061029144774,0.3061387001496868,0.8081617960591532
4086,SRB-9001004.001.Pw11_vs_DMSO,Pw11,G_00038,PG_00038,19.79987125345951,0.5901061412983999,Silent,0.0833977505355269,0.2511319141996815,0.8927558701447339
4088,SRB-9001004.001.Pw11_vs_DMSO,Pw11,G_00039,PG_00039,12.802943484945231,0.38541467721535116,High (>25),0.6413699193312187,0.8519310857555381,0.2316748189883966
4090,SRB-9001004.001.Pw11_vs_DMSO,Pw11,G_00040,PG_00040,8.786447252893845,0.740944674507171,Silent,0.5379061241015715,0.16006639251546584,0.8274502707649571
4092,SRB-9001004.001.Pw11_vs_DMSO,Pw11,G_00041,PG_00041,24.57869645813767,0.5583457310568429,High (>25),0.10167232440266538,0.276190360209694,0.8440545064235723
4094,SRB-9001004.001.Pw11_vs_DMSO,Pw11,G_00042,PG_00042,9.61661527130781,0.6113365787699645,Medium (11-25),0.7179429880369351,0.08212603327414092,0.3441451383797839
4096,SRB-9001004.001.Pw11_vs_DMSO,Pw11,G_00043,PG_00043,1.240761027189482,0.9353203719734434,High (>25),0.5192056695749316,0.8639512150729409,0.6353176789203225
4098,SRB-9001004.001.Pw11_vs_DMSO,Pw11,G_00044,PG_00044,0.3844767295822976,0.6333672104255191,High (>25),0.984881766209138,0.3871757222868215,0.3800604912244171
4100,SRB-9001004.001.Pw11_vs_DMSO,Pw11,G_00045,PG_00045,19.602507466174934,0.697057235618567,Single (1),0.5221587592029294,0.37656552143431743,0.28651869614069536
4102,SRB-9001004.001.Pw11_vs_DMSO,Pw11,G_00046,PG_00046,23.494941001747787,0.45596979241521207,High (>25),0.4808363961940666,0.15025405050829088,0.1837312366295587
4104,SRB-9001004.001.Pw11_vs_DMSO,Pw11,G_00047,PG_00047,8.886053157272954,0.4362780665926268,Low (2-10),0.4563229983110958,0.8355021594235315,0.5228684442866773
4106,SRB-9001004.001.Pw11_vs_DMSO,Pw11,G_00048,PG_00048,8.816305871810137,0.12565461043645199,High (>25),0.4125246965377565,0.05895934326010466,0.781110940170814
4108,SRB-9001004.001.Pw11_vs_DMSO,Pw11,G_00049,PG_00049,13.151867451781431,0.6242913572324891,Single (1),0.14947934133910223,0.8239651553303522,0.36043689707183657
4110,SRB-9001004.001.Pw11_vs_DMSO,Pw11,G_00050,PG_00050,0.20374025301556264,0.10927999246937037,High (>25),0.4760312828188441,0.429563414923419,0.9776539286981284
4112,SRB-9001004.001.Pw11_vs_DMSO,Pw11,G_00051,PG_00051,41.54955481651783,0.8446285595769408,Single (1),0.8612445375436324,0.24467535696008802,0.350688566002474
4114,SRB-9001004.001.Pw11_vs_DMSO,Pw11,G_00052,PG_00052,1.7482601807080136,0.11761827502117217,Low (2-10),0.8182299346678993,0.14954130439777202,0.36148055779028754
4116,SRB-9001004.001.Pw11_vs_DMSO,Pw11,G_00053,PG_00053,2.2305091288393433,0.29221078680371404,High (>25),0.54087716109021,0.3373137557709127,0.7914560114758475
4118,SRB-9001004.001.Pw11_vs_DMSO,Pw11,G_00054,PG_00054,1.5975738892017288,0.6053546792124885,Single (1),0.6694044803437371,0.5818450942691807,0.8751132006805387
4120,SRB-9001004.001.Pw11_vs_DMSO,Pw11,G_00055,PG_00055,13.381026002623436,0.7469156763983275,Single (1),0.2653491273453614,0.6915559247327867,0.7639801992877417
4122,SRB-9001004.001.Pw11_vs_DMSO,Pw11,G_00056,PG_00056,7.1068382978749245,0.8000811117801806,Low (2-10),0.30228159713616176,0.5598862668402003,0.1682994013047635
4124,SRB-9001004.001.Pw11_vs_DMSO,Pw11,G_00057,PG_00057,4.035053966827983,0.8449086802555541,Medium (11-25),0.20702085797896796,0.38991155970113456,0.49789307677484196
4126,SRB-9001004.001.Pw11_vs_DMSO,Pw11,G_00058,PG_00058,61.32072008878729,0.04536273524268286,Low (2-10),0.22171616406419403,0.5251851144576963,0.17729023038197855
4128,SRB-9001004.001.Pw11_vs_DMSO,Pw11,G_00059,PG_00059,30.163942795154327,0.8167849488899179,Single (1),0.7951779162357423,0.20988532973785345,0.8482471805246133
4130,SRB-9001005.001.Pw10_vs_DMSO,Pw10,G_00000,PG_00000,6.530826616188117,0.7344013046368323,Medium (11-25),0.9207381083412974,0.848355223920475,0.37341251940255415
4132,SRB-9001005.001.Pw10_vs_DMSO,Pw10,G_00001,PG_00001,6.293681853608577,0.26227164281185433,Medium (11-25),0.4417846004774245,0.6105498382069886,0.9515178602703541
4134,SRB-9001005.001.Pw10_vs_DMSO,Pw10,G_00002,PG_00002,7.179387795167268,0.8293716497947213,Silent,0.024999124712900445,0.5906961065922194,0.6429716086783996
4136,SRB-9001005.001.Pw10_vs_DMSO,Pw10,G_00003,PG_00003,1.464625211126493,0.8447462929713129,High (>25),0.8784543852809011,0.12851605276603162,0.5163422374022563
4138,SRB-9001005.001.Pw10_vs_DMSO,Pw10,G_00004,PG_00004,34.62716975868208,0.03634752425919008,High (>25),0.4300269658238616,0.7492306742066037,0.5191759133341436
4140,SRB-9001005.001.Pw10_vs_DMSO,Pw10,G_00005,PG_00005,12.53382853711669,0.021936207038186217,Low (2-10),0.08200191722565231,0.29329591732834115,0.5655718340050488
4142,SRB-9001005.001.Pw10_vs_DMSO,Pw10,G_00006,PG_00006,2.2904187447453275,0.05505456001945441,Single (1),0.5242950443644642,0.8355492130814528,0.8182474031475232
4144,SRB-9001005.001.Pw10_vs_DMSO,Pw10,G_00007,PG_00007,2.6496918168991987,0.6930661898404548,Single (1),0.461856024912216,0.4026581653750573,0.5048863309027214
4146,SRB-9001005.001.Pw10_vs_DMSO,Pw10,G_00008,PG_00008,1.894734502909297,0.11974857956924778,Silent,0.6268682718369859,0.3684393965780951,0.8974591002986311
4148,SRB-9001005.001.Pw10_vs_DMSO,Pw10,G_00009,PG_00009,8.82879261713231,0.4910985676946731,Silent,0.4759703980982247,0.17415424671928736,0.531572466540692
4150,SRB-9001005.001.Pw10_vs_DMSO,Pw10,G_00010,PG_00010,14.146634978309244,0.27182517261947214,Medium (11-25),0.9463196858519518,0.08240973400932972,0.5047946221966197
4152,SRB-9001005.001.Pw10_vs_DMSO,Pw10,G_00011,PG_00011,1.8893156546619105,0.8142674960416566,Medium (11-25),0.24081836296061754,0.4853152995079225,0.10333794337122171
4154,SRB-9001005.001.Pw10_vs_DMSO,Pw10,G_00012,PG_00012,2.3070127112624235,0.24418538772578657,Single (1),0.2149624395091998,0.9066704071525021,0.022216370026846843
4156,SRB-9001005.001.Pw10_vs_DMSO,Pw10,G_00013,PG_00013,17.722996570453365,0.5927180327909097,Low (2-10),0.6899685909192184,0.9851612624680185,0.5285188574713032
4158,SRB-9001005.001.Pw10_vs_DMSO,Pw10,G_00014,PG_00014,13.343884597570176,0.922187728832288,Medium (11-25),0.6848265306326379,0.71962238139405,0.7141529380458901
4160,SRB-9001005.001.Pw10_vs_DMSO,Pw10,G_00015,PG_00015,26.64457337934285,0.5429455079175272,Single (1),0.0806823617679644,0.4086198733492117,0.8460645123923068
4162,SRB-9001005.001.Pw10_vs_DMSO,Pw10,G_00016,PG_00016,184.73904633006654,0.7240891468711821,Single (1),0.5717396442496069,0.039397576792530864,0.7268962834269418
4164,SRB-9001005.001.Pw10_vs_DMSO,Pw10,G_00017,PG_00017,0.07652366486341068,0.8737622209515078,Medium (11-25),0.08764638738161379,0.9984479999378033,0.8494154993984715
4166,SRB-9001005.001.Pw10_vs_DMSO,Pw10,G_00018,PG_00018,21.08545655012686,0.40179973692650073,Single (1),0.5408283954805366,0.2231980910527921,0.3707336789132405
4168,SRB-9001005.001.Pw10_vs_DMSO,Pw10,G_00019,PG_00019,5.764904061044177,0.3761247630715494,High (>25),0.9254824229234491,0.4871612838956444,0.013686840399483646
4170,SRB-9001005.001.Pw10_vs_DMSO,Pw10,G_00020,PG_00020,30.783757758968427,0.9340926476623531,Single (1),0.42325750248176375,0.1314331081625384,0.24259694042820912
4172,SRB-9001005.001.Pw10_vs_DMSO,Pw10,G_00021,PG_00021,0.857352910729022,0.2526955695340162,Single (1),0.21092007915264144,0.7613037605891987,0.8473451231070916
4174,SRB-9001005.001.Pw10_vs_DMSO,Pw10,G_00022,PG_00022,40.056625377438436,0.3817603234058472,Silent,0.9570183878497707,0.15310869543943495,0.7318026551302206
4176,SRB-9001005.001.Pw10_vs_DMSO,Pw10,G_00023,PG_00023,16.09174271505063,0.5728935010589927,Medium (11-25),0.7947725468746742,0.09284902956372754,0.20752659008030305
4178,SRB-9001005.001.Pw10_vs_DMSO,Pw10,G_00024,PG_00024,7.71197312743598,0.7245290718869323,Single (1),0.5850086195207422,0.9815413862530498,0.3893750278217222
4180,SRB-9001005.001.Pw10_vs_DMSO,Pw10,G_00025,PG_00025,10.901342114148296,0.4340041357572477,Single (1),0.3626055724066315,0.2219470289810529,0.7004276561043083
4182,SRB-9001005.001.Pw10_vs_DMSO,Pw10,G_00026,PG_00026,7.843715821633321,0.49298398728906045,Silent,0.27760392250645205,0.7078479302810828,0.6649006140757437
4184,SRB-9001005.001.Pw10_vs_DMSO,Pw10,G_00027,PG_00027,6.182302183807298,0.4204365857146092,Single (1),0.5917817206372282,0.08174428307983805,0.47335486410192995
4186,SRB-9001005.001.Pw10_vs_DMSO,Pw10,G_00028,PG_00028,204.28750029738845,0.8465305937517608,Medium (11-25),0.6550525873870852,0.6421603283600462,0.8306601438423638
4188,SRB-9001005.001.Pw10_vs_DMSO,Pw10,G_00029,PG_00029,10.182120768688577,0.12706576960514582,Medium (11-25),0.08682100020581185,0.6560911653754262,0.3629106999011519
4190,SRB-9001005.001.Pw10_vs_DMSO,Pw10,G_00030,PG_00030,11.22201502641732,0.6598062693358441,Medium (11-25),0.8707813679213983,0.7936215202362414,0.007850559420886194
4192,SRB-9001005.001.Pw10_vs_DMSO,Pw10,G_00031,PG_00031,24.136139759908858,0.6822164028684624,Medium (11-25),0.1617709233582496,0.755080741339348,0.8942650399774702
4194,SRB-9001005.001.Pw10_vs_DMSO,Pw10,G_00032,PG_00032,9.883089086139805,0.550521565592701,Silent,0.02968362025047444,0.3084208625600269,0.8245932959886415
4196,SRB-9001005.001.Pw10_vs_DMSO,Pw10,G_00033,PG_00033,2.150864981617121,0.39045704612394183,High (>25),0.31368999494511884,0.3008017398949149,0.2683707854890265
4198,SRB-9001005.001.Pw10_vs_DMSO,Pw10,G_00034,PG_00034,11.836579087760857,0.5161460366839011,High (>25),0.828808667025621,0.36858296462891127,0.5108602604264908
4200,SRB-9001005.001.Pw10_vs_DMSO,Pw10,G_00035,PG_00035,83.20128419169657,0.4551620706182353,Medium (11-25),0.3159997008652943,0.720792849971152,0.23294594254423828
4202,SRB-9001005.001.Pw10_vs_DMSO,Pw10,G_00036,PG_00036,2.8435335304948546,0.9289897996463491,Medium (11-25),0.7225193893572448,0.3249043817168972,0.5369836814231865
4204,SRB-9001005.001.Pw10_vs_DMSO,Pw10,G_00037,PG_00037,15.306395975809199,0.2104939404625401,Medium (11-25),0.1251716542744935,0.12967123207045184,0.5174847742458477
4206,SRB-9001005.001.Pw10_vs_DMSO,Pw10,G_00038,PG_00038,17.385865833844928,0.5067304376254715,High (>25),0.4475395280475134,0.11471948880232286,0.02307993213631876
4208,SRB-9001005.001.Pw10_vs_DMSO,Pw10,G_00039,PG_00039,3.8119516943823926,0.3625370069701006,Medium (11-25),0.019434843976729232,0.5596673531071635,0.3174429891383911
4210,SRB-9001005.001.Pw10_vs_DMSO,Pw10,G_00040,PG_00040,4.594225873341957,0.48274427471058357,Single (1),0.4905876232866374,0.5935062857242548,0.8417105324579746
4212,SRB-9001005.001.Pw10_vs_DMSO,Pw10,G_00041,PG_00041,32.059030995833275,0.3273792250155937,Silent,0.5758111384313428,0.09880991210637102,0.9011350673029535
4214,SRB-9001005.001.Pw10_vs_DMSO,Pw10,G_00042,PG_00042,6.162026636913607,0.9939518871999757,High (>25),0.5847165064008073,0.338496246395501,0.8234608288522834
4216,SRB-9001005.001.Pw10_vs_DMSO,Pw10,G_00043,PG_00043,16.75298267752301,0.9618991713748173,Low (2-10),0.5979062421824928,0.5095968261691151,0.084879463684986
4218,SRB-9001005.001.Pw10_vs_DMSO,Pw10,G_00044,PG_00044,3.1556731606919257,0.3344785058692338,Silent,0.29479263159747493,0.10548941028904957,0.508473484715325
4220,SRB-9001005.001.Pw10_vs_DMSO,Pw10,G_00045,PG_00045,8.708036673181203,0.8023764977427168,Single (1),0.009061327044540879,0.5112403130681333,0.48784383470829396
4222,SRB-9001005.001.Pw10_vs_DMSO,Pw10,G_00046,PG_00046,12.42623870429516,0.9444947438210983,Medium (11-25),0.41902268286770905,0.1260772131045722,0.10336651458149337
4224,SRB-9001005.001.Pw10_vs_DMSO,Pw10,G_00047,PG_00047,10.869360325001885,0.6704605883797162,Single (1),0.6081166099455055,0.6677972638514952,0.4734719786601239
4226,SRB-9001005.001.Pw10_vs_DMSO,Pw10,G_00048,PG_00048,2.837464833559258,0.8123642434240312,High (>25),0.5894044796402619,0.24034526954833269,0.781158459948929
4228,SRB-9001005.001.Pw10_vs_DMSO,Pw10,G_00049,PG_00049,21.880107648006703,0.03083080155251805,High (>25),0.562551353774331,0.2686145755929209,0.3698346447339449
4230,SRB-9001005.001.Pw10_vs_DMSO,Pw10,G_00050,PG_00050,11.998580502647343,0.7195607673228833,Single (1),0.9518473607928866,0.924093778116759,0.8263619094593849
4232,SRB-9001005.001.Pw10_vs_DMSO,Pw10,G_00051,PG_00051,2.922641160693003,0.06361427891678062,Silent,0.16169840698691607,0.7936389797183419,0.049731207084705464
4234,SRB-9001005.001.Pw10_vs_DMSO,Pw10,G_00052,PG_00052,15.73516907250223,0.012652869323022675,Single (1),0.05630909329621758,0.3853470871733933,0.9445952014091676
4236,SRB-9001005.001.Pw10_vs_DMSO,Pw10,G_00053,PG_00053,16.51086477283125,0.12485268679599104,Single (1),0.4839769153355935,0.2259189147240448,0.48052464556315877
4238,SRB-9001005.001.Pw10_vs_DMSO,Pw10,G_00054,PG_00054,6.389684229864014,0.544938217346773,Medium (11-25),0.1330551562421417,0.8952864361263994,0.15411890300739794
4240,SRB-9001005.001.Pw10_vs_DMSO,Pw10,G_00055,PG_00055,2.0162615635063723,0.979169144679797,Medium (11-25),0.29180612840775333,0.3454913909383972,0.502181806106636
4242,SRB-9001005.001.Pw10_vs_DMSO,Pw10,G_00056,PG_00056,13.854073427347616,0.38841230726567,Silent,0.4677030304504788,0.8135819221835829,0.5835852581158545
4244,SRB-9001005.001.Pw10_vs_DMSO,Pw10,G_00057,PG_00057,37.92396363100569,0.3521209813827416,Silent,0.1321903441616532,0.14481955841682548,0.024438281278054585
4246,SRB-9001005.001.Pw10_vs_DMSO,Pw10,G_00058,PG_00058,6.542748585119533,0.423359081509171,Medium (11-25),0.41562091623292274,0.624284835635866,0.6056054257457419
4248,SRB-9001005.001.Pw10_vs_DMSO,Pw10,G_00059,PG_00059,23.5085756005547,0.35547087897302576,Medium (11-25),0.6344177094302759,0.1280571954390095,0.11953528213096831
4250,SRB-9001005.001.Pw11_vs_DMSO,Pw11,G_00000,PG_00000,16.488029920515054,0.9434152623967388,Single (1),0.35945168915701997,0.15948319992245152,0.985235350136453
4252,SRB-9001005.001.Pw11_vs_DMSO,Pw11,G_00001,PG_00001,13.115391917478409,0.025151714753835486,Silent,0.6963584555192766,0.9325503827137562,0.162704072556492
4254,SRB-9001005.001.Pw11_vs_DMSO,Pw11,G_00002,PG_00002,10.721656721930222,0.9192139815768657,Silent,0.5269208940766867,0.4534147766412069,0.12401432540281987
4256,SRB-9001005.001.Pw11_vs_DMSO,Pw11,G_00003,PG_00003,8.007570191201843,0.7775377705259362,Medium (11-25),0.2410631003808893,0.7012904092455117,0.3706381341135758
4258,SRB-9001005.001.Pw11_vs_DMSO,Pw11,G_00004,PG_00004,24.696091646936363,0.9045700469390959,Single (1),0.9505288482957241,0.6073859964442324,0.1721829503673643
4260,SRB-9001005.001.Pw11_vs_DMSO,Pw11,G_00005,PG_00005,2.6032336637700273,0.2352645164895496,Single (1),0.9033184560906623,0.5927614981781655,0.4551511374461378
4262,SRB-9001005.001.Pw11_vs_DMSO,Pw11,G_00006,PG_00006,0.25547698825064086,0.22143995195783073,Silent,0.7897727658200523,0.337462844313442,0.21503409295267095
4264,SRB-9001005.001.Pw11_vs_DMSO,Pw11,G_00007,PG_00007,0.6018148875553883,0.8092380440566143,Low (2-10),0.6736935182937783,0.15400395700435177,0.4640805527930256
4266,SRB-9001005.001.Pw11_vs_DMSO,Pw11,G_00008,PG_00008,15.075920495964722,0.7758875274397184,Single (1),0.5957913291239507,0.45293319647375685,0.22461120241260302
4268,SRB-9001005.001.Pw11_vs_DMSO,Pw11,G_00009,PG_00009,18.0816786619902,0.8688434174441324,High (>25),0.8146509068698373,0.08897559474534433,0.14044763615038658
4270,SRB-9001005.001.Pw11_vs_DMSO,Pw11,G_00010,PG_00010,30.26463599031316,0.6040850192513683,Silent,0.41601960539422456,0.7556477108518198,0.4442432273209571
4272,SRB-9001005.001.Pw11_vs_DMSO,Pw11,G_00011,PG_00011,1.5237846945818858,0.4398045828829982,Single (1),0.30126583333573476,0.09999554451751569,0.3825139367568021
4274,SRB-9001005.001.Pw11_vs_DMSO,Pw11,G_00012,PG_00012,12.036851127412513,0.9437312778533606,Silent,0.47265974567458746,0.49788382127738606,0.44418479120344945
4276,SRB-9001005.001.Pw11_vs_DMSO,Pw11,G_00013,PG_00013,28.512206803870694,0.44682042863995786,Single (1),0.9898373726469281,0.7850402553216865,0.5111268640098074
4278,SRB-9001005.001.Pw11_vs_DMSO,Pw11,G_00014,PG_00014,46.92560096548298,0.4989735135407005,Medium (11-25),0.006242751709230943,0.04777592920386231,0.6956341173306406
4280,SRB-9001005.001.Pw11_vs_DMSO,Pw11,G_00015,PG_00015,13.561936809693478,0.26546352951457886,Single (1),0.8734082371905938,0.16783592366422018,0.8689020134981449
4282,SRB-9001005.001.Pw11_vs_DMSO,Pw11,G_00016,PG_00016,8.42109954481936,0.9884772272923453,Silent,0.8664943884610019,0.056996226927190974,0.907746651173343
4284,SRB-9001005.001.Pw11_vs_DMSO,Pw11,G_00017,PG_00017,2.811422205580219,0.15890984723418933,High (>25),0.8205683718624934,0.15500202123166473,0.19065396706192028
4286,SRB-9001005.001.Pw11_vs_DMSO,Pw11,G_00018,PG_00018,5.1975637266206975,0.7310978971887273,Medium (11-25),0.8820294611856173,0.7169579887856056,0.38882580087988283
4288,SRB-9001005.001.Pw11_vs_DMSO,Pw11,G_00019,PG_00019,0.021938725499715556,0.20506683721375263,Medium (11-25),0.35195403376881174,0.46457136042366964,0.2716093436905276
4290,SRB-9001005.001.Pw11_vs_DMSO,Pw11,G_00020,PG_00020,4.029537887715365,0.19651707935856555,Silent,0.32058757075459643,0.4701528997568325,0.7046650351832648
4292,SRB-9001005.001.Pw11_vs_DMSO,Pw11,G_00021,PG_00021,4.252456752350007,0.8565385465711801,High (>25),0.4412020084343723,0.5260824133668361,0.5799296734996158
4294,SRB-9001005.001.Pw11_vs_DMSO,Pw11,G_00022,PG_00022,2.9854746161539296,0.766690246755385,Low (2-10),0.741827219757045,0.42301928666406374,0.4276730064191637
4296,SRB-9001005.001.Pw11_vs_DMSO,Pw11,G_00023,PG_00023,2.519323498068361,0.09983371755606862,Low (2-10),0.24548354298704478,0.4736691843574191,0.9051858368451828
4298,SRB-9001005.001.Pw11_vs_DMSO,Pw11,G_00024,PG_00024,1.2671255130166923,0.7531323633871765,Single (1),0.9363570396143915,0.47086588522786454,0.6831375400123257
4300,SRB-9001005.001.Pw11_vs_DMSO,Pw11,G_00025,PG_00025,8.399720470240856,0.6332249690782833,Medium (11-25),0.015672486359298632,0.7341827708618477,0.7388277179906344
4302,SRB-9001005.001.Pw11_vs_DMSO,Pw11,G_00026,PG_00026,2.074124862444476,0.7240429162400145,Medium (11-25),0.40769400349113805,0.9058038720580005,0.7681610530630351
4304,SRB-9001005.001.Pw11_vs_DMSO,Pw11,G_00027,PG_00027,12.652245253214158,0.31616546702132353,Low (2-10),0.9745207571958926,0.8134617199216191,0.5926361443712881
4306,SRB-9001005.001.Pw11_vs_DMSO,Pw11,G_00028,PG_00028,9.582363498163929,0.07303500347161296,Medium (11-25),0.3836482534400354,0.230983677475745,0.19835199510248513
4308,SRB-9001005.001.Pw11_vs_DMSO,Pw11,G_00029,PG_00029,26.304496649804832,0.6719959424084249,High (>25),0.6867639877808253,0.309950391577837,0.7306314196010112
4310,SRB-9001005.001.Pw11_vs_DMSO,Pw11,G_00030,PG_00030,49.85254097842477,0.5940024258283695,Low (2-10),0.3311809474536468,0.19250660074661408,0.09061641493584827
4312,SRB-9001005.001.Pw11_vs_DMSO,Pw11,G_00031,PG_00031,4.986023865149086,0.34240355532034017,Low (2-10),0.261818266852341,0.20861987417584504,0.5279288220087353
4314,SRB-9001005.001.Pw11_vs_DMSO,Pw11,G_00032,PG_00032,3.6243064769308626,0.9989223519558096,Low (2-10),0.33809101308460376,0.14917230740208176,0.9333330862329126
4316,SRB-9001005.001.Pw11_vs_DMSO,Pw11,G_00033,PG_00033,3.7359331410502614,0.3666831463358122,Silent,0.7046696671915645,0.05521933314603322,0.3594578132529056
4318,SRB-9001005.001.Pw11_vs_DMSO,Pw11,G_00034,PG_00034,3.818486629691183,0.14682645600715605,Medium (11-25),0.02033993673361345,0.5633793209069157,0.567115706678152
4320,SRB-9001005.001.Pw11_vs_DMSO,Pw11,G_00035,PG_00035,6.291553560112904,0.7521467437732272,Medium (11-25),0.33789831301587925,0.5961016059870188,0.8661301704231099
4322,SRB-9001005.001.Pw11_vs_DMSO,Pw11,G_00036,PG_00036,2.070634922426162,0.7419628694171595,Silent,0.16510384896692465,0.8883193361655662,0.597376219779368
4324,SRB-9001005.001.Pw11_vs_DMSO,Pw11,G_00037,PG_00037,3.4808238182579707,0.16432368165131672,High (>25),0.013478760082046515,0.8833908867534717,0.1885198377485222
4326,SRB-9001005.001.Pw11_vs_DMSO,Pw11,G_00038,PG_00038,27.166175585452578,0.3632449948389701,High (>25),0.6320699378307192,0.7816721947531302,0.3243116661379388
4328,SRB-9001005.001.Pw11_vs_DMSO,Pw11,G_00039,PG_00039,10.741912362421683,0.868480418084954,High (>25),0.9497022662935969,0.35653978510846895,0.0822185293728731
4330,SRB-9001005.001.Pw11_vs_DMSO,Pw11,G_00040,PG_00040,4.092111752104625,0.5358080428323234,Medium (11-25),0.5573797363436066,0.8796989514145339,0.6691637976022118
4332,SRB-9001005.001.Pw11_vs_DMSO,Pw11,G_00041,PG_00041,13.457236795294909,0.8027942520661189,Low (2-10),0.20579686407842523,0.39779503648163006,0.6677063180226772
4334,SRB-9001005.001.Pw11_vs_DMSO,Pw11,G_00042,PG_00042,0.5432577283832677,0.7791310119799906,Medium (11-25),0.6633447307177731,0.15407684296503765,0.5260499670630127
4336,SRB-9001005.001.Pw11_vs_DMSO,Pw11,G_00043,PG_00043,25.597263676277304,0.605283018556515,Single (1),0.45555384357332074,0.2931573206401642,0.5391376547872478
4338,SRB-9001005.001.Pw11_vs_DMSO,Pw11,G_00044,PG_00044,6.985069201975067,0.8669387156612811,Silent,0.17711187785700633,0.7573017584116908,0.6137172551053653
4340,SRB-9001005.001.Pw11_vs_DMSO,Pw11,G_00045,PG_00045,3.4160530371804776,0.736777230908475,Medium (11-25),0.825153749695596,0.7109699822589952,0.85318913869741
4342,SRB-9001005.001.Pw11_vs_DMSO,Pw11,G_00046,PG_00046,7.452391980329354,0.5295546279610416,Single (1),0.4292391093100384,0.4730854288488576,0.6995647529901777
4344,SRB-9001005.001.Pw11_vs_DMSO,Pw11,G_00047,PG_00047,25.68112948590325,0.4418141946325308,Low (2-10),0.32808720705488326,0.3324823830652056,0.974247362555895
4346,SRB-9001005.001.Pw11_vs_DMSO,Pw11,G_00048,PG_00048,11.94138934485458,0.6768663840096372,Silent,0.7325013397940359,0.22306928824629801,0.33473314948643673
4348,SRB-9001005.001.Pw11_vs_DMSO,Pw11,G_00049,PG_00049,14.697910051882534,0.35056669730857504,Medium (11-25),0.5200731904735307,0.636138751337387,0.05096763036772822
4350,SRB-9001005.001.Pw11_vs_DMSO,Pw11,G_00050,PG_00050,5.11498192800947,0.022800703719765614,Medium (11-25),0.5411831315475099,0.9005710837341702,0.6027334765026647
4352,SRB-9001005.001.Pw11_vs_DMSO,Pw11,G_00051,PG_00051,2.6398690529534106,0.7881734607778524,Low (2-10),0.852815846231165,0.8312483488105323,0.9961536085313882
4354,SRB-9001005.001.Pw11_vs_DMSO,Pw11,G_00052,PG_00052,23.075460863129834,0.7318008069112735,Medium (11-25),0.5035601335214603,0.0981754435215002,0.01388045065422061
4356,SRB-9001005.001.Pw11_vs_DMSO,Pw11,G_00053,PG_00053,6.528067767126226,0.7816613731684321,Silent,0.007318865388657114,0.3793053991215125,0.9013593966413651
4358,SRB-9001005.001.Pw11_vs_DMSO,Pw11,G_00054,PG_00054,8.632014812729768,0.3588079469492793,Medium (11-25),0.5260237716782652,0.05831144092566298,0.46694504059645603
4360,SRB-9001005.001.Pw11_vs_DMSO,Pw11,G_00055,PG_00055,181.96565081994376,0.6594361024626689,Silent,0.6702074732720313,0.36784741325123205,0.8134589946209047
4362,SRB-9001005.001.Pw11_vs_DMSO,Pw11,G_00056,PG_00056,9.206935512625822,0.6086111755469944,Single (1),0.09795602811762372,0.5308506650029139,0.2380690015728787
4364,SRB-9001005.001.Pw11_vs_DMSO,Pw11,G_00057,PG_00057,59.993890854963645,0.09247233839809266,Single (1),0.9697773929183101,0.355853657139502,0.973059311060335
4366,SRB-9001005.001.Pw11_vs_DMSO,Pw11,G_00058,PG_00058,16.626667417669108,0.6691908409546272,Low (2-10),0.9094240841679367,0.015033882042458258,0.642667100465595
4368,SRB-9001005.001.Pw11_vs_DMSO,Pw11,G_00059,PG_00059,4.409874851089288,0.741088958945057,High (>25),0.5872027156654526,0.14013355923720594,0.3127713666879208
4370,SRB-9001006.001.Pw10_vs_DMSO,Pw10,G_00000,PG_00000,5.880531733528244,0.025283868477737115,High (>25),0.9635273213865259,0.19262024083621243,0.9234921898229432
4372,SRB-9001006.001.Pw10_vs_DMSO,Pw10,G_00001,PG_00001,3.785058009125049,0.6105208210768205,Silent,0.48658069470395326,0.6811903119640984,0.6698524742549571
4374,SRB-9001006.001.Pw10_vs_DMSO,Pw10,G_00002,PG_00002,31.57700127470944,0.02506906542185139,Low (2-10),0.7917124963264267,0.558836115199473,0.10233857208073327
4376,SRB-9001006.001.Pw10_vs_DMSO,Pw10,G_00003,PG_00003,7.239278766704737,0.38887967076425634,Silent,0.8218276910676664,0.3534559059071213,0.27009021370186004
4378,SRB-9001006.001.Pw10_vs_DMSO,Pw10,G_00004,PG_00004,19.20750386711081,0.2064536379975881,Single (1),0.20735982960320498,0.6096464687851697,0.46986547398230094
4380,SRB-9001006.001.Pw10_vs_DMSO,Pw10,G_00005,PG_00005,1.968279453671978,0.8340192330087559,Silent,0.32900546199536673,0.5679517909999073,0.01753361214536031
4382,SRB-9001006.001.Pw10_vs_DMSO,Pw10,G_00006,PG_00006,10.171404097488674,0.006648214119928997,High (>25),0.18743211805132487,0.7829973692910976,0.21455510723416826
4384,SRB-9001006.001.Pw10_vs_DMSO,Pw10,G_00007,PG_00007,0.2967610975447155,0.33792957368347876,Low (2-10),0.19851232178636402,0.17630557261817104,0.7745774232531946
4386,SRB-9001006.001.Pw10_vs_DMSO,Pw10,G_00008,PG_00008,43.01329145911161,0.16876326528007668,Medium (11-25),0.16030315399477424,0.057614361255026614,0.041948872076883026
4388,SRB-9001006.001.Pw10_vs_DMSO,Pw10,G_00009,PG_00009,5.414139281730027,0.22157886818650996,Silent,0.9084100719619037,0.1571394812253657,0.6189727487862917
4390,SRB-9001006.001.Pw10_vs_DMSO,Pw10,G_00010,PG_00010,24.06664391488033,0.5046361396683154,Medium (11-25),0.43936963037816235,0.791031939309491,0.5318880382710953
4392,SRB-9001006.001.Pw10_vs_DMSO,Pw10,G_00011,PG_00011,1.4534533741253761,0.7189403384418723,Medium (11-25),0.6767227006694956,0.8742975615759548,0.03398908235068587
4394,SRB-9001006.001.Pw10_vs_DMSO,Pw10,G_00012,PG_00012,1.8281347902262524,0.4152396860768399,High (>25),0.06905382704878826,0.9144934316934189,0.6210656063306367
4396,SRB-9001006.001.Pw10_vs_DMSO,Pw10,G_00013,PG_00013,0.16105662956353778,0.7114368697281038,Medium (11-25),0.5247549718716653,0.23741890300805413,0.9465839960874217
4398,SRB-9001006.001.Pw10_vs_DMSO,Pw10,G_00014,PG_00014,0.525915889161339,0.026731351447323304,High (>25),0.7025168453015873,0.8475342393275549,0.6628264346395796
4400,SRB-9001006.001.Pw10_vs_DMSO,Pw10,G_00015,PG_00015,5.178550525012074,0.5871175082532774,Low (2-10),0.6844664796628335,0.9814654562603597,0.49311878880666626
4402,SRB-9001006.001.Pw10_vs_DMSO,Pw10,G_00016,PG_00016,28.817069774087848,0.6226194115285848,High (>25),0.7420932618320623,0.9398121199170668,0.7106157995938704
4404,SRB-9001006.001.Pw10_vs_DMSO,Pw10,G_00017,PG_00017,50.21651066828828,0.15496577821554525,Silent,0.8666292099081926,0.8040401239911791,0.4468779995254637
4406,SRB-9001006.001.Pw10_vs_DMSO,Pw10,G_00018,PG_00018,3.0966189809387705,0.46936565901790117,Low (2-10),0.4203120420500287,0.4957340036802589,0.928677918757286
4408,SRB-9001006.001.Pw10_vs_DMSO,Pw10,G_00019,PG_00019,3.056603982668541,0.8510092905599318,High (>25),0.525136107732775,0.6576104313107779,0.9129836665708706
4410,SRB-9001006.001.Pw10_vs_DMSO,Pw10,G_00020,PG_00020,3.5226846327522527,0.3789651584305943,High (>25),0.32522342469037735,0.6378021211358436,0.04367001753053179
4412,SRB-9001006.001.Pw10_vs_DMSO,Pw10,G_00021,PG_00021,0.5797211780397913,0.5737116772435448,Medium (11-25),0.9448991681216057,0.8196368964060542,0.69521132323093
4414,SRB-9001006.001.Pw10_vs_DMSO,Pw10,G_00022,PG_00022,8.80014681022833,0.013874797514127124,Medium (11-25),0.18300071503411353,0.402916768819501,0.0874960906022163
4416,SRB-9001006.001.Pw10_vs_DMSO,Pw10,G_00023,PG_00023,44.986931883998786,0.1275997819058604,High (>25),0.8459513008329147,0.10769493855024626,0.8789035464493412
4418,SRB-9001006.001.Pw10_vs_DMSO,Pw10,G_00024,PG_00024,4.798346483271119,0.6118474713677016,Silent,0.9448216350847536,0.7433967048150405,0.8275943849107208
4420,SRB-9001006.001.Pw10_vs_DMSO,Pw10,G_00025,PG_00025,0.5129460805789323,0.4412312957502619,Low (2-10),0.85733240672631,0.5006888777948559,0.921160407546373
4422,SRB-9001006.001.Pw10_vs_DMSO,Pw10,G_00026,PG_00026,13.58914478417203,0.5766999463904156,Medium (11-25),0.03435028036177212,0.11831025286062558,0.9483051390827578
4424,SRB-9001006.001.Pw10_vs_DMSO,Pw10,G_00027,PG_00027,2.333144902863876,0.6579796845610986,Single (1),0.28204467826480517,0.738910048377843,0.5412273411759886
4426,SRB-9001006.001.Pw10_vs_DMSO,Pw10,G_00028,PG_00028,6.336680014287656,0.8752373422492908,Low (2-10),0.34321793066010475,0.42401229270219165,0.4590624682820883
4428,SRB-9001006.001.Pw10_vs_DMSO,Pw10,G_00029,PG_00029,6.94166593231445,0.8513622064293034,Low (2-10),0.3291189414120944,0.49934159545681345,0.8761090889807568
4430,SRB-9001006.001.Pw10_vs_DMSO,Pw10,G_00030,PG_00030,6.640743188566251,0.6159469025626045,Medium (11-25),0.21225672093137604,0.84498707179466,0.24742946015982303
4432,SRB-9001006.001.Pw10_vs_DMSO,Pw10,G_00031,PG_00031,3.637729591000559,0.40278852684988864,Silent,0.9215519117282412,0.7879167501246429,0.872594753271106
4434,SRB-9001006.001.Pw10_vs_DMSO,Pw10,G_00032,PG_00032,14.215418607523699,0.17151203539100135,Single (1),0.12942424413609677,0.286180751354258,0.44663943718054544
4436,SRB-9001006.001.Pw10_vs_DMSO,Pw10,G_00033,PG_00033,10.000187921225075,0.34033076667998907,Medium (11-25),0.11324696544160595,0.6846839463457748,0.014747414749008203
4438,SRB-9001006.001.Pw10_vs_DMSO,Pw10,G_00034,PG_00034,12.112176662565336,0.20141185418981167,Low (2-10),0.1204156992172507,0.4951402059896931,0.0020751175679583067
4440,SRB-9001006.001.Pw10_vs_DMSO,Pw10,G_00035,PG_00035,2.370167587222711,0.3281668796447428,Single (1),0.29154288834828257,0.04865294610405135,0.34034899790141315
4442,SRB-9001006.001.Pw10_vs_DMSO,Pw10,G_00036,PG_00036,9.08397356653704,0.2113719288751793,Single (1),0.024310736424101642,0.2558248718663698,0.8929887600528706
4444,SRB-9001006.001.Pw10_vs_DMSO,Pw10,G_00037,PG_00037,8.788323084217344,0.6040852819459889,High (>25),0.2521437811544981,0.5927244178441009,0.4376938643875832
4446,SRB-9001006.001.Pw10_vs_DMSO,Pw10,G_00038,PG_00038,4.494752579643365,0.767082034670649,High (>25),0.06426964318996231,0.22826865345339897,0.2972376914075182
4448,SRB-9001006.001.Pw10_vs_DMSO,Pw10,G_00039,PG_00039,33.72513783194972,0.6455163765601276,High (>25),0.0468913312436825,0.8846995912255797,0.1490342068045052
4450,SRB-9001006.001.Pw10_vs_DMSO,Pw10,G_00040,PG_00040,16.40854525410627,0.592332291956756,Silent,0.9456242965232246,0.9559680514591141,0.35330753442495444
4452,SRB-9001006.001.Pw10_vs_DMSO,Pw10,G_00041,PG_00041,33.98975083794285,0.37700345818651326,Single (1),0.9039417408362329,0.8457533408051693,0.7685414044656104
4454,SRB-9001006.001.Pw10_vs_DMSO,Pw10,G_00042,PG_00042,2.051739074140443,0.10541779704797338,Medium (11-25),0.8750633528665489,0.5472704684419738,0.022422481425514063
4456,SRB-9001006.001.Pw10_vs_DMSO,Pw10,G_00043,PG_00043,13.349580049572237,0.2102366152845554,Single (1),0.6898782083932882,0.6596825579282951,0.31792556432248475
4458,SRB-9001006.001.Pw10_vs_DMSO,Pw10,G_00044,PG_00044,10.47592414365414,0.19467866451758342,High (>25),0.032328701241108204,0.6889241846074489,0.3860395062536158
4460,SRB-9001006.001.Pw10_vs_DMSO,Pw10,G_00045,PG_00045,3.410337970630555,0.7404950581512301,Low (2-10),0.6796615259256252,0.2725483825597561,0.8723670863870185
4462,SRB-9001006.001.Pw10_vs_DMSO,Pw10,G_00046,PG_00046,1.870145010266223,0.0018194357865580768,Medium (11-25),0.9855932032151341,0.2797885233629226,0.2928608211645227
4464,SRB-9001006.001.Pw10_vs_DMSO,Pw10,G_00047,PG_00047,3.332605269438125,0.2657726547788085,Silent,0.8990747635164729,0.20620227952818182,0.7697289492059174
4466,SRB-9001006.001.Pw10_vs_DMSO,Pw10,G_00048,PG_00048,0.12268476281167895,0.24052069393469544,Silent,0.8682056664746763,0.6769866910790914,0.015300108884239494
4468,SRB-9001006.001.Pw10_vs_DMSO,Pw10,G_00049,PG_00049,16.30587280576102,0.25587197804035533,Single (1),0.060196681962357834,0.9582894242530434,0.6138453577840602
4470,SRB-9001006.001.Pw10_vs_DMSO,Pw10,G_00050,PG_00050,18.091419759975786,0.21997393376220886,Single (1),0.13019848612790708,0.2700010830197592,0.7313224094347317
4472,SRB-9001006.001.Pw10_vs_DMSO,Pw10,G_00051,PG_00051,6.739556948296224,0.4514613404701757,High (>25),0.8605154937990398,0.21104349788497478,0.2692019972436994
4474,SRB-9001006.001.Pw10_vs_DMSO,Pw10,G_00052,PG_00052,4.763960844112762,0.29464257839707775,Single (1),0.18005169444007418,0.9295412919941061,0.010595016488273545
4476,SRB-9001006.001.Pw10_vs_DMSO,Pw10,G_00053,PG_00053,6.092925471212098,0.31579608806241666,Silent,0.4123797793295657,0.40746416665067553,0.8500371317689934
4478,SRB-9001006.001.Pw10_vs_DMSO,Pw10,G_00054,PG_00054,13.983764596451898,0.9631100948254683,Medium (11-25),0.9649737106135965,0.5213827159608787,0.41686415732466064
4480,SRB-9001006.001.Pw10_vs_DMSO,Pw10,G_00055,PG_00055,1.3430931701894697,0.7085961304339811,Silent,0.5342103438579359,0.0780680522900109,0.6810172366063458
4482,SRB-9001006.001.Pw10_vs_DMSO,Pw10,G_00056,PG_00056,1.7174215398336283,0.24027768434396946,Single (1),0.1680178000758057,0.531674723969704,0.3607567742242427
4484,SRB-9001006.001.Pw10_vs_DMSO,Pw10,G_00057,PG_00057,22.463632238740132,0.40515215957081574,Low (2-10),0.9583602460027634,0.6749739521941847,0.6060269135558164
4486,SRB-9001006.001.Pw10_vs_DMSO,Pw10,G_00058,PG_00058,1.8551022277035187,0.2027391137080582,Single (1),0.5489693455560268,0.03408006979147615,0.14300988885245258
4488,SRB-9001006.001.Pw10_vs_DMSO,Pw10,G_00059,PG_00059,8.237766175053183,0.3669600729862488,Low (2-10),0.4137990656372712,0.06480299105686671,0.34500887786508627
4490,SRB-9001006.001.Pw11_vs_DMSO,Pw11,G_00000,PG_00000,11.880116123705063,0.20161522223193673,Medium (11-25),0.048285724864584156,0.990923287564493,0.9757665076217724
4492,SRB-9001006.001.Pw11_vs_DMSO,Pw11,G_00001,PG_00001,14.116734272252778,0.05248150433378973,Low (2-10),0.6528208025919017,0.2474692281811125,0.09712183374915773
4494,SRB-9001006.001.Pw11_vs_DMSO,Pw11,G_00002,PG_00002,1.556852937723514,0.4888737214949298,Silent,0.56325982775139,0.690990953809527,0.45504582567182084
4496,SRB-9001006.001.Pw11_vs_DMSO,Pw11,G_00003,PG_00003,14.115962776379357,0.5572958522829522,High (>25),0.5822411416174901,0.42773373052888986,0.30095523235653077
4498,SRB-9001006.001.Pw11_vs_DMSO,Pw11,G_00004,PG_00004,19.245682660037268,0.6255786353859201,Medium (11-25),0.27011861440409934,0.4809909180019213,0.018447848789417187
4500,SRB-9001006.001.Pw11_vs_DMSO,Pw11,G_00005,PG_00005,91.45661134188903,0.5517604286972433,Low (2-10),0.7674630382195434,0.05017760679571126,0.9163162205638705
4502,SRB-9001006.001.Pw11_vs_DMSO,Pw11,G_00006,PG_00006,21.904896538893247,0.1518520840858173,Low (2-10),0.882948883864278,0.5833851437777839,0.007544000120507932
4504,SRB-9001006.001.Pw11_vs_DMSO,Pw11,G_00007,PG_00007,17.02714656163454,0.9344558307992566,Silent,0.779978178535399,0.6139560136051365,0.39679270272853406
4506,SRB-9001006.001.Pw11_vs_DMSO,Pw11,G_00008,PG_00008,10.645637209381665,0.8291425273237676,Low (2-10),0.6546181046618225,0.5911377596460357,0.26440658144036366
4508,SRB-9001006.001.Pw11_vs_DMSO,Pw11,G_00009,PG_00009,23.929046580836758,0.5288930880898414,Medium (11-25),0.9427486933965312,0.36115336929291786,0.4186821912484334
4510,SRB-9001006.001.Pw11_vs_DMSO,Pw11,G_00010,PG_00010,10.6564724849345,0.3115014798473681,Single (1),0.8215766299901552,0.13754732148116755,0.9683611082336098
4512,SRB-9001006.001.Pw11_vs_DMSO,Pw11,G_00011,PG_00011,10.312044949430389,0.17158509104287434,Low (2-10),0.20238704879478198,0.3788601474283654,0.25665521683661074
4514,SRB-9001006.001.Pw11_vs_DMSO,Pw11,G_00012,PG_00012,18.089297754475062,0.15276459962561462,Low (2-10),0.5271140663591076,0.17503584506229142,0.755145300486118
4516,SRB-9001006.001.Pw11_vs_DMSO,Pw11,G_00013,PG_00013,8.092865381463325,0.9266312421493214,High (>25),0.25045054670607847,0.29788470033342285,0.7344715417804368
4518,SRB-9001006.001.Pw11_vs_DMSO,Pw11,G_00014,PG_00014,9.43639262631153,0.9454791989025222,Low (2-10),0.4204417882650179,0.8452825832636587,0.2934604017630077
4520,SRB-9001006.001.Pw11_vs_DMSO,Pw11,G_00015,PG_00015,43.76534837333982,0.8088352314381981,Silent,0.25501801016300163,0.31850501938231135,0.6457433455933208
4522,SRB-9001006.001.Pw11_vs_DMSO,Pw11,G_00016,PG_00016,50.67423928534877,0.4622736555311141,High (>25),0.910228212138401,0.04295312534202578,0.8162629505241599
4524,SRB-9001006.001.Pw11_vs_DMSO,Pw11,G_00017,PG_00017,21.85034341205294,0.9473358077842691,Low (2-10),0.4165212918210124,0.40341953874128567,0.7788920798869688
4526,SRB-9001006.001.Pw11_vs_DMSO,Pw11,G_00018,PG_00018,2.107729684668452,0.5013240004558325,Medium (11-25),0.22374857132844328,0.5086601726298957,0.07873913656679887
4528,SRB-9001006.001.Pw11_vs_DMSO,Pw11,G_00019,PG_00019,3.706932862836171,0.8995594487393039,Low (2-10),0.1781085087359462,0.5683523508564386,0.6019255079044767
4530,SRB-9001006.001.Pw11_vs_DMSO,Pw11,G_00020,PG_00020,6.16290366447585,0.7333498587067876,Silent,0.8465796903769629,0.8588391958909548,0.14489687672859575
4532,SRB-9001006.001.Pw11_vs_DMSO,Pw11,G_00021,PG_00021,23.78833427645608,0.5085653922680055,Low (2-10),0.9912352456320219,0.5560216673908693,0.8196680539217034
4534,SRB-9001006.001.Pw11_vs_DMSO,Pw11,G_00022,PG_00022,8.720048607127943,0.4411090249532481,Single (1),0.7601306824425899,0.34087930855245574,0.18470292640038144
4536,SRB-9001006.001.Pw11_vs_DMSO,Pw11,G_00023,PG_00023,4.385880059617623,0.04201571096909551,High (>25),0.0012133694986402599,0.8228395923590769,0.4540408612900214
4538,SRB-9001006.001.Pw11_vs_DMSO,Pw11,G_00024,PG_00024,16.85557287660185,0.44124000385756423,Silent,0.3586877758422481,0.4786081087096695,0.8754477338527723
4540,SRB-9001006.001.Pw11_vs_DMSO,Pw11,G_00025,PG_00025,8.566060815540183,0.5209035821902985,Medium (11-25),0.19755424303510982,0.15868805433611266,0.0685747026066047
4542,SRB-9001006.001.Pw11_vs_DMSO,Pw11,G_00026,PG_00026,191.63673595819876,0.9682966296643467,Silent,0.3800173944731934,0.4618895197858912,0.49560878454934276
4544,SRB-9001006.001.Pw11_vs_DMSO,Pw11,G_00027,PG_00027,13.525361333337404,0.7660886578477611,Medium (11-25),0.8863857754601054,0.9856329850051943,0.42988303235196235
4546,SRB-9001006.001.Pw11_vs_DMSO,Pw11,G_00028,PG_00028,13.567877466597363,0.7566783721499465,Single (1),0.812326664646028,0.20843383112855907,0.3049688836175446
4548,SRB-9001006.001.Pw11_vs_DMSO,Pw11,G_00029,PG_00029,0.29937760281900694,0.1304444981144246,Single (1),0.32534587149568595,0.2227946628009353,0.8977365540145253
4550,SRB-9001006.001.Pw11_vs_DMSO,Pw11,G_00030,PG_00030,0.1904720013559342,0.5158713893087097,Medium (11-25),0.6359108132676875,0.16998261211649357,0.3904617039692959
4552,SRB-9001006.001.Pw11_vs_DMSO,Pw11,G_00031,PG_00031,3.929952699437301,0.37811101298949923,Silent,0.45559051331402367,0.9964231855988315,0.5638002950335422
4554,SRB-9001006.001.Pw11_vs_DMSO,Pw11,G_00032,PG_00032,27.86662638096854,0.3538121925757226,Single (1),0.5558655949862906,0.753190274303191,0.9085355315900949
4556,SRB-9001006.001.Pw11_vs_DMSO,Pw11,G_00033,PG_00033,0.6146825123464881,0.5602722176710565,Medium (11-25),0.04469698576813641,0.261462273788337,0.44494758227326203
4558,SRB-9001006.001.Pw11_vs_DMSO,Pw11,G_00034,PG_00034,4.607440659143387,0.5351771081756067,High (>25),0.1699443125943415,0.9641969721357195,0.694202038911494
4560,SRB-9001006.001.Pw11_vs_DMSO,Pw11,G_00035,PG_00035,25.895354244906933,0.3299936107805411,High (>25),0.3088183169909955,0.7060713865943853,0.46843080940090565
4562,SRB-9001006.001.Pw11_vs_DMSO,Pw11,G_00036,PG_00036,4.849083195927685,0.40924355850928906,Medium (11-25),0.9808389142144811,0.36123716789595683,0.13046769382045953
4564,SRB-9001006.001.Pw11_vs_DMSO,Pw11,G_00037,PG_00037,27.250348626348597,0.01279881245416814,Low (2-10),0.638170939066191,0.18789638320472946,0.04946591753849883
4566,SRB-9001006.001.Pw11_vs_DMSO,Pw11,G_00038,PG_00038,31.80928706463384,0.12200948300907566,Silent,0.32808659582371713,0.6567482505958402,0.13729732290803542
4568,SRB-9001006.001.Pw11_vs_DMSO,Pw11,G_00039,PG_00039,10.06261602525268,0.15787146653482187,High (>25),0.17753244376582888,0.7407235835065203,0.4335844159629356
4570,SRB-9001006.001.Pw11_vs_DMSO,Pw11,G_00040,PG_00040,15.070286829117208,0.892087294663901,High (>25),0.1063879055465029,0.16396999171784132,0.23837698988608758
4572,SRB-9001006.001.Pw11_vs_DMSO,Pw11,G_00041,PG_00041,1.193469959085537,0.9806082997239168,Single (1),0.9586446559822902,0.7556364900928095,0.9861420328189902
4574,SRB-9001006.001.Pw11_vs_DMSO,Pw11,G_00042,PG_00042,22.78813606674899,0.3262307897427311,Medium (11-25),0.21408170051687292,0.29961258042879624,0.5487856833255147
4576,SRB-9001006.001.Pw11_vs_DMSO,Pw11,G_00043,PG_00043,1.2113758349031163,0.794661074481479,Single (1),0.5753352018855021,0.144341573548742,0.6887525027907512
4578,SRB-9001006.001.Pw11_vs_DMSO,Pw11,G_00044,PG_00044,17.776889569184817,0.7700333651716385,High (>25),0.6555969027902521,0.4929710641271625,0.41180070709614724
4580,SRB-9001006.001.Pw11_vs_DMSO,Pw11,G_00045,PG_00045,2.530649567511273,0.35175312099397826,High (>25),0.6401167045267044,0.16718272319740235,0.8537726742922619
4582,SRB-9001006.001.Pw11_vs_DMSO,Pw11,G_00046,PG_00046,3.231013101631224,0.5745671335882881,High (>25),0.8192802452218433,0.4168056656625193,0.7075189860371436
4584,SRB-9001006.001.Pw11_vs_DMSO,Pw11,G_00047,PG_00047,3.2356569348574213,0.49896401610237484,High (>25),0.9883648938385939,0.2517805172160025,0.1628705326846157
4586,SRB-9001006.001.Pw11_vs_DMSO,Pw11,G_00048,PG_00048,1.6957217172585486,0.5817801313575093,Silent,0.2238935267815455,0.001544685582869465,0.9001763182962019
4588,SRB-9001006.001.Pw11_vs_DMSO,Pw11,G_00049,PG_00049,6.512503839258256,0.7851238357176241,Single (1),0.7605209198269446,0.27446862125799043,0.8447236366117163
4590,SRB-9001006.001.Pw11_vs_DMSO,Pw11,G_00050,PG_00050,3.4015449644779325,0.9984791070610028,Single (1),0.9552821182496323,0.07084582435555653,0.20526796467568564
4592,SRB-9001006.001.Pw11_vs_DMSO,Pw11,G_00051,PG_00051,3.6418102896112625,0.21822044077453395,Silent,0.5547356687512933,0.4194750295817592,0.874082798737964
4594,SRB-9001006.001.Pw11_vs_DMSO,Pw11,G_00052,PG_00052,7.165842114179758,0.8785838369912141,Single (1),0.43499987409594476,0.20797155507346432,0.014074166909396335
4596,SRB-9001006.001.Pw11_vs_DMSO,Pw11,G_00053,PG_00053,10.506791881853687,0.11082117251843215,Silent,0.27407163364434917,0.6256852204320491,0.5141817755340391
4598,SRB-9001006.001.Pw11_vs_DMSO,Pw11,G_00054,PG_00054,4.947914974630612,0.7068021134549258,High (>25),0.16266120770263204,0.8568693470779369,0.20189615073904132
4600,SRB-9001006.001.Pw11_vs_DMSO,Pw11,G_00055,PG_00055,5.9681691605294525,0.9774161835282448,Silent,0.5988794075881722,0.28451316182757913,0.369212653480153
4602,SRB-9001006.001.Pw11_vs_DMSO,Pw11,G_00056,PG_00056,0.3041731224907155,0.19048931323888785,Silent,0.032969521275393765,0.8535982399155566,0.34315511473905524
4604,SRB-9001006.001.Pw11_vs_DMSO,Pw11,G_00057,PG_00057,13.848594720457397,0.6073978276489208,Medium (11-25),0.5860502129545092,0.33556523209118194,0.5190638344435382
4606,SRB-9001006.001.Pw11_vs_DMSO,Pw11,G_00058,PG_00058,20.64275557644729,0.515005564027363,Silent,0.7417514993135936,0.4261033156445324,0.22609092305223089
4608,SRB-9001006.001.Pw11_vs_DMSO,Pw11,G_00059,PG_00059,15.602544131593248,0.2582076914805078,High (>25),0.3579509499579253,0.9168859158121017,0.697872382072443
4610,SRB-9001007.001.Pw10_vs_DMSO,Pw10,G_00000,PG_00000,1.5876977049786039,0.5954360265153554,Single (1),0.6892186172628123,0.4404007579146195,0.6360045552304275
4612,SRB-9001007.001.Pw10_vs_DMSO,Pw10,G_00001,PG_00001,20.54854210484438,0.057395499196932764,Medium (11-25),0.7979776533366325,0.042856810219656705,0.30919108310499643
4614,SRB-9001007.001.Pw10_vs_DMSO,Pw10,G_00002,PG_00002,7.377921752245823,0.670202087478973,High (>25),0.13904976490944165,0.14406994063669665,0.6552357051772155
4616,SRB-9001007.001.Pw10_vs_DMSO,Pw10,G_00003,PG_00003,14.583225405584711,0.6148152912993141,Silent,0.0318745376077203,0.605988307099067,0.27404980660289824
4618,SRB-9001007.001.Pw10_vs_DMSO,Pw10,G_00004,PG_00004,1.398096642459586,0.709343098247019,High (>25),0.26835188156959533,0.6017921608652493,0.14109508893576606
4620,SRB-9001007.001.Pw10_vs_DMSO,Pw10,G_00005,PG_00005,19.93868607998935,0.8096937721063145,Silent,0.2933549034311931,0.21761123070814292,0.11998206815133539
4622,SRB-9001007.001.Pw10_vs_DMSO,Pw10,G_00006,PG_00006,2.012413390893887,0.03528292400395894,Silent,0.7713203268650151,0.4945637322268662,0.8814602297787831
4624,SRB-9001007.001.Pw10_vs_DMSO,Pw10,G_00007,PG_00007,12.417813724975021,0.7271161117378662,Low (2-10),0.7059023449700491,0.8243206692817227,0.40044301106054947
4626,SRB-9001007.001.Pw10_vs_DMSO,Pw10,G_00008,PG_00008,13.011416404975593,0.2910902275902748,Single (1),0.09852125911273735,0.9702651167241811,0.8094651265633728
4628,SRB-9001007.001.Pw10_vs_DMSO,Pw10,G_00009,PG_00009,3.775493221985504,0.9740338017972808,Medium (11-25),0.4025556447190528,0.0036548667373282884,0.055500286797552145
4630,SRB-9001007.001.Pw10_vs_DMSO,Pw10,G_00010,PG_00010,4.562313312340733,0.49461711196161784,Single (1),0.008954584216519845,0.22689797316565408,0.4103833733829616
4632,SRB-9001007.001.Pw10_vs_DMSO,Pw10,G_00011,PG_00011,32.73883523722601,0.4355996641807861,High (>25),0.03318805273955061,0.3835933576438352,0.6930532569597642
4634,SRB-9001007.001.Pw10_vs_DMSO,Pw10,G_00012,PG_00012,9.74756660510755,0.7386404354740828,High (>25),0.3840620355051816,0.20597439961950792,0.7343471678445402
4636,SRB-9001007.001.Pw10_vs_DMSO,Pw10,G_00013,PG_00013,0.8854087358819772,0.4814307266394533,High (>25),0.16962935128691847,0.9835049790459276,0.7932769800528349
4638,SRB-9001007.001.Pw10_vs_DMSO,Pw10,G_00014,PG_00014,5.233300303887799,0.08131594784938845,Low (2-10),0.5424994023120983,0.7824363670121672,0.25438185987927064
4640,SRB-9001007.001.Pw10_vs_DMSO,Pw10,G_00015,PG_00015,3.934684755936151,0.03104455029647124,High (>25),0.6392007915861336,0.4958138990913651,0.14154568343641039
4642,SRB-9001007.001.Pw10_vs_DMSO,Pw10,G_00016,PG_00016,3.8369252637768074,0.863788588962153,Single (1),0.6773632955192314,0.5698447918631728,0.1585084164040046
4644,SRB-9001007.001.Pw10_vs_DMSO,Pw10,G_00017,PG_00017,31.88774175747647,0.07965698859838632,Medium (11-25),0.38840812983428197,0.10374142656805074,0.5794748275398471
4646,SRB-9001007.001.Pw10_vs_DMSO,Pw10,G_00018,PG_00018,5.5077111352366686,0.8937275232714386,Single (1),0.13533728296633796,0.7307156145630483,0.8731020082560181
4648,SRB-9001007.001.Pw10_vs_DMSO,Pw10,G_00019,PG_00019,5.312014563243739,0.03447114512446581,Medium (11-25),0.2237703572631522,0.5515018125806983,0.17551625300172213
4650,SRB-9001007.001.Pw10_vs_DMSO,Pw10,G_00020,PG_00020,6.272767676722486,0.774961296641598,Low (2-10),0.822010121355084,0.43813224608596646,0.922152623287298
4652,SRB-9001007.001.Pw10_vs_DMSO,Pw10,G_00021,PG_00021,42.106370016973344,0.9914179406368083,Medium (11-25),0.4552381271496998,0.4254503796279284,0.3832732035941635
4654,SRB-9001007.001.Pw10_vs_DMSO,Pw10,G_00022,PG_00022,5.306671458913959,0.17523698656631082,Medium (11-25),0.315193653160485,0.2540339840717385,0.6182600353594618
4656,SRB-9001007.001.Pw10_vs_DMSO,Pw10,G_00023,PG_00023,152.01425578382273,0.49402726003619557,Low (2-10),0.577683448235364,0.36578327258890064,0.20405711022047945
4658,SRB-9001007.001.Pw10_vs_DMSO,Pw10,G_00024,PG_00024,1.4055827739298448,0.2890106999090757,Medium (11-25),0.983996941700944,0.18337843390854458,0.3722340608662046
4660,SRB-9001007.001.Pw10_vs_DMSO,Pw10,G_00025,PG_00025,14.069386734946765,0.5749258375136564,Single (1),0.4671299076912413,0.4576096791519566,0.3982689245495695
4662,SRB-9001007.001.Pw10_vs_DMSO,Pw10,G_00026,PG_00026,21.63122556844498,0.4576765590114319,Medium (11-25),0.24988476942887117,0.08931188147634661,0.002061999100179901
4664,SRB-9001007.001.Pw10_vs_DMSO,Pw10,G_00027,PG_00027,6.240730326072378,0.9137501844194136,High (>25),0.623317547813728,0.28667807783617827,0.03439304950862998
4666,SRB-9001007.001.Pw10_vs_DMSO,Pw10,G_00028,PG_00028,38.25186798110137,0.8335014325245887,Single (1),0.22517769177426905,0.23839146239884934,0.8169249482169184
4668,SRB-9001007.001.Pw10_vs_DMSO,Pw10,G_00029,PG_00029,0.6868710973466055,0.047153943502488804,High (>25),0.6608212055431143,0.6022575308743829,0.013388041821879249
4670,SRB-9001007.001.Pw10_vs_DMSO,Pw10,G_00030,PG_00030,23.83001257333201,0.3801405761087592,Low (2-10),0.35261518484199406,0.11055323229434677,0.7831017931373998
4672,SRB-9001007.001.Pw10_vs_DMSO,Pw10,G_00031,PG_00031,4.661062502800181,0.48013756090056103,High (>25),0.9648913629044416,0.37723523944309423,0.25056229348946657
4674,SRB-9001007.001.Pw10_vs_DMSO,Pw10,G_00032,PG_00032,15.697493446534027,0.5689868555786582,Low (2-10),0.907891707590411,0.6098064028169184,0.5965953754795132
4676,SRB-9001007.001.Pw10_vs_DMSO,Pw10,G_00033,PG_00033,11.254587926968497,0.27407646450749357,High (>25),0.7518240880087665,0.5058160080838893,0.4514366151537226
4678,SRB-9001007.001.Pw10_vs_DMSO,Pw10,G_00034,PG_00034,5.64087944739616,0.5609491122354533,Single (1),0.8902815036056944,0.012105868005642062,0.8873836644555106
4680,SRB-9001007.001.Pw10_vs_DMSO,Pw10,G_00035,PG_00035,0.43084844948162737,0.7329088361956699,Single (1),0.6749041242279539,0.10572167824608458,0.04194253344107912
4682,SRB-9001007.001.Pw10_vs_DMSO,Pw10,G_00036,PG_00036,8.696982623179355,0.8169433281663373,Silent,0.3241237394523574,0.31500232307876863,0.21149492412306092
4684,SRB-9001007.001.Pw10_vs_DMSO,Pw10,G_00037,PG_00037,0.0007157012906408418,0.7209795375224751,Low (2-10),0.3034131435886741,0.9432931860529888,0.12180679075038525
4686,SRB-9001007.001.Pw10_vs_DMSO,Pw10,G_00038,PG_00038,34.43444434729871,0.6319748207378301,High (>25),0.031336045454382955,0.7722584366078978,0.27269323503220344
4688,SRB-9001007.001.Pw10_vs_DMSO,Pw10,G_00039,PG_00039,13.772626945865273,0.9064436140495553,Medium (11-25),0.848856122023352,0.48240134287962577,0.6997620795831859
4690,SRB-9001007.001.Pw10_vs_DMSO,Pw10,G_00040,PG_00040,14.84859708734097,0.5202161270721924,High (>25),0.7440837802990573,0.9849829283739511,0.22342394580508507
4692,SRB-9001007.001.Pw10_vs_DMSO,Pw10,G_00041,PG_00041,31.315188944483044,0.17945123433939103,Low (2-10),0.19174909446014599,0.7325139632499407,0.9226988617543367
4694,SRB-9001007.001.Pw10_vs_DMSO,Pw10,G_00042,PG_00042,4.767151698922897,0.9466490781251765,Silent,0.8406044740598251,0.15702095698221652,0.2657135252115793
4696,SRB-9001007.001.Pw10_vs_DMSO,Pw10,G_00043,PG_00043,8.254147964326721,0.9944389083298191,Low (2-10),0.6766171139840642,0.21725562662585673,0.42587364386619764
4698,SRB-9001007.001.Pw10_vs_DMSO,Pw10,G_00044,PG_00044,8.807390255375468,0.440795183302259,Single (1),0.10393813661885076,0.227651633278404,0.6964968737237801
4700,SRB-9001007.001.Pw10_vs_DMSO,Pw10,G_00045,PG_00045,19.31123994254807,0.9540080790271086,Medium (11-25),0.31080373856385823,0.8284709598442233,0.31029383402139654
4702,SRB-9001007.001.Pw10_vs_DMSO,Pw10,G_00046,PG_00046,22.557104213575677,0.7411722157471556,Silent,0.6195592109965087,0.93552105127182,0.8848912826493198
4704,SRB-9001007.001.Pw10_vs_DMSO,Pw10,G_00047,PG_00047,16.377529692600906,0.8950787656856518,Medium (11-25),0.5087657890434898,0.8406699726629193,0.8364468478718037
4706,SRB-9001007.001.Pw10_vs_DMSO,Pw10,G_00048,PG_00048,15.4080174073337,0.19299715168420528,Low (2-10),0.18251991216954255,0.15625954626703398,0.5325321658871444
4708,SRB-9001007.001.Pw10_vs_DMSO,Pw10,G_00049,PG_00049,15.80104813514529,0.13609997206951252,Medium (11-25),0.5053062271924514,0.15995577733575195,0.5296222226079625
4710,SRB-9001007.001.Pw10_vs_DMSO,Pw10,G_00050,PG_00050,9.027603711320928,0.5300375510180205,Silent,0.005138439348495671,0.026540414215353803,0.8841366464670453
4712,SRB-9001007.001.Pw10_vs_DMSO,Pw10,G_00051,PG_00051,52.24271430765898,0.4500535611337053,Single (1),0.894487877485013,0.1664591759850681,0.9555717835758465
4714,SRB-9001007.001.Pw10_vs_DMSO,Pw10,G_00052,PG_00052,9.82024880787599,0.11323566149776754,Silent,0.0764248367791307,0.9693298088107626,0.7811330612875499
4716,SRB-9001007.001.Pw10_vs_DMSO,Pw10,G_00053,PG_00053,19.662747300038593,0.6661936143206776,Silent,0.05719375179077202,0.7471868550179889,0.8864227055897123
4718,SRB-9001007.001.Pw10_vs_DMSO,Pw10,G_00054,PG_00054,8.708127071928855,0.11240442868108913,Low (2-10),0.2829645214108719,0.5944224460792752,0.2334144431946379
4720,SRB-9001007.001.Pw10_vs_DMSO,Pw10,G_00055,PG_00055,48.225663410471086,0.1654896805580387,Silent,0.9962393458847412,0.07569185193885675,0.35681198032023775
4722,SRB-9001007.001.Pw10_vs_DMSO,Pw10,G_00056,PG_00056,23.7758339806322,0.6560022800707139,Medium (11-25),0.8351045774768742,0.5604411087359429,0.043372028118021655
4724,SRB-9001007.001.Pw10_vs_DMSO,Pw10,G_00057,PG_00057,2.4070560085757324,0.5736171409536268,Single (1),0.9862243745324245,0.20871244992543359,0.6760133389369598
4726,SRB-9001007.001.Pw10_vs_DMSO,Pw10,G_00058,PG_00058,3.4610622170440326,0.22927818069704142,High (>25),0.39852862549765566,0.13139816599978815,0.7744321398788105
4728,SRB-9001007.001.Pw10_vs_DMSO,Pw10,G_00059,PG_00059,0.043417132088520494,0.1471200256802272,Single (1),0.2798757226219576,0.3672954697203793,0.6295090374454768
4730,SRB-9001007.001.Pw11_vs_DMSO,Pw11,G_00000,PG_00000,1.728828781079928,0.7133056157677266,High (>25),0.5393228092506019,0.017147887572638187,0.4492721033028405
4732,SRB-9001007.001.Pw11_vs_DMSO,Pw11,G_00001,PG_00001,6.825217034210431,0.5176677997704408,Low (2-10),0.011253944260292692,0.6559637852460112,0.09825759647403098
4734,SRB-9001007.001.Pw11_vs_DMSO,Pw11,G_00002,PG_00002,3.372192163025521,0.8955317972887821,High (>25),0.1761122231466118,0.0697749701122159,0.7909649659349319
4736,SRB-9001007.001.Pw11_vs_DMSO,Pw11,G_00003,PG_00003,3.4194248594221284,0.26104838730580926,Silent,0.7512690945769224,0.3964777301337652,0.96540428561984
4738,SRB-9001007.001.Pw11_vs_DMSO,Pw11,G_00004,PG_00004,32.43946032568413,0.7155748497236254,Medium (11-25),0.8600471662208715,0.6661401630923669,0.046123767621956135
4740,SRB-9001007.001.Pw11_vs_DMSO,Pw11,G_00005,PG_00005,6.387973167659329,0.5438874415462087,High (>25),0.24384003680806055,0.5995048368149204,0.773866579405327
4742,SRB-9001007.001.Pw11_vs_DMSO,Pw11,G_00006,PG_00006,3.274450676768887,0.30933923587235246,Medium (11-25),0.757042112840921,0.5675317046328303,0.6983225446444038
4744,SRB-9001007.001.Pw11_vs_DMSO,Pw11,G_00007,PG_00007,1.0801896649476594,0.3880437469661697,Medium (11-25),0.5014246334102727,0.3714927554219847,0.26945775638541136
4746,SRB-9001007.001.Pw11_vs_DMSO,Pw11,G_00008,PG_00008,11.742353236820174,0.29396479399907394,Single (1),0.48240489620399285,0.060197925582586076,0.4080100299599645
4748,SRB-9001007.001.Pw11_vs_DMSO,Pw11,G_00009,PG_00009,8.353129041168344,0.49219523147769506,High (>25),0.1612641758643495,0.624759828335619,0.9529022326636954
4750,SRB-9001007.001.Pw11_vs_DMSO,Pw11,G_00010,PG_00010,23.874354901811238,0.7673515309668513,Single (1),0.9886465524725064,0.49749560932968795,0.36181290516836695
4752,SRB-9001007.001.Pw11_vs_DMSO,Pw11,G_00011,PG_00011,1.1098141728084703,0.8785563573319634,Medium (11-25),0.6077754091336658,0.04743749486430271,0.457210761211424
4754,SRB-9001007.001.Pw11_vs_DMSO,Pw11,G_00012,PG_00012,11.881714276843816,0.6616334464112257,Low (2-10),0.497674484940428,0.06708810720097802,0.4703928746904751
4756,SRB-9001007.001.Pw11_vs_DMSO,Pw11,G_00013,PG_00013,13.900397904714183,0.6637977615710596,Single (1),0.1989435199381301,0.25346644759995207,0.7839863764457015
4758,SRB-9001007.001.Pw11_vs_DMSO,Pw11,G_00014,PG_00014,5.499371193252733,0.5527127193768111,Single (1),0.3046862860130145,0.5198082920727063,0.1331401297311321
4760,SRB-9001007.001.Pw11_vs_DMSO,Pw11,G_00015,PG_00015,3.875790816576094,0.4850153389493619,Low (2-10),0.23723715890737795,0.40990191123291086,0.379253886274868
4762,SRB-9001007.001.Pw11_vs_DMSO,Pw11,G_00016,PG_00016,19.854658976482867,0.11351963764317763,Medium (11-25),0.42057220184700994,0.9013588444686021,0.6615601116994202
4764,SRB-9001007.001.Pw11_vs_DMSO,Pw11,G_00017,PG_00017,27.086794024794905,0.9520089099664354,High (>25),0.7370176079534722,0.5824791724261027,0.32448464437043945
4766,SRB-9001007.001.Pw11_vs_DMSO,Pw11,G_00018,PG_00018,8.324766436119987,0.11880775989593062,Silent,0.9349788142779694,0.9665695198662394,0.9488331928772866
4768,SRB-9001007.001.Pw11_vs_DMSO,Pw11,G_00019,PG_00019,11.650887327627713,0.27494180275722235,Silent,0.8693167206309781,0.26555121136999826,0.43085180089816444
4770,SRB-9001007.001.Pw11_vs_DMSO,Pw11,G_00020,PG_00020,2.7176980039268295,0.509697294814299,High (>25),0.9920879870103222,0.20107168701869027,0.530125485572293
4772,SRB-9001007.001.Pw11_vs_DMSO,Pw11,G_00021,PG_00021,6.540453356060645,0.3308574977605485,High (>25),0.12696055994763955,0.6218516861880887,0.4627550572434592
4774,SRB-9001007.001.Pw11_vs_DMSO,Pw11,G_00022,PG_00022,16.202416528910334,0.8560089519774462,Medium (11-25),0.9134751750172013,0.398337645316997,0.6314232849860898
4776,SRB-9001007.001.Pw11_vs_DMSO,Pw11,G_00023,PG_00023,5.38178741378883,0.9702645906332528,High (>25),0.4224431543323125,0.32245238878036686,0.9203926901407395
4778,SRB-9001007.001.Pw11_vs_DMSO,Pw11,G_00024,PG_00024,26.803013410164475,0.27684484142208765,High (>25),0.5588712484568957,0.744589539118125,0.31177228911675336
4780,SRB-9001007.001.Pw11_vs_DMSO,Pw11,G_00025,PG_00025,3.73067883637537,0.6857549178089213,High (>25),0.46530999228969405,0.0902402364606193,0.2226931840387011
4782,SRB-9001007.001.Pw11_vs_DMSO,Pw11,G_00026,PG_00026,23.18014496746806,0.09090195755165087,Medium (11-25),0.12072288965156286,0.7527521274198047,0.6494809534766697
4784,SRB-9001007.001.Pw11_vs_DMSO,Pw11,G_00027,PG_00027,2.345879565117197,0.06458968001222021,Low (2-10),0.8778084304594174,0.9965494048209443,0.2591440029687977
4786,SRB-9001007.001.Pw11_vs_DMSO,Pw11,G_00028,PG_00028,9.131382331088165,0.3987109851151833,Low (2-10),0.7515435050034618,0.07869556481246287,0.07471131939612496
4788,SRB-9001007.001.Pw11_vs_DMSO,Pw11,G_00029,PG_00029,6.5069650438238895,0.7122120480399704,High (>25),0.6905916370953539,0.6279557170055405,0.1740926391355222
4790,SRB-9001007.001.Pw11_vs_DMSO,Pw11,G_00030,PG_00030,51.33706514652184,0.8812704516736436,Medium (11-25),0.04849882739658029,0.39186627541194363,0.3842241814235342
4792,SRB-9001007.001.Pw11_vs_DMSO,Pw11,G_00031,PG_00031,16.547222455100314,0.36065778007038307,High (>25),0.40929056769650063,0.576299665308422,0.502477759662145
4794,SRB-9001007.001.Pw11_vs_DMSO,Pw11,G_00032,PG_00032,8.919712927399738,0.6037301596769976,Silent,0.2735385093461451,0.48292368962729193,0.6009241630476627
4796,SRB-9001007.001.Pw11_vs_DMSO,Pw11,G_00033,PG_00033,1.3610519602686633,0.023615241659589392,High (>25),0.27260776698570455,0.656170823834721,0.19218336340424347
4798,SRB-9001007.001.Pw11_vs_DMSO,Pw11,G_00034,PG_00034,12.404327161010313,0.5226442611938472,Low (2-10),0.4589297162073527,0.107705012107156,0.9701863847491928
4800,SRB-9001007.001.Pw11_vs_DMSO,Pw11,G_00035,PG_00035,1.6223628597930146,0.48181124043595724,High (>25),0.016252968732672568,0.3935599558129851,0.6346131362395453
4802,SRB-9001007.001.Pw11_vs_DMSO,Pw11,G_00036,PG_00036,32.34455907381506,0.4869136060976742,Silent,0.7070757919145104,0.8972319637331831,0.027819420260198346
4804,SRB-9001007.001.Pw11_vs_DMSO,Pw11,G_00037,PG_00037,2.666940329303853,0.4914704366071586,Medium (11-25),0.4011273837533893,0.27287040217191105,0.5532632983314869
4806,SRB-9001007.001.Pw11_vs_DMSO,Pw11,G_00038,PG_00038,2.1855511520281543,0.3563514821358118,Low (2-10),0.3268349346016304,0.25580348033136735,0.09448774232899104
4808,SRB-9001007.001.Pw11_vs_DMSO,Pw11,G_00039,PG_00039,12.08439910971255,0.008960992103398069,High (>25),0.15580217547304887,0.009451370388976033,0.8944659512900038
4810,SRB-9001007.001.Pw11_vs_DMSO,Pw11,G_00040,PG_00040,12.34571784146291,0.5062069120233286,Medium (11-25),0.8903095381627301,0.29485502234666694,0.2850812909904412
4812,SRB-9001007.001.Pw11_vs_DMSO,Pw11,G_00041,PG_00041,10.052376730611755,0.8505937228267907,Silent,0.4147047405950015,0.43080699951161594,0.6263890605790279
4814,SRB-9001007.001.Pw11_vs_DMSO,Pw11,G_00042,PG_00042,15.844260279861423,0.014210117115676768,Low (2-10),0.8019469001291158,0.22106761870932423,0.49361940300749807
4816,SRB-9001007.001.Pw11_vs_DMSO,Pw11,G_00043,PG_00043,8.171877330664252,0.39290740299430926,Single (1),0.33751516385107183,0.7744815598837381,0.2060055492418349
4818,SRB-9001007.001.Pw11_vs_DMSO,Pw11,G_00044,PG_00044,6.413676294970389,0.9647587622633497,Single (1),0.7756437383395275,0.5634917783475567,0.3060009351357683
4820,SRB-9001007.001.Pw11_vs_DMSO,Pw11,G_00045,PG_00045,19.930977095530935,0.7347127941049764,Low (2-10),0.4667998758878664,0.1537368472325673,0.0629046503770746
4822,SRB-9001007.001.Pw11_vs_DMSO,Pw11,G_00046,PG_00046,10.87946727377156,0.21387412353424995,Single (1),0.11912604905269064,0.6959545848521123,0.2558944295279748
4824,SRB-9001007.001.Pw11_vs_DMSO,Pw11,G_00047,PG_00047,3.455698572329257,0.32769949368796747,High (>25),0.9202005028632482,0.4567993991628124,0.1584641493915202
4826,SRB-9001007.001.Pw11_vs_DMSO,Pw11,G_00048,PG_00048,1.480717942749231,0.3655953871498391,Low (2-10),0.8464837172743623,0.21370584284582916,0.2573544583654013
4828,SRB-9001007.001.Pw11_vs_DMSO,Pw11,G_00049,PG_00049,23.661469523748742,0.2919584877393201,Silent,0.6248987334955968,0.2487347194467192,0.21537461945158298
4830,SRB-9001007.001.Pw11_vs_DMSO,Pw11,G_00050,PG_00050,23.85917145593455,0.35619507519589944,Medium (11-25),0.33156073344820425,0.7678607354092312,0.29267797144572194
4832,SRB-9001007.001.Pw11_vs_DMSO,Pw11,G_00051,PG_00051,0.4048231417647271,0.3079096679965799,Single (1),0.8626308847849279,0.621426335696259,0.022857277352657968
4834,SRB-9001007.001.Pw11_vs_DMSO,Pw11,G_00052,PG_00052,3.549168949529751,0.5602877938184208,High (>25),0.544627953725459,0.5537136905853917,0.4918609818710382
4836,SRB-9001007.001.Pw11_vs_DMSO,Pw11,G_00053,PG_00053,4.763442575295136,0.4667935344093206,Low (2-10),0.561008800604094,0.5240081022414613,0.5351880866276696
4838,SRB-9001007.001.Pw11_vs_DMSO,Pw11,G_00054,PG_00054,2.037782682986028,0.33583960104399946,Silent,0.9357674924424974,0.7731249509038266,0.14180042391379066
4840,SRB-9001007.001.Pw11_vs_DMSO,Pw11,G_00055,PG_00055,0.7021779230707654,0.10214023482687007,High (>25),0.16483132170898618,0.5999045539377064,0.6589869611368429
4842,SRB-9001007.001.Pw11_vs_DMSO,Pw11,G_00056,PG_00056,2.734456016221926,0.2542819484742114,Low (2-10),0.6040868190539115,0.7647893350761169,0.8386361398631251
4844,SRB-9001007.001.Pw11_vs_DMSO,Pw11,G_00057,PG_00057,3.7974269930749207,0.9114548028671091,High (>25),0.04161881610664886,0.1935384966265521,0.6287865219851209
4846,SRB-9001007.001.Pw11_vs_DMSO,Pw11,G_00058,PG_00058,2.152003871959576,0.8053791597749116,Single (1),0.6563991220351654,0.04631845859044548,0.3231626453620633
4848,SRB-9001007.001.Pw11_vs_DMSO,Pw11,G_00059,PG_00059,30.248352675460517,0.5935762653546992,Medium (11-25),0.25951737491088045,0.7448685290003607,0.9312064772196236
4850,SRB-9001008.001.Pw10_vs_DMSO,Pw10,G_00000,PG_00000,2.4287197142910646,0.17473738535373673,High (>25),0.4199255771291507,0.1576572406446891,0.9563277133352676
4852,SRB-9001008.001.Pw10_vs_DMSO,Pw10,G_00001,PG_00001,5.4624220830503605,0.7079775010838204,Low (2-10),0.22441327292813806,0.5853524947902353,0.5526834632539895
4854,SRB-9001008.001.Pw10_vs_DMSO,Pw10,G_00002,PG_00002,10.211419777127483,0.5655720408959727,Silent,0.8013991151651284,0.9777439800951722,0.02658921212013421
4856,SRB-9001008.001.Pw10_vs_DMSO,Pw10,G_00003,PG_00003,5.253976938577304,0.24814119271122037,Silent,0.8658406666208293,0.8568471631593781,0.816435896138672
4858,SRB-9001008.001.Pw10_vs_DMSO,Pw10,G_00004,PG_00004,9.71619271926412,0.35955632580491936,Low (2-10),0.6265201917021465,0.07059158057261083,0.38477612784919646
4860,SRB-9001008.001.Pw10_vs_DMSO,Pw10,G_00005,PG_00005,10.218730579969192,0.0934834554481111,Low (2-10),0.005144149295277511,0.09359077849292097,0.2298819894157592
4862,SRB-9001008.001.Pw10_vs_DMSO,Pw10,G_00006,PG_00006,5.817190984320925,0.28049818880984534,Single (1),0.48441123252306906,0.6927734831879349,0.9434003108565089
4864,SRB-9001008.001.Pw10_vs_DMSO,Pw10,G_00007,PG_00007,0.7676544753672598,0.11099887725871793,High (>25),0.19286323138481443,0.8540318296599007,0.11169491034342893
4866,SRB-9001008.001.Pw10_vs_DMSO,Pw10,G_00008,PG_00008,0.033527165771080725,0.8133150502220168,Low (2-10),0.6237084591915135,0.29727567286579704,0.5991123165534402
4868,SRB-9001008.001.Pw10_vs_DMSO,Pw10,G_00009,PG_00009,36.00463013772448,0.4005296626470556,Single (1),0.45195645343384594,0.10518849828141841,0.30705129558280286
4870,SRB-9001008.001.Pw10_vs_DMSO,Pw10,G_00010,PG_00010,7.9141742627299205,0.8061698506668535,Medium (11-25),0.999915779132624,0.05405665705479423,0.15935217592476325
4872,SRB-9001008.001.Pw10_vs_DMSO,Pw10,G_00011,PG_00011,25.4405832091703,0.5669917209901552,Silent,0.340425464105929,0.11386332200585092,0.48763590718451755
4874,SRB-9001008.001.Pw10_vs_DMSO,Pw10,G_00012,PG_00012,23.547967428895284,0.8155892138623736,Medium (11-25),0.19572856072031453,0.7909683252584166,0.2801434133074123
4876,SRB-9001008.001.Pw10_vs_DMSO,Pw10,G_00013,PG_00013,34.90372482376224,0.8620171994029953,Single (1),0.4764341484251544,0.6194988761773699,0.22790654917470765
4878,SRB-9001008.001.Pw10_vs_DMSO,Pw10,G_00014,PG_00014,2.126942364911363,0.49688845374944113,Silent,0.467673475632826,0.24290291526229912,0.8248446798400354
4880,SRB-9001008.001.Pw10_vs_DMSO,Pw10,G_00015,PG_00015,7.772631953444897,0.6985229552776079,Single (1),0.25069997420159973,0.7281118964728087,0.5281542481497786
4882,SRB-9001008.001.Pw10_vs_DMSO,Pw10,G_00016,PG_00016,14.299964361849684,0.7041938795905448,Low (2-10),0.8738518819545325,0.019188746885249075,0.5553645089586755
4884,SRB-9001008.001.Pw10_vs_DMSO,Pw10,G_00017,PG_00017,0.47640601379815645,0.6292592846518881,Single (1),0.3454900394332808,0.4976942782347853,0.8894698240852221
4886,SRB-9001008.001.Pw10_vs_DMSO,Pw10,G_00018,PG_00018,42.79039097485762,0.6524096766033562,High (>25),0.4144263608100497,0.8380428409555666,0.3408030107733475
4888,SRB-9001008.001.Pw10_vs_DMSO,Pw10,G_00019,PG_00019,0.3369251690617021,0.39791980784988945,Single (1),0.02721627246839131,0.8121837167509289,0.24121031420975736
4890,SRB-9001008.001.Pw10_vs_DMSO,Pw10,G_00020,PG_00020,0.37385885839129396,0.83782097964792,Single (1),0.4877695460994288,0.7923175730126498,0.7176701283166003
4892,SRB-9001008.001.Pw10_vs_DMSO,Pw10,G_00021,PG_00021,26.385292891864623,0.27247824710065616,Low (2-10),0.5388693048850419,0.9246583675233452,0.9952449546306481
4894,SRB-9001008.001.Pw10_vs_DMSO,Pw10,G_00022,PG_00022,2.81812450654316,0.6197714021263165,Single (1),0.034193122283287525,0.19216373426189715,0.6860496331680602
4896,SRB-9001008.001.Pw10_vs_DMSO,Pw10,G_00023,PG_00023,0.539049966999437,0.22824733554069365,Low (2-10),0.3118788823618194,0.23733013405211756,0.47210559118413875
4898,SRB-9001008.001.Pw10_vs_DMSO,Pw10,G_00024,PG_00024,15.185001856361044,0.06620712717297395,Silent,0.6546489539393161,0.2330738386590242,0.38141453782894685
4900,SRB-9001008.001.Pw10_vs_DMSO,Pw10,G_00025,PG_00025,39.16181939388547,0.16420698356920715,Medium (11-25),0.1146409327903285,0.4582936254639921,0.41258396021940114
4902,SRB-9001008.001.Pw10_vs_DMSO,Pw10,G_00026,PG_00026,17.27152643727226,0.4149912687137768,Low (2-10),0.8908928852072724,0.008241843156344464,0.07079916675337128
4904,SRB-9001008.001.Pw10_vs_DMSO,Pw10,G_00027,PG_00027,2.137738875001246,0.7199975620923088,High (>25),0.6256450185970271,0.8137430537082515,0.7605567587173679
4906,SRB-9001008.001.Pw10_vs_DMSO,Pw10,G_00028,PG_00028,15.894724135545903,0.06928280524981312,Silent,0.5025370663787914,0.28618271021673325,0.019740563384741727
4908,SRB-9001008.001.Pw10_vs_DMSO,Pw10,G_00029,PG_00029,7.679024996126456,0.3294351971417777,Silent,0.15873077628422616,0.9816514950233151,0.8099498250464916
4910,SRB-9001008.001.Pw10_vs_DMSO,Pw10,G_00030,PG_00030,14.146671619700097,0.3538342330096259,Single (1),0.942571312844888,0.012619736508152846,0.4967962633598617
4912,SRB-9001008.001.Pw10_vs_DMSO,Pw10,G_00031,PG_00031,4.104093120906205,0.3548593565451982,High (>25),0.40916594251554783,0.4787406477069994,0.4448078119774327
4914,SRB-9001008.001.Pw10_vs_DMSO,Pw10,G_00032,PG_00032,7.141738325641112,0.9168847108652456,Medium (11-25),0.9724769641964207,0.12580115862318142,0.25836374255270245
4916,SRB-9001008.001.Pw10_vs_DMSO,Pw10,G_00033,PG_00033,3.461909746263462,0.1005734195626703,High (>25),0.041211760530370456,0.24647835504231874,0.06612834285779179
4918,SRB-9001008.001.Pw10_vs_DMSO,Pw10,G_00034,PG_00034,2.681611313802825,0.7813547457461228,Single (1),0.004021789943313148,0.5842497196080623,0.9497399561085027
4920,SRB-9001008.001.Pw10_vs_DMSO,Pw10,G_00035,PG_00035,15.890846341327908,0.13402610681568605,Medium (11-25),0.9587281940619329,0.004018710721684138,0.17203968492369004
4922,SRB-9001008.001.Pw10_vs_DMSO,Pw10,G_00036,PG_00036,19.793070606757865,0.9093277118693093,Silent,0.0935778331874152,0.3203048636468626,0.4859946199528512
4924,SRB-9001008.001.Pw10_vs_DMSO,Pw10,G_00037,PG_00037,25.419716551623324,0.7393109689187338,Single (1),0.6079510961594984,0.12735620603772313,0.288049200452242
4926,SRB-9001008.001.Pw10_vs_DMSO,Pw10,G_00038,PG_00038,43.39010567333284,0.5296577340779965,Single (1),0.8310773535404478,0.1485412811358925,0.7653016432233235
4928,SRB-9001008.001.Pw10_vs_DMSO,Pw10,G_00039,PG_00039,10.833967679881924,0.5434950765303329,Medium (11-25),0.06114914805731686,0.28606326354050104,0.6776732089787992
4930,SRB-9001008.001.Pw10_vs_DMSO,Pw10,G_00040,PG_00040,18.302025012179687,0.043776323662712335,Medium (11-25),0.7862872627013427,0.5311066106166483,0.3384090535816573
4932,SRB-9001008.001.Pw10_vs_DMSO,Pw10,G_00041,PG_00041,16.697896563993503,0.7619938392361787,Silent,0.3686570841397184,0.7542667400328132,0.47787376415694505
4934,SRB-9001008.001.Pw10_vs_DMSO,Pw10,G_00042,PG_00042,4.65559996122159,0.8758040145180569,Medium (11-25),0.8108649099223721,0.2802433752126292,0.25850079299899986
4936,SRB-9001008.001.Pw10_vs_DMSO,Pw10,G_00043,PG_00043,29.16531694262563,0.16724371177895425,Medium (11-25),0.5728009219405809,0.37906093671390895,0.2382275618749229
4938,SRB-9001008.001.Pw10_vs_DMSO,Pw10,G_00044,PG_00044,3.235804461564156,0.964524562750365,Low (2-10),0.5613384006637895,0.23927508801509045,0.8062193463043555
4940,SRB-9001008.001.Pw10_vs_DMSO,Pw10,G_00045,PG_00045,15.900936259061243,0.03401112792427985,Single (1),0.9147364981634762,0.5460121240197849,0.19033996519798668
4942,SRB-9001008.001.Pw10_vs_DMSO,Pw10,G_00046,PG_00046,17.68388314088415,0.0819430900048621,Medium (11-25),0.9953304482094991,0.29956817624978016,0.0385762921395294
4944,SRB-9001008.001.Pw10_vs_DMSO,Pw10,G_00047,PG_00047,4.3703548864098885,0.2143277685938113,Single (1),0.9703862560471607,0.34596822451577125,0.539197187514342
4946,SRB-9001008.001.Pw10_vs_DMSO,Pw10,G_00048,PG_00048,24.928556330404525,0.325987718505075,Low (2-10),0.6913102248582427,0.3607184882293486,0.8180309546950773
4948,SRB-9001008.001.Pw10_vs_DMSO,Pw10,G_00049,PG_00049,158.96131438314316,0.23167679502015048,Medium (11-25),0.5477764610221504,0.27967653626833555,0.5517025705262981
4950,SRB-9001008.001.Pw10_vs_DMSO,Pw10,G_00050,PG_00050,10.013903955692822,0.43123089826842853,Medium (11-25),0.35826267368999487,0.9481408769571883,0.7010644573352699
4952,SRB-9001008.001.Pw10_vs_DMSO,Pw10,G_00051,PG_00051,5.458115307760066,0.45604533424462323,Single (1),0.7447881631572023,0.8071240124121564,0.6199507480293547
4954,SRB-9001008.001.Pw10_vs_DMSO,Pw10,G_00052,PG_00052,0.6551636723056243,0.25320433545207666,High (>25),0.42519560339417894,0.883052480473754,0.9873424341417628
4956,SRB-9001008.001.Pw10_vs_DMSO,Pw10,G_00053,PG_00053,6.386160079630036,0.2513487334796254,High (>25),0.6495019856576493,0.5570683314847069,0.9535388057737156
4958,SRB-9001008.001.Pw10_vs_DMSO,Pw10,G_00054,PG_00054,2.3753003751317077,0.2660488987676848,Medium (11-25),0.43574127399617024,0.25404746512137033,0.2614045010927063
4960,SRB-9001008.001.Pw10_vs_DMSO,Pw10,G_00055,PG_00055,8.742814777639651,0.2611781611020132,Low (2-10),0.5835159642483366,0.9741365049146741,0.3480822791019502
4962,SRB-9001008.001.Pw10_vs_DMSO,Pw10,G_00056,PG_00056,16.787514063514035,0.3865097621227038,Low (2-10),0.3366622381812121,0.1942982442440031,0.343892194990543
4964,SRB-9001008.001.Pw10_vs_DMSO,Pw10,G_00057,PG_00057,21.264572718593037,0.9264989010211344,Low (2-10),0.20680383335743258,0.23929861365497362,0.006946532970597219
4966,SRB-9001008.001.Pw10_vs_DMSO,Pw10,G_00058,PG_00058,15.141280298005686,0.37499013942249626,Low (2-10),0.7238441035451775,0.4127320600576472,0.4117553900189138
4968,SRB-9001008.001.Pw10_vs_DMSO,Pw10,G_00059,PG_00059,0.6770587443336207,0.9116357731953075,High (>25),0.1049750231304214,0.3891543691581564,0.9965760563764177
4970,SRB-9001008.001.Pw11_vs_DMSO,Pw11,G_00000,PG_00000,8.25306457572449,0.8165481594664501,Low (2-10),0.3958822729965228,0.18866228821622166,0.2266164158523395
4972,SRB-9001008.001.Pw11_vs_DMSO,Pw11,G_00001,PG_00001,17.319997247711612,0.7647469202145828,Medium (11-25),0.5907063482032491,0.6639480034572021,0.8138214240162497
4974,SRB-9001008.001.Pw11_vs_DMSO,Pw11,G_00002,PG_00002,36.34842274593902,0.3262205805154208,Medium (11-25),0.8197049649092387,0.08323643258871682,0.6541661047875057
4976,SRB-9001008.001.Pw11_vs_DMSO,Pw11,G_00003,PG_00003,0.017287533201545226,0.9485568664157285,Single (1),0.10733214767581112,0.8380303559751444,0.9469601997636619
4978,SRB-9001008.001.Pw11_vs_DMSO,Pw11,G_00004,PG_00004,0.8263945531048191,0.6586384245039284,Silent,0.6028246723613179,0.6343842785413955,0.7936039208497709
4980,SRB-9001008.001.Pw11_vs_DMSO,Pw11,G_00005,PG_00005,26.95799960755621,0.14633195683605027,Silent,0.8768915655785527,0.08805749875780056,0.8708850601517127
4982,SRB-9001008.001.Pw11_vs_DMSO,Pw11,G_00006,PG_00006,0.9766236781236484,0.7424844412672298,Single (1),0.5695652443358817,0.13190123868652237,0.7086434491005136
4984,SRB-9001008.001.Pw11_vs_DMSO,Pw11,G_00007,PG_00007,8.674070881649662,0.7415035232661885,Low (2-10),0.502995684485301,0.6751720612229113,0.007805252207134128
4986,SRB-9001008.001.Pw11_vs_DMSO,Pw11,G_00008,PG_00008,5.679427913019481,0.42652763510753167,High (>25),0.9933150433345563,0.8774378433732232,0.42518520581891883
4988,SRB-9001008.001.Pw11_vs_DMSO,Pw11,G_00009,PG_00009,17.785375113776148,0.6755546506547349,Low (2-10),0.5108598584312181,0.31518756312192764,0.5157921385767915
4990,SRB-9001008.001.Pw11_vs_DMSO,Pw11,G_00010,PG_00010,204.63535415238204,0.41896917470218065,Silent,0.16093221771782595,0.2326057800838267,0.45936605239480777
4992,SRB-9001008.001.Pw11_vs_DMSO,Pw11,G_00011,PG_00011,0.3175703458471651,0.3599609952219198,Medium (11-25),0.2305803534026748,0.09823107121989394,0.9133822586144361
4994,SRB-9001008.001.Pw11_vs_DMSO,Pw11,G_00012,PG_00012,3.399989902896042,0.44385388431766204,Silent,0.3136669289616072,0.9973165343711059,0.008979145384185427
4996,SRB-9001008.001.Pw11_vs_DMSO,Pw11,G_00013,PG_00013,17.86591164577496,0.4643526491161316,High (>25),0.3181931810331613,0.10378729695999112,0.21329959135445464
4998,SRB-9001008.001.Pw11_vs_DMSO,Pw11,G_00014,PG_00014,10.91734433427525,0.5829680695887087,Silent,0.8352529989904697,0.23380309994774517,0.7058051104209134
5000,SRB-9001008.001.Pw11_vs_DMSO,Pw11,G_00015,PG_00015,23.93512636053957,0.17768354802578024,Low (2-10),0.2837347749417264,0.9104958461285599,0.12037333405557615
5002,SRB-9001008.001.Pw11_vs_DMSO,Pw11,G_00016,PG_00016,17.292625660939926,0.6786300566521234,Single (1),0.16873135527319438,0.0830448268866405,0.0546768185935409
5004,SRB-9001008.001.Pw11_vs_DMSO,Pw11,G_00017,PG_00017,18.765776782270805,0.9181595426357073,Low (2-10),0.038213215287433266,0.5824473253967679,0.5469658650191691
5006,SRB-9001008.001.Pw11_vs_DMSO,Pw11,G_00018,PG_00018,5.3394920852123535,0.6511083217479366,Single (1),0.30910746814671386,0.09542445354023832,0.1625770951892116
5008,SRB-9001008.001.Pw11_vs_DMSO,Pw11,G_00019,PG_00019,8.310919839059354,0.2696411691069681,Medium (11-25),0.31935589360618166,0.675640356905247,0.5392506931977558
5010,SRB-9001008.001.Pw11_vs_DMSO,Pw11,G_00020,PG_00020,14.507513344261733,0.4319882322126254,High (>25),0.1751907943670874,0.4069897742062387,0.29431074966068993
5012,SRB-9001008.001.Pw11_vs_DMSO,Pw11,G_00021,PG_00021,8.861933393087067,0.7214494447456434,Low (2-10),0.8479946260295562,0.7171774251628465,0.009579713786964206
5014,SRB-9001008.001.Pw11_vs_DMSO,Pw11,G_00022,PG_00022,13.686595021211886,0.04423379433901753,Low (2-10),0.35662834590692993,0.9574446960842962,0.9820624968799152
5016,SRB-9001008.001.Pw11_vs_DMSO,Pw11,G_00023,PG_00023,8.516922593639448,0.05023077899023809,High (>25),0.5658066905174022,0.5787267797684849,0.6612974227668345
5018,SRB-9001008.001.Pw11_vs_DMSO,Pw11,G_00024,PG_00024,25.96009458399476,0.7387692155151508,Medium (11-25),0.41075901345302224,0.0635492122537672,0.47595109993345197
5020,SRB-9001008.001.Pw11_vs_DMSO,Pw11,G_00025,PG_00025,20.889881040443058,0.9608554126684037,Low (2-10),0.004514382294679042,0.400941803493466,0.04820832597447189
5022,SRB-9001008.001.Pw11_vs_DMSO,Pw11,G_00026,PG_00026,5.043457878777439,0.7009098903019385,Medium (11-25),0.1296402051698341,0.8608895777878662,0.7259202827339554
5024,SRB-9001008.001.Pw11_vs_DMSO,Pw11,G_00027,PG_00027,21.132433229021668,0.8260276626411946,Single (1),0.6356021034104382,0.5606274076135309,0.28131427299430956
5026,SRB-9001008.001.Pw11_vs_DMSO,Pw11,G_00028,PG_00028,6.065322193870061,0.6028906586980312,Silent,0.42936377940594517,0.3397897505329238,0.10645946091348679
5028,SRB-9001008.001.Pw11_vs_DMSO,Pw11,G_00029,PG_00029,6.5539514234226655,0.38972216497240675,Silent,0.7376041049074614,0.293640339498077,0.28867278436830746
5030,SRB-9001008.001.Pw11_vs_DMSO,Pw11,G_00030,PG_00030,17.93488400353713,0.37701337757742237,High (>25),0.6109343964055289,0.48441445281067586,0.8511156072546299
5032,SRB-9001008.001.Pw11_vs_DMSO,Pw11,G_00031,PG_00031,5.256409679407891,0.8652004441674982,Single (1),0.08275263808906874,0.7370836077987576,0.23793241969587586
5034,SRB-9001008.001.Pw11_vs_DMSO,Pw11,G_00032,PG_00032,0.24688287480823656,0.6247759568546801,High (>25),0.3459808216623389,0.7627487175215469,0.8423266667029498
5036,SRB-9001008.001.Pw11_vs_DMSO,Pw11,G_00033,PG_00033,5.855667194609566,0.6040768843429372,Silent,0.2553378625159419,0.2805595432455844,0.4236515179694049
5038,SRB-9001008.001.Pw11_vs_DMSO,Pw11,G_00034,PG_00034,11.417581811452028,0.3203891125654482,High (>25),0.5707980760545819,0.8099513908195748,0.35406239856159893
5040,SRB-9001008.001.Pw11_vs_DMSO,Pw11,G_00035,PG_00035,1.1548234782381726,0.6661512832552283,High (>25),0.1812521224350444,0.2950697914528887,0.5220647979061575
5042,SRB-9001008.001.Pw11_vs_DMSO,Pw11,G_00036,PG_00036,26.371463537812357,0.46929979871075633,High (>25),0.16533635856406492,0.36394809860163957,0.8287653152425852
5044,SRB-9001008.001.Pw11_vs_DMSO,Pw11,G_00037,PG_00037,16.47523284557621,0.3863141363934641,Medium (11-25),0.953081298219853,0.4729096818085792,0.418646911824206
5046,SRB-9001008.001.Pw11_vs_DMSO,Pw11,G_00038,PG_00038,32.324857819534415,0.6226706879413836,Medium (11-25),0.580401627347002,0.339595814755128,0.8029998306468294
5048,SRB-9001008.001.Pw11_vs_DMSO,Pw11,G_00039,PG_00039,6.5504094441464265,0.17591797565856426,Single (1),0.7936941791870338,0.3086764671113903,0.8574173662984516
5050,SRB-9001008.001.Pw11_vs_DMSO,Pw11,G_00040,PG_00040,0.9418574606817602,0.07255834454149923,Single (1),0.07307269676678785,0.6909788536988859,0.1075461485726873
5052,SRB-9001008.001.Pw11_vs_DMSO,Pw11,G_00041,PG_00041,8.662275391071216,0.23765317594008528,Single (1),0.9649373272061932,0.9847730239767051,0.028231899051735843
5054,SRB-9001008.001.Pw11_vs_DMSO,Pw11,G_00042,PG_00042,9.363748526360506,0.16772575576681503,Single (1),0.38988297948263195,0.03722876988684176,0.317010247278936
5056,SRB-9001008.001.Pw11_vs_DMSO,Pw11,G_00043,PG_00043,8.367018121210545,0.1536792585782144,Silent,0.8289964711267556,0.8467538686753888,0.5265001388313338
5058,SRB-9001008.001.Pw11_vs_DMSO,Pw11,G_00044,PG_00044,16.614044936468392,0.6728472192316444,Single (1),0.7920069843163424,0.871493113488492,0.7765083289099957
5060,SRB-9001008.001.Pw11_vs_DMSO,Pw11,G_00045,PG_00045,5.341410673018694,0.15586070927403173,High (>25),0.869778367721415,0.22105562653380062,0.5074726818579592
5062,SRB-9001008.001.Pw11_vs_DMSO,Pw11,G_00046,PG_00046,15.485628241778622,0.2315005402423308,Silent,0.26284781575563376,0.45511820869338104,0.6004401628161434
5064,SRB-9001008.001.Pw11_vs_DMSO,Pw11,G_00047,PG_00047,2.002792409746279,0.03318971845190111,High (>25),0.9236381180320414,0.9256545803100892,0.27770512066221
5066,SRB-9001008.001.Pw11_vs_DMSO,Pw11,G_00048,PG_00048,4.849603466465831,0.4694428304349776,Single (1),0.5313780059439304,0.8628909516561211,0.359591476297596
5068,SRB-9001008.001.Pw11_vs_DMSO,Pw11,G_00049,PG_00049,43.63653563543528,0.37354612654744723,Silent,0.7111586903008101,0.9082069582622353,0.2369386288455827
5070,SRB-9001008.001.Pw11_vs_DMSO,Pw11,G_00050,PG_00050,30.564908244484506,0.3637392103814645,Single (1),0.8157098003424458,0.6278330272375707,0.5039351947033258
5072,SRB-9001008.001.Pw11_vs_DMSO,Pw11,G_00051,PG_00051,5.251369266474858,0.8695693263768511,High (>25),0.5157150289443913,0.3357262717824294,0.7879274699476041
5074,SRB-9001008.001.Pw11_vs_DMSO,Pw11,G_00052,PG_00052,1.9714114269967502,0.931602870183693,Single (1),0.37706467558762147,0.8803772022636533,0.15846782101731627
5076,SRB-9001008.001.Pw11_vs_DMSO,Pw11,G_00053,PG_00053,21.23935020917467,0.46040448264326195,Silent,0.17651065040286518,0.2622727197188598,0.02265704930283785
5078,SRB-9001008.001.Pw11_vs_DMSO,Pw11,G_00054,PG_00054,14.28379154601002,0.8687215053323469,Low (2-10),0.4969312987714387,0.8582115629231869,0.12853652538617621
5080,SRB-9001008.001.Pw11_vs_DMSO,Pw11,G_00055,PG_00055,35.52042202682213,0.36240183770320655,Medium (11-25),0.7802162729683622,0.6237933868667148,0.6937588402140236
5082,SRB-9001008.001.Pw11_vs_DMSO,Pw11,G_00056,PG_00056,9.529998712114002,0.9018141974280388,Silent,0.7917665889879499,0.6380947235431778,0.20972863549546739
5084,SRB-9001008.001.Pw11_vs_DMSO,Pw11,G_00057,PG_00057,2.5359887427224685,0.6871278390925144,High (>25),0.154939093035938,0.18018053799530886,0.8065702473080103
5086,SRB-9001008.001.Pw11_vs_DMSO,Pw11,G_00058,PG_00058,5.209637992861729,0.5487430453895881,Silent,0.2321474009660529,0.211832404331468,0.34846069586853945
5088,SRB-9001008.001.Pw11_vs_DMSO,Pw11,G_00059,PG_00059,35.757406832842854,0.7349500919117375,Medium (11-25),0.9968750382044345,0.7946186999846472,0.41684652789190046
5090,SRB-9001009.001.Pw10_vs_DMSO,Pw10,G_00000,PG_00000,42.82743805875102,0.010855599299830598,High (>25),0.2270514282844468,0.9400173058325619,0.6042930612952502
5092,SRB-9001009.001.Pw10_vs_DMSO,Pw10,G_00001,PG_00001,35.81562478806013,0.637159975209932,High (>25),0.9807294443280169,0.5020954313154236,0.9976229567426302
5094,SRB-9001009.001.Pw10_vs_DMSO,Pw10,G_00002,PG_00002,19.71567603514443,0.0023782373727139205,Silent,0.5317307877471487,0.420061149579675,0.6271237290868993
5096,SRB-9001009.001.Pw10_vs_DMSO,Pw10,G_00003,PG_00003,16.126304059552858,0.768178234047413,Medium (11-25),0.3741066490156273,0.5434216111690955,0.5823389021676195
5098,SRB-9001009.001.Pw10_vs_DMSO,Pw10,G_00004,PG_00004,0.2317179069022811,0.8699051713684476,Low (2-10),0.547383799431029,0.9242984803967864,0.5943751152996073
5100,SRB-9001009.001.Pw10_vs_DMSO,Pw10,G_00005,PG_00005,2.394521570544744,0.35886334894198346,Low (2-10),0.436569150536384,0.6796043599145436,0.1509912633053434
5102,SRB-9001009.001.Pw10_vs_DMSO,Pw10,G_00006,PG_00006,1.8362310690092079,0.4937879754596285,Medium (11-25),0.3930459826449958,0.20918745686874274,0.8786089569861865
5104,SRB-9001009.001.Pw10_vs_DMSO,Pw10,G_00007,PG_00007,0.6054579917190216,0.10564602956618363,Low (2-10),0.1739057083016986,0.44946924811211053,0.5130809642094687
5106,SRB-9001009.001.Pw10_vs_DMSO,Pw10,G_00008,PG_00008,0.6799931762852489,0.8928783398843824,High (>25),0.7629729359645239,0.9549565181728346,0.46647049149108255
5108,SRB-9001009.001.Pw10_vs_DMSO,Pw10,G_00009,PG_00009,5.424537348148693,0.13613716024476885,Medium (11-25),0.14088380198237316,0.5102635430025093,0.7363996684714442
5110,SRB-9001009.001.Pw10_vs_DMSO,Pw10,G_00010,PG_00010,4.197344889166767,0.82819475653288,Medium (11-25),0.9179964972830932,0.8803626214829897,0.9270633507329853
5112,SRB-9001009.001.Pw10_vs_DMSO,Pw10,G_00011,PG_00011,6.669056406491125,0.09187935400651015,Medium (11-25),0.7086874370941928,0.695539934611019,0.7404374639980121
5114,SRB-9001009.001.Pw10_vs_DMSO,Pw10,G_00012,PG_00012,9.554774336019015,0.2889263087662418,Silent,0.5227266094115275,0.9516539871112686,0.8111131134284792
5116,SRB-9001009.001.Pw10_vs_DMSO,Pw10,G_00013,PG_00013,0.2225209859761774,0.9594696982393736,Medium (11-25),0.6191993515547871,0.13013600105345047,0.1179753679771317
5118,SRB-9001009.001.Pw10_vs_DMSO,Pw10,G_00014,PG_00014,6.302136375848767,0.32272679336576127,Low (2-10),0.007221717576696207,0.380239773277229,0.11572832359020557
5120,SRB-9001009.001.Pw10_vs_DMSO,Pw10,G_00015,PG_00015,3.249286639231102,0.608121331045703,High (>25),0.9681856698653888,0.8078219659537512,0.8452006358897373
5122,SRB-9001009.001.Pw10_vs_DMSO,Pw10,G_00016,PG_00016,4.268660132769789,0.7993004877517423,Single (1),0.12779127345284258,0.46220317097183305,0.18765222934177184
5124,SRB-9001009.001.Pw10_vs_DMSO,Pw10,G_00017,PG_00017,1.0891893319297357,0.6925043234363951,High (>25),0.9925832347347349,0.5094949850731335,0.6257163923024758
5126,SRB-9001009.001.Pw10_vs_DMSO,Pw10,G_00018,PG_00018,0.7228237272881224,0.15196930420539911,Single (1),0.41401050018021357,0.86315307145987,0.6884616927706777
5128,SRB-9001009.001.Pw10_vs_DMSO,Pw10,G_00019,PG_00019,15.81999498924042,0.36298548675984166,Single (1),0.07432136444141757,0.7572328056724565,0.9741167138827524
5130,SRB-9001009.001.Pw10_vs_DMSO,Pw10,G_00020,PG_00020,30.917168643277186,0.8658441164247919,High (>25),0.9339458896262663,0.416967191861078,0.1004622165805078
5132,SRB-9001009.001.Pw10_vs_DMSO,Pw10,G_00021,PG_00021,2.4738737207746326,0.4806432261394218,Low (2-10),0.2025977972357298,0.9630493003286251,0.7698338455386033
5134,SRB-9001009.001.Pw10_vs_DMSO,Pw10,G_00022,PG_00022,23.288854465055294,0.48962502276987574,High (>25),0.6720965110675395,0.6024800118007978,0.4182426711255164
5136,SRB-9001009.001.Pw10_vs_DMSO,Pw10,G_00023,PG_00023,2.9042807005983553,0.726979200141983,Medium (11-25),0.725168637353417,0.256416362194542,0.2305048785370275
5138,SRB-9001009.001.Pw10_vs_DMSO,Pw10,G_00024,PG_00024,2.624035316938836,0.13771297192096277,High (>25),0.2733872092759321,0.8521771684230398,0.15111907958866833
5140,SRB-9001009.001.Pw10_vs_DMSO,Pw10,G_00025,PG_00025,40.349607559888526,0.8738021368865306,Silent,0.07074273669552877,0.8817729495160634,0.8716525315510039
5142,SRB-9001009.001.Pw10_vs_DMSO,Pw10,G_00026,PG_00026,3.7193876282888887,0.6917044741593477,Low (2-10),0.9030295172228175,0.7063872032613303,0.8809012401820078
5144,SRB-9001009.001.Pw10_vs_DMSO,Pw10,G_00027,PG_00027,16.537643305478642,0.5593942891582132,High (>25),0.1826240078852709,0.1594906274172272,0.5032291991231606
5146,SRB-9001009.001.Pw10_vs_DMSO,Pw10,G_00028,PG_00028,3.2887266729579245,0.36270148602363994,Medium (11-25),0.5937324683909929,0.594443436827933,0.7600533519785589
5148,SRB-9001009.001.Pw10_vs_DMSO,Pw10,G_00029,PG_00029,16.780300352033798,0.29981653057095126,Medium (11-25),0.32286135486465606,0.6931891986147166,0.1826006920279083
5150,SRB-9001009.001.Pw10_vs_DMSO,Pw10,G_00030,PG_00030,12.742332559484414,0.46237518648826137,High (>25),0.2634760964515126,0.6907431819453658,0.6578092544507835
5152,SRB-9001009.001.Pw10_vs_DMSO,Pw10,G_00031,PG_00031,9.683480158191431,0.6216145935331451,High (>25),0.5776154324687294,0.8164358024789102,0.9282195707194328
5154,SRB-9001009.001.Pw10_vs_DMSO,Pw10,G_00032,PG_00032,5.60007050084561,0.8623730592335336,Single (1),0.17944058499490934,0.7890406267180854,0.6634754026073765
5156,SRB-9001009.001.Pw10_vs_DMSO,Pw10,G_00033,PG_00033,7.4512342230876785,0.6893224066409279,Medium (11-25),0.7088851950301048,0.5105416236579051,0.616183076122384
5158,SRB-9001009.001.Pw10_vs_DMSO,Pw10,G_00034,PG_00034,8.176309137881576,0.20135787471759203,Single (1),0.6013269881969319,0.35188143644590997,0.5520833363513261
5160,SRB-9001009.001.Pw10_vs_DMSO,Pw10,G_00035,PG_00035,8.109458194282148,0.4069648270136291,Silent,0.909325845594955,0.4614568742625226,0.9121044243916725
5162,SRB-9001009.001.Pw10_vs_DMSO,Pw10,G_00036,PG_00036,8.639670823530018,0.6911294315723051,Low (2-10),0.7385442864053733,0.24088008631302282,0.5007275921749104
5164,SRB-9001009.001.Pw10_vs_DMSO,Pw10,G_00037,PG_00037,22.084270616274203,0.381605476400096,Medium (11-25),0.21791765204484326,0.6701947956163047,0.6542309948941244
5166,SRB-9001009.001.Pw10_vs_DMSO,Pw10,G_00038,PG_00038,33.04471188920702,0.8063248978179062,Low (2-10),0.02241236756736531,0.7446111503316704,0.061127537833990386
5168,SRB-9001009.001.Pw10_vs_DMSO,Pw10,G_00039,PG_00039,1.4686773887127702,0.9381382631964013,Medium (11-25),0.2968246825774582,0.8896906433583002,0.8834822355538657
5170,SRB-9001009.001.Pw10_vs_DMSO,Pw10,G_00040,PG_00040,59.52378401097352,0.8409166639829939,Silent,0.5889646213986196,0.8596761484510296,0.6010610412111466
5172,SRB-9001009.001.Pw10_vs_DMSO,Pw10,G_00041,PG_00041,4.497620030876947,0.38685955573400843,Single (1),0.7344868092953172,0.8475213969201475,0.6018976512525483
5174,SRB-9001009.001.Pw10_vs_DMSO,Pw10,G_00042,PG_00042,7.007993011964807,0.4384856941363451,Low (2-10),0.3896822491321652,0.8445116669537085,0.7384512918817645
5176,SRB-9001009.001.Pw10_vs_DMSO,Pw10,G_00043,PG_00043,4.8202777804297945,0.09986274245367743,Silent,0.5154239194488346,0.03870051067296343,0.13763532041574122
5178,SRB-9001009.001.Pw10_vs_DMSO,Pw10,G_00044,PG_00044,75.51952853193629,0.19165838473851682,High (>25),0.1698092047861809,0.4305722655536268,0.026614707616681388
5180,SRB-9001009.001.Pw10_vs_DMSO,Pw10,G_00045,PG_00045,43.964087904515914,0.9423680932013765,Low (2-10),0.8275810084242625,0.7533554658149357,0.867858054420001
5182,SRB-9001009.001.Pw10_vs_DMSO,Pw10,G_00046,PG_00046,4.601238769226953,0.3906796228410694,High (>25),0.9538711257434657,0.6584052229495723,0.6916281594384637
5184,SRB-9001009.001.Pw10_vs_DMSO,Pw10,G_00047,PG_00047,44.52058415280503,0.822195838205034,Medium (11-25),0.8709535500235738,0.37581487936463176,0.8197310340188959
5186,SRB-9001009.001.Pw10_vs_DMSO,Pw10,G_00048,PG_00048,2.0401782583917174,0.334084768155836,Medium (11-25),0.939719829411994,0.2933892964683066,0.21444088880899437
5188,SRB-9001009.001.Pw10_vs_DMSO,Pw10,G_00049,PG_00049,8.510001649637303,0.2164493311673602,Single (1),0.38445561393998817,0.20079498726938128,0.9972370786379706
5190,SRB-9001009.001.Pw10_vs_DMSO,Pw10,G_00050,PG_00050,8.937490084581599,0.2832773614023758,Silent,0.4137754103552176,0.7407288302500704,0.18177793502553774
5192,SRB-9001009.001.Pw10_vs_DMSO,Pw10,G_00051,PG_00051,1.106826780191931,0.9411332832337159,Single (1),0.8067278295030706,0.26605748657317096,0.981392134458335
5194,SRB-9001009.001.Pw10_vs_DMSO,Pw10,G_00052,PG_00052,17.664377408222645,0.9835762926557595,Silent,0.19825321562233178,0.6079346222216052,0.04541087009688527
5196,SRB-9001009.001.Pw10_vs_DMSO,Pw10,G_00053,PG_00053,13.578483364757677,0.8030697724356517,Medium (11-25),0.0236356199912916,0.06917130597606991,0.7388751988879527
5198,SRB-9001009.001.Pw10_vs_DMSO,Pw10,G_00054,PG_00054,4.377347249989963,0.2234128834668777,High (>25),0.59039102616412,0.8655856907956356,0.8615920151500247
5200,SRB-9001009.001.Pw10_vs_DMSO,Pw10,G_00055,PG_00055,6.427837018382499,0.5866418575352451,Medium (11-25),0.6647680537604894,0.6598277313031414,0.911066785313432
5202,SRB-9001009.001.Pw10_vs_DMSO,Pw10,G_00056,PG_00056,6.305397297017425,0.5903733961171774,Medium (11-25),0.5800858449549341,0.41381142299991114,0.48222885291755313
5204,SRB-9001009.001.Pw10_vs_DMSO,Pw10,G_00057,PG_00057,8.822456577971892,0.8489459763300471,Medium (11-25),0.49538510987263695,0.9283726578349818,0.7165094409965133
5206,SRB-9001009.001.Pw10_vs_DMSO,Pw10,G_00058,PG_00058,21.652252123484878,0.5736402933372444,Low (2-10),0.8471866320180196,0.632059334964569,0.14296304945819127
5208,SRB-9001009.001.Pw10_vs_DMSO,Pw10,G_00059,PG_00059,4.823895477644022,0.8648402908683425,Single (1),0.5896220552172965,0.7283834319666346,0.6238108193877684
5210,SRB-9001009.001.Pw11_vs_DMSO,Pw11,G_00000,PG_00000,25.782150483101162,0.14552227020739839,Silent,0.06037381752412063,0.8739512733879322,0.5774802724923683
5212,SRB-9001009.001.Pw11_vs_DMSO,Pw11,G_00001,PG_00001,17.659672049922243,0.08800160791488643,Silent,0.3574022990986607,0.09954969814888104,0.4495944630687634
5214,SRB-9001009.001.Pw11_vs_DMSO,Pw11,G_00002,PG_00002,19.642420772636008,0.8408790311405008,Silent,0.29501601893185847,0.6040844082372913,0.0186094798990446
5216,SRB-9001009.001.Pw11_vs_DMSO,Pw11,G_00003,PG_00003,2.672659105559629,0.39224160542842423,High (>25),0.8706823083521499,0.513397533974736,0.8487122275020147
5218,SRB-9001009.001.Pw11_vs_DMSO,Pw11,G_00004,PG_00004,13.511826462469024,0.010015295854629014,Single (1),0.4896024741403172,0.29606348618296763,0.33826201067304706
5220,SRB-9001009.001.Pw11_vs_DMSO,Pw11,G_00005,PG_00005,10.311816046720391,0.38420199722654536,Medium (11-25),0.6798333103910292,0.7685672862557997,0.09283187257599834
5222,SRB-9001009.001.Pw11_vs_DMSO,Pw11,G_00006,PG_00006,0.15915075947479423,0.04535596206646186,Silent,0.24313340646951942,0.4421446014161735,0.3273757320054066
5224,SRB-9001009.001.Pw11_vs_DMSO,Pw11,G_00007,PG_00007,24.388137500185866,0.6050549145305419,Low (2-10),0.9093940771635493,0.7649969281834897,0.4120840564784467
5226,SRB-9001009.001.Pw11_vs_DMSO,Pw11,G_00008,PG_00008,2.1721561710999957,0.802516389936327,Silent,0.026054949662930094,0.14539879925900934,0.7683241134690789
5228,SRB-9001009.001.Pw11_vs_DMSO,Pw11,G_00009,PG_00009,14.19153196755288,0.6077892965242517,Low (2-10),0.8749636488074063,0.5660839101231416,0.7189836849100987
5230,SRB-9001009.001.Pw11_vs_DMSO,Pw11,G_00010,PG_00010,15.714849654287946,0.31370909922086954,Low (2-10),0.8942320315849958,0.4084173390429192,0.486243698642571
5232,SRB-9001009.001.Pw11_vs_DMSO,Pw11,G_00011,PG_00011,6.692065107135596,0.26716311367422363,High (>25),0.6513861190048177,0.13861322488778205,0.8109184291844755
5234,SRB-9001009.001.Pw11_vs_DMSO,Pw11,G_00012,PG_00012,12.603465416223589,0.5125590107423351,High (>25),0.357598717788575,0.6040841166437064,0.8993940523135346
5236,SRB-9001009.001.Pw11_vs_DMSO,Pw11,G_00013,PG_00013,5.223915055225968,0.8101460257614227,Silent,0.800472250132833,0.14421582387103915,0.49780020222278376
5238,SRB-9001009.001.Pw11_vs_DMSO,Pw11,G_00014,PG_00014,8.048295961155013,0.42523900182450103,Low (2-10),0.15206901130721528,0.7405543694469426,0.38447878917737477
5240,SRB-9001009.001.Pw11_vs_DMSO,Pw11,G_00015,PG_00015,29.96225303596454,0.05217536520113275,Silent,0.6914394127812721,0.3642441162161677,0.1603933437972509
5242,SRB-9001009.001.Pw11_vs_DMSO,Pw11,G_00016,PG_00016,4.162615996363236,0.11597771393458,Low (2-10),0.7719305061563078,0.7125412447837096,0.5628215299486238
5244,SRB-9001009.001.Pw11_vs_DMSO,Pw11,G_00017,PG_00017,4.328287082860786,0.3572740138642059,Single (1),0.20596894514511221,0.13252430262419002,0.7522691314599426
5246,SRB-9001009.001.Pw11_vs_DMSO,Pw11,G_00018,PG_00018,202.71287915926678,0.9788642420510637,High (>25),0.27742418396956503,0.589971123433597,0.668259188541006
5248,SRB-9001009.001.Pw11_vs_DMSO,Pw11,G_00019,PG_00019,8.274698025476738,0.022131226707470808,Medium (11-25),0.7449949860782623,0.1126492140258083,0.577085956242927
5250,SRB-9001009.001.Pw11_vs_DMSO,Pw11,G_00020,PG_00020,185.75037792555176,0.46891242678807477,High (>25),0.2316264984765618,0.4364480824397077,0.2600726884036304
5252,SRB-9001009.001.Pw11_vs_DMSO,Pw11,G_00021,PG_00021,1.1118819974325922,0.3574080931027511,Silent,0.3511883790824156,0.7232946296975566,0.984248685873782
5254,SRB-9001009.001.Pw11_vs_DMSO,Pw11,G_00022,PG_00022,4.494664825025721,0.28216237873601935,Single (1),0.04516463452241648,0.8352168470011483,0.41843200270599723
5256,SRB-9001009.001.Pw11_vs_DMSO,Pw11,G_00023,PG_00023,0.5487725384623692,0.5313131063428426,Single (1),0.10098546921378715,0.7535338030352583,0.10424081501458149
5258,SRB-9001009.001.Pw11_vs_DMSO,Pw11,G_00024,PG_00024,0.5699983460274025,0.37341518386214645,Silent,0.05023798096220511,0.9620262312139554,0.7568936446302089
5260,SRB-9001009.001.Pw11_vs_DMSO,Pw11,G_00025,PG_00025,3.4950751678476992,0.3706048411487861,Medium (11-25),0.8211481614144001,0.857668559631974,0.9663493730199869
5262,SRB-9001009.001.Pw11_vs_DMSO,Pw11,G_00026,PG_00026,34.347957110261916,0.4391263271904151,Low (2-10),0.4211457865442305,0.8946457344913361,0.6570763958309216
5264,SRB-9001009.001.Pw11_vs_DMSO,Pw11,G_00027,PG_00027,9.441400006166342,0.45800813285312836,Silent,0.19645063312467648,0.4016999796227888,0.34094550192601303
5266,SRB-9001009.001.Pw11_vs_DMSO,Pw11,G_00028,PG_00028,1.2417270226713755,0.014615667034664659,High (>25),0.3309391932935346,0.3021025177556702,0.26200137972313753
5268,SRB-9001009.001.Pw11_vs_DMSO,Pw11,G_00029,PG_00029,33.13132157849677,0.749434558129938,Silent,0.577843654125875,0.7776729860704527,0.41791588485630693
5270,SRB-9001009.001.Pw11_vs_DMSO,Pw11,G_00030,PG_00030,1.866467531339865,0.7149445459492277,Medium (11-25),0.9169444318405734,0.5049688132017991,0.13706981869802326
5272,SRB-9001009.001.Pw11_vs_DMSO,Pw11,G_00031,PG_00031,24.71178028892745,0.7484837086118692,Medium (11-25),0.5484099189623646,0.8968980886811698,0.6462906868645477
5274,SRB-9001009.001.Pw11_vs_DMSO,Pw11,G_00032,PG_00032,6.028876424844482,0.06053728532843383,Medium (11-25),0.4693444488390702,0.4284695902273892,0.5298069549794087
5276,SRB-9001009.001.Pw11_vs_DMSO,Pw11,G_00033,PG_00033,2.7651257724865657,0.2924383924939097,High (>25),0.81968070088133,0.11355565539832091,0.46265233387689253
5278,SRB-9001009.001.Pw11_vs_DMSO,Pw11,G_00034,PG_00034,14.204410882651036,0.6078353795208981,High (>25),0.43166110614921394,0.04079544232267218,0.10153690542258575
5280,SRB-9001009.001.Pw11_vs_DMSO,Pw11,G_00035,PG_00035,14.194020753599528,0.4092410918217342,Silent,0.1792018155674575,0.27997958469696504,0.2452210317181408
5282,SRB-9001009.001.Pw11_vs_DMSO,Pw11,G_00036,PG_00036,28.485405489315447,0.8928450469948759,Single (1),0.20750232183552408,0.8487537357173781,0.9065441403660265
5284,SRB-9001009.001.Pw11_vs_DMSO,Pw11,G_00037,PG_00037,5.84110047692936,0.23437867188362882,Single (1),0.1619381817515816,0.5424311357035428,0.17149574467492124
5286,SRB-9001009.001.Pw11_vs_DMSO,Pw11,G_00038,PG_00038,0.31769292305739677,0.24497485145027453,Silent,0.5140091491229505,0.7116195763522659,0.5699495021375268
5288,SRB-9001009.001.Pw11_vs_DMSO,Pw11,G_00039,PG_00039,5.855165380886843,0.05032340000419877,Medium (11-25),0.9621569974315685,0.9117044886975886,0.5803826003268533
5290,SRB-9001009.001.Pw11_vs_DMSO,Pw11,G_00040,PG_00040,16.931392971996566,0.9725773399539815,Silent,0.16968742968145867,0.6258436711027546,0.333690840817335
5292,SRB-9001009.001.Pw11_vs_DMSO,Pw11,G_00041,PG_00041,2.922917703967677,0.5445796688634387,Single (1),0.09197621677496859,0.230510667787726,0.9182910684159147
5294,SRB-9001009.001.Pw11_vs_DMSO,Pw11,G_00042,PG_00042,12.135195081871318,0.5774126190790019,Silent,0.2658916368098475,0.9506872691521574,0.02182572646604597
5296,SRB-9001009.001.Pw11_vs_DMSO,Pw11,G_00043,PG_00043,18.344336119879234,0.6996736792649951,Medium (11-25),0.5961892439633141,0.32975715879685596,0.39984921470620205
5298,SRB-9001009.001.Pw11_vs_DMSO,Pw11,G_00044,PG_00044,2.5584692322758893,0.6348632564836709,Silent,0.8269830762875562,0.12981957000073918,0.07621326844032617
5300,SRB-9001009.001.Pw11_vs_DMSO,Pw11,G_00045,PG_00045,56.160947973024975,0.8198371313738093,Silent,0.07690280290244067,0.4852369274661271,0.5289060397136063
5302,SRB-9001009.001.Pw11_vs_DMSO,Pw11,G_00046,PG_00046,3.461584304818409,0.2815189051161535,Low (2-10),0.6511583683107051,0.25047019085327016,0.11194158837149215
5304,SRB-9001009.001.Pw11_vs_DMSO,Pw11,G_00047,PG_00047,13.83783568306501,0.2874793431829501,Medium (11-25),0.15838977498969076,0.9514050261437816,0.789790425783628
5306,SRB-9001009.001.Pw11_vs_DMSO,Pw11,G_00048,PG_00048,4.608910537799568,0.9888672550168024,Low (2-10),0.33030563089322684,0.4812221931210574,0.7432410534185441
5308,SRB-9001009.001.Pw11_vs_DMSO,Pw11,G_00049,PG_00049,18.118621493287513,0.5766258816408796,Single (1),0.11013450278685444,0.9500784936078359,0.7069049500209607
5310,SRB-9001009.001.Pw11_vs_DMSO,Pw11,G_00050,PG_00050,4.836873464900952,0.8834163916478679,High (>25),0.8844002382290155,0.10434775697629595,0.27631744856255225
5312,SRB-9001009.001.Pw11_vs_DMSO,Pw11,G_00051,PG_00051,10.37532954403123,0.041030677345596955,Low (2-10),0.682575223972015,0.04877074679962323,0.5139351032599626
5314,SRB-9001009.001.Pw11_vs_DMSO,Pw11,G_00052,PG_00052,17.296924254082874,0.601219942163709,Medium (11-25),0.5699900366635381,0.24481001457791307,0.0534730859087732
5316,SRB-9001009.001.Pw11_vs_DMSO,Pw11,G_00053,PG_00053,4.097727852249919,0.503321735773933,High (>25),0.11136644815374552,0.6429299247523512,0.40603265085019535
5318,SRB-9001009.001.Pw11_vs_DMSO,Pw11,G_00054,PG_00054,2.569322026394632,0.6475320993470643,Medium (11-25),0.5299645688772919,0.9651615218100339,0.349025493632651
5320,SRB-9001009.001.Pw11_vs_DMSO,Pw11,G_00055,PG_00055,19.17787749101979,0.5835174211883024,Silent,0.11255799006455292,0.12303023696152815,0.037809975604127466
5322,SRB-9001009.001.Pw11_vs_DMSO,Pw11,G_00056,PG_00056,32.28484709181298,0.7873883970397416,High (>25),0.8856613612567343,0.06794383245836166,0.5795945340610132
5324,SRB-9001009.001.Pw11_vs_DMSO,Pw11,G_00057,PG_00057,20.13121536023981,0.8088720093742159,Silent,0.31234404219886336,0.16963496100898834,0.34686653277314217
5326,SRB-9001009.001.Pw11_vs_DMSO,Pw11,G_00058,PG_00058,2.0289943415444904,0.10776413048895639,Single (1),0.4530306148732385,0.09040221390036196,0.22582854483599923
5328,SRB-9001009.001.Pw11_vs_DMSO,Pw11,G_00059,PG_00059,1.82697062538121,0.09571300824417073,Low (2-10),0.18883734051085432,0.26567613579062754,0.8746260847669555
5330,SRB-9001010.001.Pw10_vs_DMSO,Pw10,G_00000,PG_00000,4.22369877812026,0.8902329793507491,Silent,0.43801228551442206,0.2081543508114586,0.7778413691297359
5332,SRB-9001010.001.Pw10_vs_DMSO,Pw10,G_00001,PG_00001,12.099530705575727,0.21664898635090613,Single (1),0.8062309889268934,0.3407562702973478,0.4294106216532675
5334,SRB-9001010.001.Pw10_vs_DMSO,Pw10,G_00002,PG_00002,4.905880260688134,0.38172801589267746,High (>25),0.33865219884876885,0.3355327853482919,0.031349815223170596
5336,SRB-9001010.001.Pw10_vs_DMSO,Pw10,G_00003,PG_00003,11.032815072644562,0.6103044809068728,Silent,0.9140484794200344,0.716646647264021,0.7803948592726551
5338,SRB-9001010.001.Pw10_vs_DMSO,Pw10,G_00004,PG_00004,4.681835284751632,0.1256440347002118,Silent,0.03059195315604335,0.712527794801905,0.8548573820011008
5340,SRB-9001010.001.Pw10_vs_DMSO,Pw10,G_00005,PG_00005,3.7680223068379863,0.812900947961889,Silent,0.2741881466936207,0.6897745714535216,0.7981770888636894
5342,SRB-9001010.001.Pw10_vs_DMSO,Pw10,G_00006,PG_00006,2.2003847685185205,0.652575657684302,Low (2-10),0.26284224024771097,0.4370897802888488,0.35827134850988973
5344,SRB-9001010.001.Pw10_vs_DMSO,Pw10,G_00007,PG_00007,18.520523981390188,0.37333607706439953,Low (2-10),0.7382458585464208,0.08170350279476324,0.8690113742765625
5346,SRB-9001010.001.Pw10_vs_DMSO,Pw10,G_00008,PG_00008,0.093852317073629,0.0019548044878892057,High (>25),0.2195294987510592,0.8283472595131869,0.56646144747375
5348,SRB-9001010.001.Pw10_vs_DMSO,Pw10,G_00009,PG_00009,3.9600336058063617,0.5977164306019568,Medium (11-25),0.7676093773895896,0.6721317394463998,0.3573753707053101
5350,SRB-9001010.001.Pw10_vs_DMSO,Pw10,G_00010,PG_00010,1.1381013921751018,0.22007087937445868,Silent,0.5854447710481483,0.7577732581184691,0.466774323679209
5352,SRB-9001010.001.Pw10_vs_DMSO,Pw10,G_00011,PG_00011,0.46975324968493987,0.6427596083817911,Low (2-10),0.5098806400560791,0.9462083955490795,0.42149979087127243
5354,SRB-9001010.001.Pw10_vs_DMSO,Pw10,G_00012,PG_00012,10.980059512180953,0.5879208622931738,Low (2-10),0.9569239250288367,0.10196879128292824,0.5579894500031265
5356,SRB-9001010.001.Pw10_vs_DMSO,Pw10,G_00013,PG_00013,32.83509144972492,0.5778194612609819,Low (2-10),0.7371952664542166,0.792551131748885,0.7554120089875781
5358,SRB-9001010.001.Pw10_vs_DMSO,Pw10,G_00014,PG_00014,13.328143376683343,0.23295944381713618,Low (2-10),0.2790446919122167,0.39280980161646795,0.7477412059492086
5360,SRB-9001010.001.Pw10_vs_DMSO,Pw10,G_00015,PG_00015,44.50709328326592,0.7450164709462348,Medium (11-25),0.783262598782444,0.4667975021258308,0.08844456405628065
5362,SRB-9001010.001.Pw10_vs_DMSO,Pw10,G_00016,PG_00016,32.571105067858156,0.7419944251836875,Silent,0.3195103614506686,0.28071317233227233,0.16265668829758761
5364,SRB-9001010.001.Pw10_vs_DMSO,Pw10,G_00017,PG_00017,5.655860584935077,0.7105213918939556,Silent,0.9099666357739103,0.4731837892052737,0.6630713897832382
5366,SRB-9001010.001.Pw10_vs_DMSO,Pw10,G_00018,PG_00018,4.775232707600106,0.4614499995214588,Silent,0.019640367790230484,0.5767835582264075,0.3441701288469169
5368,SRB-9001010.001.Pw10_vs_DMSO,Pw10,G_00019,PG_00019,16.8106746510448,0.7692277211754894,High (>25),0.254729412728779,0.7218575093969595,0.21482840097702638
5370,SRB-9001010.001.Pw10_vs_DMSO,Pw10,G_00020,PG_00020,3.5060243104366693,0.4992813623605603,Medium (11-25),0.5764972765613489,0.0341680557971461,0.09352389147751516
5372,SRB-9001010.001.Pw10_vs_DMSO,Pw10,G_00021,PG_00021,1.559944259588842,0.9259390020145025,Single (1),0.02714135644669502,0.9667965616389701,0.06767214805886823
5374,SRB-9001010.001.Pw10_vs_DMSO,Pw10,G_00022,PG_00022,156.3025294740809,0.39194041344497255,Silent,0.2839855462517712,0.28324800028723196,0.6771700264222248
5376,SRB-9001010.001.Pw10_vs_DMSO,Pw10,G_00023,PG_00023,20.202033759044188,0.3367123325760485,Medium (11-25),0.013389903768415978,0.2056317410128844,0.6523132284821883
5378,SRB-9001010.001.Pw10_vs_DMSO,Pw10,G_00024,PG_00024,2.285931946113661,0.84869204953553,Silent,0.8000694804363937,0.7988671962463342,0.9085718273203491
5380,SRB-9001010.001.Pw10_vs_DMSO,Pw10,G_00025,PG_00025,5.9871019390499605,0.43299458198568785,High (>25),0.6617434327977181,0.04825918073762103,0.7006010738784854
5382,SRB-9001010.001.Pw10_vs_DMSO,Pw10,G_00026,PG_00026,8.299489808368389,0.321187084150958,Low (2-10),0.4644959733889895,0.5019361980350296,0.9845974449680794
5384,SRB-9001010.001.Pw10_vs_DMSO,Pw10,G_00027,PG_00027,5.584745221795307,0.9396308570908805,Low (2-10),0.5947492490913067,0.1380051106014928,0.5707218676634807
5386,SRB-9001010.001.Pw10_vs_DMSO,Pw10,G_00028,PG_00028,18.76064934537983,0.7743725315514998,Low (2-10),0.29781840513918,0.9733372000955816,0.17608326225026527
5388,SRB-9001010.001.Pw10_vs_DMSO,Pw10,G_00029,PG_00029,16.586917241587642,0.8571097443766063,Low (2-10),0.5811383448009695,0.9846307516025146,0.7654189134845902
5390,SRB-9001010.001.Pw10_vs_DMSO,Pw10,G_00030,PG_00030,24.40354083751212,0.3356087222763585,High (>25),0.6088771012728802,0.8111280124369653,0.9779252207000029
5392,SRB-9001010.001.Pw10_vs_DMSO,Pw10,G_00031,PG_00031,5.867914504822945,0.8487396919644264,Silent,0.1393152292271279,0.6149920589123136,0.08617493396882714
5394,SRB-9001010.001.Pw10_vs_DMSO,Pw10,G_00032,PG_00032,19.182218437030297,0.637157935901553,Medium (11-25),0.8366272162949377,0.6268943414191164,0.6841046684648079
5396,SRB-9001010.001.Pw10_vs_DMSO,Pw10,G_00033,PG_00033,0.7643877020247862,0.8613825160351372,Medium (11-25),0.6227569975505488,0.2853499316818625,0.8486271931527366
5398,SRB-9001010.001.Pw10_vs_DMSO,Pw10,G_00034,PG_00034,29.38247493034283,0.5682613903960396,Silent,0.7465535756029462,0.05750997879773034,0.709289482080998
5400,SRB-9001010.001.Pw10_vs_DMSO,Pw10,G_00035,PG_00035,8.91604480166211,0.36377168812074656,Low (2-10),0.880638941913771,0.4255169584643531,0.2803836258112715
5402,SRB-9001010.001.Pw10_vs_DMSO,Pw10,G_00036,PG_00036,11.559102940436397,0.5398637572734049,Medium (11-25),0.08574167002808408,0.13720550160316003,0.1312580819911241
5404,SRB-9001010.001.Pw10_vs_DMSO,Pw10,G_00037,PG_00037,12.05933957341254,0.9896070373278459,Medium (11-25),0.508445944025507,0.9969089852051033,0.6390484089708622
5406,SRB-9001010.001.Pw10_vs_DMSO,Pw10,G_00038,PG_00038,18.801289180770137,0.45806501949234124,Silent,0.19612302683043603,0.9436801881779334,0.20381423213993533
5408,SRB-9001010.001.Pw10_vs_DMSO,Pw10,G_00039,PG_00039,36.36651928007293,0.5730971307235526,High (>25),0.43633385739478137,0.604790793063364,0.26612368368620754
5410,SRB-9001010.001.Pw10_vs_DMSO,Pw10,G_00040,PG_00040,44.016518270593465,0.7411702812295506,Medium (11-25),0.1158371638602893,0.9082018218831027,0.31566035260606673
5412,SRB-9001010.001.Pw10_vs_DMSO,Pw10,G_00041,PG_00041,33.6175179732839,0.6917087621826723,Medium (11-25),0.1599513390087427,0.4185895950006968,0.17505145425497926
5414,SRB-9001010.001.Pw10_vs_DMSO,Pw10,G_00042,PG_00042,0.9369089017924483,0.7524829705406055,Medium (11-25),0.5192935341202484,0.0017858045207818085,0.5191877693853042
5416,SRB-9001010.001.Pw10_vs_DMSO,Pw10,G_00043,PG_00043,52.88286983859284,0.591482818490521,Medium (11-25),0.7663654667598917,0.36559586815062317,0.9418963556425483
5418,SRB-9001010.001.Pw10_vs_DMSO,Pw10,G_00044,PG_00044,4.313818120452024,0.669700950707025,Medium (11-25),0.4326512828427427,0.8418442516662384,0.9757413698245841
5420,SRB-9001010.001.Pw10_vs_DMSO,Pw10,G_00045,PG_00045,2.9130168388716173,0.026905157878624686,Single (1),0.6578845056279565,0.6316456443173153,0.8005807080387894
5422,SRB-9001010.001.Pw10_vs_DMSO,Pw10,G_00046,PG_00046,0.8248950160723322,0.2057308195484393,Single (1),0.4056630147056186,0.3727472079443527,0.9053911015331927
5424,SRB-9001010.001.Pw10_vs_DMSO,Pw10,G_00047,PG_00047,9.197863864660903,0.6528301887677098,Low (2-10),0.020826539695492863,0.23000475655854802,0.6975333760807361
5426,SRB-9001010.001.Pw10_vs_DMSO,Pw10,G_00048,PG_00048,0.7442508082919386,0.8488876440296674,Silent,0.6647225377581778,0.34724483903490677,0.16497495893982161
5428,SRB-9001010.001.Pw10_vs_DMSO,Pw10,G_00049,PG_00049,10.195901683453245,0.5923206101007642,Silent,0.5423122623400037,0.17321503790001203,0.26775364126386436
5430,SRB-9001010.001.Pw10_vs_DMSO,Pw10,G_00050,PG_00050,4.769843528958947,0.2753596584219109,Single (1),0.9400518000828932,0.2848280746129085,0.24530728986847983
5432,SRB-9001010.001.Pw10_vs_DMSO,Pw10,G_00051,PG_00051,47.5855666572253,0.4432820384774857,Single (1),0.594234083487913,0.9625329245168183,0.5299626587495336
5434,SRB-9001010.001.Pw10_vs_DMSO,Pw10,G_00052,PG_00052,1.2492774868980072,0.10724022481696638,Low (2-10),0.7905573522825075,0.5906359344361514,0.7834487985083735
5436,SRB-9001010.001.Pw10_vs_DMSO,Pw10,G_00053,PG_00053,21.060861222473452,0.4279430161217975,Low (2-10),0.3646134318861124,0.3921557723667519,0.15886817376149331
5438,SRB-9001010.001.Pw10_vs_DMSO,Pw10,G_00054,PG_00054,9.196426088862497,0.07631058871054752,High (>25),0.4898856102686231,0.5006139325040148,0.860644403967351
5440,SRB-9001010.001.Pw10_vs_DMSO,Pw10,G_00055,PG_00055,2.5297878476147493,0.3369623776814341,Single (1),0.9383053361007981,0.7781826152670219,0.9519558602940889
5442,SRB-9001010.001.Pw10_vs_DMSO,Pw10,G_00056,PG_00056,5.663143108218982,0.15631182367017538,Silent,0.278109449429498,0.17314139106101578,0.186653321697835
5444,SRB-9001010.001.Pw10_vs_DMSO,Pw10,G_00057,PG_00057,13.382655006601329,0.966182710966003,Medium (11-25),0.8740666266426516,0.26370714093955927,0.820742004490232
5446,SRB-9001010.001.Pw10_vs_DMSO,Pw10,G_00058,PG_00058,25.825239020688677,0.32533831311198314,Low (2-10),0.6022638527084249,0.7717644704484469,0.4029408424838712
5448,SRB-9001010.001.Pw10_vs_DMSO,Pw10,G_00059,PG_00059,0.5132580715813826,0.4576084401784126,Low (2-10),0.7762191365377759,0.9666542516391622,0.899238583813757
5450,SRB-9001010.001.Pw11_vs_DMSO,Pw11,G_00000,PG_00000,5.689624282907243,0.0830262678884347,Silent,0.48200790400357085,0.4958341338660487,0.8754121886916552
5452,SRB-9001010.001.Pw11_vs_DMSO,Pw11,G_00001,PG_00001,27.936159405697474,0.30631976439765707,Single (1),0.8281506295932278,0.5899117878092174,0.7100619519882426
5454,SRB-9001010.001.Pw11_vs_DMSO,Pw11,G_00002,PG_00002,47.31124690934617,0.6004833588362176,Single (1),0.5601020636735254,0.21713744510495625,0.8041948160920164
5456,SRB-9001010.001.Pw11_vs_DMSO,Pw11,G_00003,PG_00003,4.075884885856176,0.35616439193442906,Single (1),0.20604821272513696,0.5814854341065006,0.16620671920506125
5458,SRB-9001010.001.Pw11_vs_DMSO,Pw11,G_00004,PG_00004,16.743596020418476,0.514827813702129,Single (1),0.31898683627325164,0.7682374589272305,0.1573602455574563
5460,SRB-9001010.001.Pw11_vs_DMSO,Pw11,G_00005,PG_00005,1.8270416970919772,0.07827096279598178,Medium (11-25),0.4410068706154979,0.6315816856993637,0.7327766848981706
5462,SRB-9001010.001.Pw11_vs_DMSO,Pw11,G_00006,PG_00006,4.2176835968378175,0.3720782047506872,Silent,0.38209627370147725,0.9948527464852758,0.8591969134369203
5464,SRB-9001010.001.Pw11_vs_DMSO,Pw11,G_00007,PG_00007,21.50108019388147,0.41898501650409725,Medium (11-25),0.18635851296952277,0.565978478706481,0.8618746803570594
5466,SRB-9001010.001.Pw11_vs_DMSO,Pw11,G_00008,PG_00008,22.836943489765314,0.8430078045612268,Single (1),0.7253727885536956,0.46864522157803945,0.13741186143260764
5468,SRB-9001010.001.Pw11_vs_DMSO,Pw11,G_00009,PG_00009,1.0141834391922238,0.8512982234214126,Silent,0.21310524141878207,0.7860464918358159,0.34058669084900295
5470,SRB-9001010.001.Pw11_vs_DMSO,Pw11,G_00010,PG_00010,6.047233550280012,0.6122407310157479,Silent,0.8877530570739607,0.7523661137464938,0.3113072482718394
5472,SRB-9001010.001.Pw11_vs_DMSO,Pw11,G_00011,PG_00011,15.183600553793283,0.40499296343987334,Low (2-10),0.6025481431774524,0.5731808882858926,0.7980550282072747
5474,SRB-9001010.001.Pw11_vs_DMSO,Pw11,G_00012,PG_00012,11.169359998889494,0.28013628090645093,Low (2-10),0.2107034133136716,0.7141636233279904,0.9702209459382864
5476,SRB-9001010.001.Pw11_vs_DMSO,Pw11,G_00013,PG_00013,18.426457741566296,0.48969132463037024,Single (1),0.5838954336776453,0.6336008344044909,0.1410665403419925
5478,SRB-9001010.001.Pw11_vs_DMSO,Pw11,G_00014,PG_00014,179.86420993798154,0.0761660959525543,Medium (11-25),0.5805985817744101,0.20758124003416567,0.9538236969140456
5480,SRB-9001010.001.Pw11_vs_DMSO,Pw11,G_00015,PG_00015,13.846223262925225,0.15165694620211057,High (>25),0.5715206046745115,0.04828331347569548,0.04121420694553313
5482,SRB-9001010.001.Pw11_vs_DMSO,Pw11,G_00016,PG_00016,27.254160429901518,0.7879830909540801,Medium (11-25),0.925555592004581,0.8944052213687155,0.8588169333788215
5484,SRB-9001010.001.Pw11_vs_DMSO,Pw11,G_00017,PG_00017,1.0496795098044416,0.8587416164096671,High (>25),0.46691707812940797,0.7640457811244459,0.8056831218902747
5486,SRB-9001010.001.Pw11_vs_DMSO,Pw11,G_00018,PG_00018,0.73562735938622,0.9281396476335969,Single (1),0.5182117643121943,0.7768737656245911,0.13364336448507708
5488,SRB-9001010.001.Pw11_vs_DMSO,Pw11,G_00019,PG_00019,0.421022627163452,0.5791066770069055,High (>25),0.6808624529750421,0.8188939273325202,0.04943595233472753
5490,SRB-9001010.001.Pw11_vs_DMSO,Pw11,G_00020,PG_00020,2.3007921082855116,0.9544960796455928,Low (2-10),0.6900061927601248,0.618532087725559,0.7966519114352716
5492,SRB-9001010.001.Pw11_vs_DMSO,Pw11,G_00021,PG_00021,22.18944535549354,0.32654860491586735,Single (1),0.5120085482754311,0.4146380267378259,0.8065456904818916
5494,SRB-9001010.001.Pw11_vs_DMSO,Pw11,G_00022,PG_00022,30.978169509338993,0.390537111319907,High (>25),0.8990015341868728,0.8071649853363262,0.3700188549213985
5496,SRB-9001010.001.Pw11_vs_DMSO,Pw11,G_00023,PG_00023,0.7966515325851202,0.6314880388052276,Low (2-10),0.014467285736084246,0.6730428569438721,0.703293018238012
5498,SRB-9001010.001.Pw11_vs_DMSO,Pw11,G_00024,PG_00024,7.475300604427092,0.12528872711656747,High (>25),0.2636809090825205,0.40278694368679435,0.6014932151711604
5500,SRB-9001010.001.Pw11_vs_DMSO,Pw11,G_00025,PG_00025,6.939077275870539,0.4966358930200019,High (>25),0.3765919015154573,0.3112380587294188,0.21547485050476145
5502,SRB-9001010.001.Pw11_vs_DMSO,Pw11,G_00026,PG_00026,2.796941004911462,0.12548612236918244,Low (2-10),0.2543077640568133,0.024802354283146144,0.9753863526387773
5504,SRB-9001010.001.Pw11_vs_DMSO,Pw11,G_00027,PG_00027,1.7212745780751377,0.5244177959782435,Medium (11-25),0.5436252334634083,0.21561536335227915,0.11894353300785843
5506,SRB-9001010.001.Pw11_vs_DMSO,Pw11,G_00028,PG_00028,5.066017044886562,0.7245025580562153,Silent,0.42683801208680716,0.8859764623170113,0.8500329097493762
5508,SRB-9001010.001.Pw11_vs_DMSO,Pw11,G_00029,PG_00029,6.356542580385965,0.59105396849892,Silent,0.9527055626897891,0.16050925073892375,0.2832173682597613
5510,SRB-9001010.001.Pw11_vs_DMSO,Pw11,G_00030,PG_00030,24.1156841953393,0.7607242914318137,Medium (11-25),0.13484372289083724,0.9376941518988269,0.056001931738423494
5512,SRB-9001010.001.Pw11_vs_DMSO,Pw11,G_00031,PG_00031,190.2862148934963,0.5905049312976042,Low (2-10),0.6865819610666992,0.10881538113334799,0.16499950147337106
5514,SRB-9001010.001.Pw11_vs_DMSO,Pw11,G_00032,PG_00032,0.7503166188315039,0.8385760748414935,Low (2-10),0.6589312479177045,0.6107888249866417,0.3248559861091497
5516,SRB-9001010.001.Pw11_vs_DMSO,Pw11,G_00033,PG_00033,4.617815040731941,0.3538772023280564,Medium (11-25),0.017979089519754354,0.23987607665737287,0.35625428065969666
5518,SRB-9001010.001.Pw11_vs_DMSO,Pw11,G_00034,PG_00034,21.443448831224245,0.7258786440190896,High (>25),0.29953082026748046,0.799918271128415,0.10268245285835886
5520,SRB-9001010.001.Pw11_vs_DMSO,Pw11,G_00035,PG_00035,2.0133984368487914,0.763220627929784,Single (1),0.1974436721416143,0.9341685124907775,0.459493122506607
5522,SRB-9001010.001.Pw11_vs_DMSO,Pw11,G_00036,PG_00036,8.007200921375794,0.6879323812758501,Silent,0.08541683138892053,0.8290236828548989,0.5988263885235775
5524,SRB-9001010.001.Pw11_vs_DMSO,Pw11,G_00037,PG_00037,13.646433950467422,0.36696597321909874,Silent,0.6364118505959137,0.8160184249491699,0.26488292803045155
5526,SRB-9001010.001.Pw11_vs_DMSO,Pw11,G_00038,PG_00038,17.999670612334352,0.8972132397536625,Silent,0.10721039806255706,0.28243804586634824,0.17228990668531186
5528,SRB-9001010.001.Pw11_vs_DMSO,Pw11,G_00039,PG_00039,11.954759635922919,0.23149375538721895,Single (1),0.028151662506814668,0.3747176645087924,0.6706618105522315
5530,SRB-9001010.001.Pw11_vs_DMSO,Pw11,G_00040,PG_00040,39.566428774220086,0.3570262205201087,Single (1),0.9025236321136293,0.05799684643408831,0.28412307577512297
5532,SRB-9001010.001.Pw11_vs_DMSO,Pw11,G_00041,PG_00041,2.3184251010343693,0.7553459525662576,Single (1),0.9670087958057153,0.14143331307385132,0.44013598605618776
5534,SRB-9001010.001.Pw11_vs_DMSO,Pw11,G_00042,PG_00042,9.759814517325765,0.47175171274265315,Single (1),0.7232904546874919,0.36944851333702977,0.6896781791687205
5536,SRB-9001010.001.Pw11_vs_DMSO,Pw11,G_00043,PG_00043,9.464477254620524,0.0495552604425229,Low (2-10),0.29074341910284485,0.32479664167656186,0.0410107815069336
5538,SRB-9001010.001.Pw11_vs_DMSO,Pw11,G_00044,PG_00044,4.776327848662879,0.6298349587259154,Low (2-10),0.05899775732208545,0.35396263035482567,0.9956114415893225
5540,SRB-9001010.001.Pw11_vs_DMSO,Pw11,G_00045,PG_00045,23.606107009926934,0.23550934997153739,Single (1),0.34059513165391087,0.6578019951702325,0.6808537071858214
5542,SRB-9001010.001.Pw11_vs_DMSO,Pw11,G_00046,PG_00046,0.6690566901706136,0.36991511648534847,High (>25),0.5064905296931257,0.8149428497942234,0.6748188892500637
5544,SRB-9001010.001.Pw11_vs_DMSO,Pw11,G_00047,PG_00047,4.273312817266418,0.3810493706615856,High (>25),0.6231582135594229,0.2900001840561889,0.5128412444925634
5546,SRB-9001010.001.Pw11_vs_DMSO,Pw11,G_00048,PG_00048,26.264153185017,0.2794977147703783,Low (2-10),0.8151631233465098,0.2923421276146957,0.6064538834225522
5548,SRB-9001010.001.Pw11_vs_DMSO,Pw11,G_00049,PG_00049,5.152362927742371,0.4217383759447888,Medium (11-25),0.4903290670613847,0.4456597536039204,0.3135440520746423
5550,SRB-9001010.001.Pw11_vs_DMSO,Pw11,G_00050,PG_00050,4.191205240663291,0.7933608526180026,High (>25),0.12730116105964595,0.4060101047311817,0.19973773864041677
5552,SRB-9001010.001.Pw11_vs_DMSO,Pw11,G_00051,PG_00051,12.154203613293145,0.7306732138164529,Single (1),0.11635650446739143,0.35080641338010987,0.33517193795117517
5554,SRB-9001010.001.Pw11_vs_DMSO,Pw11,G_00052,PG_00052,6.680060374864502,0.9631130422148474,Silent,0.2713538042840927,0.4956438435676004,0.3412527248009365
5556,SRB-9001010.001.Pw11_vs_DMSO,Pw11,G_00053,PG_00053,1.0759885037807864,0.09716916891208482,High (>25),0.24887336498068435,0.9288401395406465,0.09307712171489857
5558,SRB-9001010.001.Pw11_vs_DMSO,Pw11,G_00054,PG_00054,0.3444814883678709,0.6809794351617074,Low (2-10),0.6086090214955128,0.6991811741639355,0.11856790999277123
5560,SRB-9001010.001.Pw11_vs_DMSO,Pw11,G_00055,PG_00055,9.940886910066055,0.2661099881259845,Low (2-10),0.6306992412999473,0.8306297920875227,0.5096690224950902
5562,SRB-9001010.001.Pw11_vs_DMSO,Pw11,G_00056,PG_00056,0.21511475329571964,0.5618201441925954,Silent,0.03603129245327619,0.2591453517976603,0.6542055157688234
5564,SRB-9001010.001.Pw11_vs_DMSO,Pw11,G_00057,PG_00057,2.0775890876507352,0.056193352708767796,Single (1),0.3294248388814871,0.31867472458269097,0.9758419224359366
5566,SRB-9001010.001.Pw11_vs_DMSO,Pw11,G_00058,PG_00058,6.018899603633788,0.9184657717107969,Silent,0.14591317541792548,0.07382442323096283,0.25361784130185305
5568,SRB-9001010.001.Pw11_vs_DMSO,Pw11,G_00059,PG_00059,28.15437561760158,0.8139410596388011,High (>25),0.2856984873428803,0.37572261439975474,0.8829999845476885
5570,SRB-9001011.001.Pw10_vs_DMSO,Pw10,G_00000,PG_00000,11.254699277084944,0.1482555988740727,Silent,0.02766918320152001,0.09359521949851568,0.8918144459729876
5572,SRB-9001011.001.Pw10_vs_DMSO,Pw10,G_00001,PG_00001,0.6223086439019327,0.9420084377970058,Silent,0.41773179567624896,0.573784949414289,0.23035288229815498
5574,SRB-9001011.001.Pw10_vs_DMSO,Pw10,G_00002,PG_00002,4.492766056947421,0.2234511928163173,Low (2-10),0.5642666015429453,0.8948328780846426,0.6452353722803216
5576,SRB-9001011.001.Pw10_vs_DMSO,Pw10,G_00003,PG_00003,8.336557574671566,0.27871988391774205,Medium (11-25),0.18404643310946156,0.5359122051805658,0.652429826449599
5578,SRB-9001011.001.Pw10_vs_DMSO,Pw10,G_00004,PG_00004,23.999833184300435,0.4726747717514028,Single (1),0.6634989601062804,0.6938831130326398,0.3615207516127912
5580,SRB-9001011.001.Pw10_vs_DMSO,Pw10,G_00005,PG_00005,25.960711659753535,0.16271720350861119,Medium (11-25),0.676500791412445,0.5336321984377285,0.4859350509171474
5582,SRB-9001011.001.Pw10_vs_DMSO,Pw10,G_00006,PG_00006,2.0083937698453513,0.9465375962669228,Silent,0.3905872986359693,0.601832633138485,0.3026727912560824
5584,SRB-9001011.001.Pw10_vs_DMSO,Pw10,G_00007,PG_00007,12.853202900125659,0.35454385933674415,Low (2-10),0.5910744850011136,0.8791893186623612,0.6242033761870659
5586,SRB-9001011.001.Pw10_vs_DMSO,Pw10,G_00008,PG_00008,5.383684765147024,0.7177997769362235,Medium (11-25),0.031532891710096544,0.04014661599256519,0.5561434768219602
5588,SRB-9001011.001.Pw10_vs_DMSO,Pw10,G_00009,PG_00009,3.43936381623205,0.6663968991762123,Silent,0.5416919775636421,0.5252911346373176,0.048151817171900535
5590,SRB-9001011.001.Pw10_vs_DMSO,Pw10,G_00010,PG_00010,2.1088797646424178,0.9565679632290635,High (>25),0.3703592413058394,0.6014159193116336,0.05420949986179713
5592,SRB-9001011.001.Pw10_vs_DMSO,Pw10,G_00011,PG_00011,5.0062309212262806,0.35264218635099476,Low (2-10),0.33100072358372434,0.6014708918537414,0.7462113181133709
5594,SRB-9001011.001.Pw10_vs_DMSO,Pw10,G_00012,PG_00012,8.53393446580877,0.4350012326641608,Single (1),0.19432800994806299,0.5382580418252533,0.058207626968484916
5596,SRB-9001011.001.Pw10_vs_DMSO,Pw10,G_00013,PG_00013,1.160219097019963,0.7450477668812057,Low (2-10),0.3727095632852845,0.26237750675156046,0.5678879867218593
5598,SRB-9001011.001.Pw10_vs_DMSO,Pw10,G_00014,PG_00014,42.44993663945566,0.37086364136077965,Silent,0.8501460166950714,0.1955529821998836,0.9381676807469571
5600,SRB-9001011.001.Pw10_vs_DMSO,Pw10,G_00015,PG_00015,50.74302798311764,0.9677751337076467,Medium (11-25),0.7140800771657434,0.3859038924424123,0.8146313602818933
5602,SRB-9001011.001.Pw10_vs_DMSO,Pw10,G_00016,PG_00016,7.408362798345998,0.5628467552851187,Silent,0.20607636874821056,0.3541611072416797,0.5461155302167688
5604,SRB-9001011.001.Pw10_vs_DMSO,Pw10,G_00017,PG_00017,3.9380638222956152,0.5655221453552075,Medium (11-25),0.234155605237782,0.24727336313615256,0.6572277165875583
5606,SRB-9001011.001.Pw10_vs_DMSO,Pw10,G_00018,PG_00018,17.141396725945686,0.6267767633196353,Single (1),0.764966001884245,0.29162773247953977,0.624160388134939
5608,SRB-9001011.001.Pw10_vs_DMSO,Pw10,G_00019,PG_00019,7.3042772145086285,0.2850220411070139,High (>25),0.4957855265813742,0.7888782913121801,0.3990939880774421
5610,SRB-9001011.001.Pw10_vs_DMSO,Pw10,G_00020,PG_00020,32.950750726470964,0.6217088636448547,High (>25),0.6791674275517514,0.5258106553105705,0.22779704794844324
5612,SRB-9001011.001.Pw10_vs_DMSO,Pw10,G_00021,PG_00021,21.195415565753457,0.9270033990819248,Medium (11-25),0.44698576976826,0.9897153517807593,0.3214102612059191
5614,SRB-9001011.001.Pw10_vs_DMSO,Pw10,G_00022,PG_00022,4.700035437549602,0.36770026975327075,High (>25),0.12187301794007932,0.9417818106025373,0.8019246935399714
5616,SRB-9001011.001.Pw10_vs_DMSO,Pw10,G_00023,PG_00023,3.392322255980223,0.22508125173131477,Single (1),0.17702058453353864,0.3457904652796754,0.10357197692766018
5618,SRB-9001011.001.Pw10_vs_DMSO,Pw10,G_00024,PG_00024,10.379083093318087,0.5455701422097451,Silent,0.7691080027908184,0.3678282650363076,0.5800825455632868
5620,SRB-9001011.001.Pw10_vs_DMSO,Pw10,G_00025,PG_00025,9.839075559394688,0.5585353623117764,High (>25),0.3905213750060825,0.8096051960878297,0.22171480614962635
5622,SRB-9001011.001.Pw10_vs_DMSO,Pw10,G_00026,PG_00026,11.10325151365162,0.23533785529400597,Silent,0.3910050489642277,0.2523281269501042,0.9501767590980177
5624,SRB-9001011.001.Pw10_vs_DMSO,Pw10,G_00027,PG_00027,10.524034654533752,0.3238953141962351,Silent,0.05848861471119782,0.09899506123289448,0.6264008267594458
5626,SRB-9001011.001.Pw10_vs_DMSO,Pw10,G_00028,PG_00028,0.03114964658034025,0.9724541494680403,High (>25),0.7244348304119138,0.6985515444711158,0.03512167291450574
5628,SRB-9001011.001.Pw10_vs_DMSO,Pw10,G_00029,PG_00029,19.143394011280343,0.01959777530523632,Medium (11-25),0.6318358685954334,0.38348447020169485,0.8291678072935211
5630,SRB-9001011.001.Pw10_vs_DMSO,Pw10,G_00030,PG_00030,0.8559022139133057,0.12604102331952638,Low (2-10),0.7037276030410374,0.7791816121794913,0.625264928812051
5632,SRB-9001011.001.Pw10_vs_DMSO,Pw10,G_00031,PG_00031,38.16253617128146,0.24883904560239123,Silent,0.9973185528424964,0.7404205191938457,0.930156924413161
5634,SRB-9001011.001.Pw10_vs_DMSO,Pw10,G_00032,PG_00032,12.210320324538824,0.4946987843602243,Silent,0.10020983237130365,0.6544309849015065,0.44485569177490447
5636,SRB-9001011.001.Pw10_vs_DMSO,Pw10,G_00033,PG_00033,1.217278752921472,0.8637829572178902,Medium (11-25),0.8769897831635898,0.07801747030163098,0.8747062647447541
5638,SRB-9001011.001.Pw10_vs_DMSO,Pw10,G_00034,PG_00034,14.806793958000998,0.5073750917624293,Low (2-10),0.17374999063979246,0.5104739545399224,0.27308790668283534
5640,SRB-9001011.001.Pw10_vs_DMSO,Pw10,G_00035,PG_00035,7.354031821477292,0.2685212092671766,Silent,0.7436544749875573,0.1546508193368129,0.1597294729688702
5642,SRB-9001011.001.Pw10_vs_DMSO,Pw10,G_00036,PG_00036,16.32364687658933,0.07790777857532272,High (>25),0.11731362760651798,0.5466531898197351,0.36015376436967983
5644,SRB-9001011.001.Pw10_vs_DMSO,Pw10,G_00037,PG_00037,26.410152412811506,0.09815316643014593,Silent,0.35175465177941445,0.17921904536955957,0.3966845360210399
5646,SRB-9001011.001.Pw10_vs_DMSO,Pw10,G_00038,PG_00038,9.77496068866032,0.5259923278425175,Low (2-10),0.24135438369038353,0.37338868007599046,0.5685132435014355
5648,SRB-9001011.001.Pw10_vs_DMSO,Pw10,G_00039,PG_00039,25.948593423103684,0.24706583336287968,High (>25),0.8125273995988844,0.848235710329831,0.3862842234447178
5650,SRB-9001011.001.Pw10_vs_DMSO,Pw10,G_00040,PG_00040,19.657352076235256,0.2692079929973231,High (>25),0.2512708227141799,0.043907772661823996,0.11997192412740665
5652,SRB-9001011.001.Pw10_vs_DMSO,Pw10,G_00041,PG_00041,6.550511333111151,0.5497664380355931,Low (2-10),0.14299731919286063,0.4574469937494837,0.022629078359402532
5654,SRB-9001011.001.Pw10_vs_DMSO,Pw10,G_00042,PG_00042,174.5519642812331,0.0837231057668597,Single (1),0.48068291600833446,0.2982572639683104,0.27256003713397425
5656,SRB-9001011.001.Pw10_vs_DMSO,Pw10,G_00043,PG_00043,0.3373821888191018,0.4297867365319382,Single (1),0.474611764905268,0.4416506073084363,0.6456233776243709
5658,SRB-9001011.001.Pw10_vs_DMSO,Pw10,G_00044,PG_00044,3.051210845572822,0.4578713728012014,Medium (11-25),0.027977703722947278,0.27394151434036684,0.5355882594327431
5660,SRB-9001011.001.Pw10_vs_DMSO,Pw10,G_00045,PG_00045,29.653116850179305,0.9710155483826023,High (>25),0.6248002166503814,0.8108355030316334,0.8667546940685592
5662,SRB-9001011.001.Pw10_vs_DMSO,Pw10,G_00046,PG_00046,1.4666467797203144,0.8865728223083672,Single (1),0.36929012281603446,0.2293118028068668,0.67417154641078
5664,SRB-9001011.001.Pw10_vs_DMSO,Pw10,G_00047,PG_00047,33.61336955981946,0.7738806404817835,Silent,0.8509454256960797,0.13152784915321358,0.8899955388967976
5666,SRB-9001011.001.Pw10_vs_DMSO,Pw10,G_00048,PG_00048,2.2872038443981237,0.913143210567498,Medium (11-25),0.29437482026601525,0.45188542379927354,0.7548046198723615
5668,SRB-9001011.001.Pw10_vs_DMSO,Pw10,G_00049,PG_00049,17.181860667893126,0.6379551173212074,Medium (11-25),0.8087424297371749,0.7771088483096149,0.004250944895451525
5670,SRB-9001011.001.Pw10_vs_DMSO,Pw10,G_00050,PG_00050,0.43126417147874285,0.9969819257628907,Silent,0.27666010834001487,0.7900902005693228,0.9502440130409376
5672,SRB-9001011.001.Pw10_vs_DMSO,Pw10,G_00051,PG_00051,4.5198810494184904,0.7863307369533457,Single (1),0.015992220526718337,0.20699169631736447,0.08964064337987665
5674,SRB-9001011.001.Pw10_vs_DMSO,Pw10,G_00052,PG_00052,0.9267653180786666,0.9704891232324343,Low (2-10),0.47273735094610914,0.1460960926056939,0.8772361575452506
5676,SRB-9001011.001.Pw10_vs_DMSO,Pw10,G_00053,PG_00053,17.411663293074973,0.849828629523736,Medium (11-25),0.7942386888345426,0.1536297329811146,0.5191399689667276
5678,SRB-9001011.001.Pw10_vs_DMSO,Pw10,G_00054,PG_00054,8.540267228747958,0.7760199168803001,Medium (11-25),0.6443480181209961,0.1739690096126726,0.9380381591391439
5680,SRB-9001011.001.Pw10_vs_DMSO,Pw10,G_00055,PG_00055,1.022432519212939,0.6700880923935587,Low (2-10),0.5224657812413243,0.8719202699655019,0.6522064743272371
5682,SRB-9001011.001.Pw10_vs_DMSO,Pw10,G_00056,PG_00056,1.7123729152211449,0.7148283957911082,Single (1),0.6068504902129351,0.9560431928662941,0.8703032096477187
5684,SRB-9001011.001.Pw10_vs_DMSO,Pw10,G_00057,PG_00057,2.577736994843151,0.6647044635139971,Silent,0.7978834824720882,0.9369320692399564,0.07947005193543977
5686,SRB-9001011.001.Pw10_vs_DMSO,Pw10,G_00058,PG_00058,14.231150377199672,0.38555348351820495,Silent,0.07237950356687539,0.11795187836908838,0.05297000667590568
5688,SRB-9001011.001.Pw10_vs_DMSO,Pw10,G_00059,PG_00059,10.701666371573939,0.9693475394593416,Low (2-10),0.40819233217431217,0.40157593105923794,0.9598237453106679
5690,SRB-9001011.001.Pw11_vs_DMSO,Pw11,G_00000,PG_00000,9.227152668377464,0.6410433967401388,Single (1),0.362249661771166,0.3357503426855126,0.362909535439503
5692,SRB-9001011.001.Pw11_vs_DMSO,Pw11,G_00001,PG_00001,5.348154523552784,0.15008613468441023,Medium (11-25),0.24015218559704254,0.936576283324694,0.20364598208161433
5694,SRB-9001011.001.Pw11_vs_DMSO,Pw11,G_00002,PG_00002,21.49796166871402,0.5988672010217228,Silent,0.6520799139046483,0.7833704399907852,0.9490808853914807
5696,SRB-9001011.001.Pw11_vs_DMSO,Pw11,G_00003,PG_00003,30.968341108918956,0.9292030537027328,Medium (11-25),0.2091766620246881,0.9626935128238927,0.7581072861340364
5698,SRB-9001011.001.Pw11_vs_DMSO,Pw11,G_00004,PG_00004,17.98923023649176,0.2974790316234278,Single (1),0.1372275168466892,0.19615425974466305,0.1461214830641827
5700,SRB-9001011.001.Pw11_vs_DMSO,Pw11,G_00005,PG_00005,11.680949343576339,0.1638340906985496,Silent,0.4020341480670616,0.606981912730853,0.4960884040847142
5702,SRB-9001011.001.Pw11_vs_DMSO,Pw11,G_00006,PG_00006,0.9787898518664475,0.7321641249122428,Single (1),0.06546273462674179,0.3157168841181489,0.9229692754694787
5704,SRB-9001011.001.Pw11_vs_DMSO,Pw11,G_00007,PG_00007,17.398071920593193,0.7397437975451306,High (>25),0.9995520482606899,0.565161225197022,0.5785501882462744
5706,SRB-9001011.001.Pw11_vs_DMSO,Pw11,G_00008,PG_00008,21.035766706222866,0.07899120863345765,Medium (11-25),0.30288019704004576,0.7783582053897249,0.007464453644947966
5708,SRB-9001011.001.Pw11_vs_DMSO,Pw11,G_00009,PG_00009,0.12741401327590735,0.6129118954227192,Low (2-10),0.7722883602037403,0.5522731527598232,0.10408276070399658
5710,SRB-9001011.001.Pw11_vs_DMSO,Pw11,G_00010,PG_00010,12.289302331297705,0.28172078379311516,Low (2-10),0.7366115986905333,0.018411260053910472,0.11625526266281505
5712,SRB-9001011.001.Pw11_vs_DMSO,Pw11,G_00011,PG_00011,4.772777042037394,0.6124787420484149,Silent,0.04958640985044749,0.44891046103744314,0.3271656438507592
5714,SRB-9001011.001.Pw11_vs_DMSO,Pw11,G_00012,PG_00012,14.373653923715791,0.6160305177997006,Medium (11-25),0.42522691534745427,0.5618266828560123,0.7853874417918139
5716,SRB-9001011.001.Pw11_vs_DMSO,Pw11,G_00013,PG_00013,4.760422113738945,0.28272709204628255,Low (2-10),0.043270054208567776,0.7763335235933251,0.982158294941793
5718,SRB-9001011.001.Pw11_vs_DMSO,Pw11,G_00014,PG_00014,10.960075654146088,0.565547628093824,Low (2-10),0.027428680714620235,0.5815787367739803,0.07324622192871955
5720,SRB-9001011.001.Pw11_vs_DMSO,Pw11,G_00015,PG_00015,13.555640889751487,0.8107823810160536,Medium (11-25),0.38907956395904286,0.9610643510935645,0.29595065881607663
5722,SRB-9001011.001.Pw11_vs_DMSO,Pw11,G_00016,PG_00016,28.67863343771294,0.5109060629802179,Medium (11-25),0.31501854094596426,0.6996206376762076,0.8320201371253485
5724,SRB-9001011.001.Pw11_vs_DMSO,Pw11,G_00017,PG_00017,1.1722439187375375,0.20243978684306063,Low (2-10),0.002184955240877584,0.7230029123340377,0.21471662946819492
5726,SRB-9001011.001.Pw11_vs_DMSO,Pw11,G_00018,PG_00018,2.7694747246586964,0.029959767090688372,Silent,0.78329284546486,0.18885543817254224,0.37114133914492964
5728,SRB-9001011.001.Pw11_vs_DMSO,Pw11,G_00019,PG_00019,25.029174346970187,0.3432780729016316,High (>25),0.2002045701474029,0.5693755810585198,0.29400326011397804
5730,SRB-9001011.001.Pw11_vs_DMSO,Pw11,G_00020,PG_00020,30.633843918069992,0.816896230481859,Single (1),0.03535376364090448,0.5969235886601537,0.8545308931881983
5732,SRB-9001011.001.Pw11_vs_DMSO,Pw11,G_00021,PG_00021,8.905537149835986,0.5239059546383698,Low (2-10),0.027943883247134926,0.16593197257950176,0.9840785493327386
5734,SRB-9001011.001.Pw11_vs_DMSO,Pw11,G_00022,PG_00022,62.22282133053456,0.4174768123316792,Single (1),0.9206456147913864,0.32390516643046163,0.9318999689352955
5736,SRB-9001011.001.Pw11_vs_DMSO,Pw11,G_00023,PG_00023,40.957178950430695,0.09215938243208988,High (>25),0.8870078474157485,0.7634385024605622,0.09345919044092987
5738,SRB-9001011.001.Pw11_vs_DMSO,Pw11,G_00024,PG_00024,5.7864853066398645,0.3437688455582132,High (>25),0.08720283708712495,0.4229422976054199,0.8765289170638375
5740,SRB-9001011.001.Pw11_vs_DMSO,Pw11,G_00025,PG_00025,17.022289308277642,0.14335268684182423,Silent,0.9865193880721068,0.6509907948489603,0.043665951910118794
5742,SRB-9001011.001.Pw11_vs_DMSO,Pw11,G_00026,PG_00026,8.809611349641028,0.022864301045317226,Medium (11-25),0.7411890295112933,0.7496999570077278,0.049851060960314886
5744,SRB-9001011.001.Pw11_vs_DMSO,Pw11,G_00027,PG_00027,3.3668844973783525,0.727439338707208,Low (2-10),0.038299296825565654,0.04773525503451215,0.8261015988584844
5746,SRB-9001011.001.Pw11_vs_DMSO,Pw11,G_00028,PG_00028,29.47449862801536,0.09289673279119193,High (>25),0.32167889974274844,0.9784552973465452,0.6190624854116289
5748,SRB-9001011.001.Pw11_vs_DMSO,Pw11,G_00029,PG_00029,16.685968952132743,0.8127287221884163,High (>25),0.47304408600542225,0.6310222008321268,0.5742440264833423
5750,SRB-9001011.001.Pw11_vs_DMSO,Pw11,G_00030,PG_00030,4.06811383556018,0.3404565931573511,Low (2-10),0.30226320200604406,0.8921089023295034,0.1441013653391836
5752,SRB-9001011.001.Pw11_vs_DMSO,Pw11,G_00031,PG_00031,2.006020660097703,0.1936159930625927,Low (2-10),0.9021883691800174,0.171541811605612,0.12579593961905877
5754,SRB-9001011.001.Pw11_vs_DMSO,Pw11,G_00032,PG_00032,0.161280009647188,0.7444586188341348,Single (1),0.8553173477162131,0.748608529240973,0.604814648003722
5756,SRB-9001011.001.Pw11_vs_DMSO,Pw11,G_00033,PG_00033,25.73449323656054,0.8725359001334078,Silent,0.027317521860967142,0.17998564780098691,0.9344640003454506
5758,SRB-9001011.001.Pw11_vs_DMSO,Pw11,G_00034,PG_00034,28.06898882419227,0.7449454703052183,Medium (11-25),0.8835884705415278,0.05944816871517622,0.9060788335433628
5760,SRB-9001011.001.Pw11_vs_DMSO,Pw11,G_00035,PG_00035,16.239782785299607,0.32969240973884795,Low (2-10),0.6772740530418282,0.054453889500091446,0.957992078476236
5762,SRB-9001011.001.Pw11_vs_DMSO,Pw11,G_00036,PG_00036,4.532837648149377,0.9362236407383021,Single (1),0.6301115229119412,0.15751959890263523,0.9789294475031878
5764,SRB-9001011.001.Pw11_vs_DMSO,Pw11,G_00037,PG_00037,1.670232976653739,0.2065564942584731,Single (1),0.23993269279496376,0.5062791660936843,0.03675916282590885
5766,SRB-9001011.001.Pw11_vs_DMSO,Pw11,G_00038,PG_00038,4.452963354103499,0.785408082337784,High (>25),0.6605690836516003,0.3158697972255291,0.12556977784727874
5768,SRB-9001011.001.Pw11_vs_DMSO,Pw11,G_00039,PG_00039,7.898293224678249,0.01951076263507212,Low (2-10),0.5240729270001738,0.05945394881129096,0.8087485794364645
5770,SRB-9001011.001.Pw11_vs_DMSO,Pw11,G_00040,PG_00040,4.699902494052164,0.21309017464608992,Silent,0.787699145634624,0.9544199931763527,0.13632887648960546
5772,SRB-9001011.001.Pw11_vs_DMSO,Pw11,G_00041,PG_00041,7.390520424658628,0.05577201123419373,High (>25),0.2744253758089621,0.8240147226675336,0.15170371594824883
5774,SRB-9001011.001.Pw11_vs_DMSO,Pw11,G_00042,PG_00042,3.6532220644102655,0.9050013848762664,Low (2-10),0.10198441040196815,0.4679661976706604,0.3711228934063038
5776,SRB-9001011.001.Pw11_vs_DMSO,Pw11,G_00043,PG_00043,0.760522529853842,0.5290503780318925,Single (1),0.03697656589399889,0.5741455576731432,0.9565690964613833
5778,SRB-9001011.001.Pw11_vs_DMSO,Pw11,G_00044,PG_00044,9.35857708071138,0.4926461276743386,Medium (11-25),0.6813901896989314,0.8162727439555042,0.6736052364493762
5780,SRB-9001011.001.Pw11_vs_DMSO,Pw11,G_00045,PG_00045,0.11626834238375147,0.5450130255906598,High (>25),0.8291052200777681,0.10915663804215325,0.249193220135844
5782,SRB-9001011.001.Pw11_vs_DMSO,Pw11,G_00046,PG_00046,3.4209964601365748,0.8638069430700214,Silent,0.40302584683697806,0.9301761223423052,0.15433752889160135
5784,SRB-9001011.001.Pw11_vs_DMSO,Pw11,G_00047,PG_00047,39.8699682793095,0.29759110108408593,Low (2-10),0.7046399795791738,0.8670004841060489,0.43668832426861603
5786,SRB-9001011.001.Pw11_vs_DMSO,Pw11,G_00048,PG_00048,30.556814660030792,0.04455298126361462,High (>25),0.3512708197537837,0.027484175065279115,0.34703539979908615
5788,SRB-9001011.001.Pw11_vs_DMSO,Pw11,G_00049,PG_00049,8.139351965757228,0.8639157479584232,Silent,0.9183891682887497,0.012432864552549994,0.8179048682609462
5790,SRB-9001011.001.Pw11_vs_DMSO,Pw11,G_00050,PG_00050,27.50774462494116,0.4936151275215306,Silent,0.27643412811959733,0.9420126814258205,0.515039650402545
5792,SRB-9001011.001.Pw11_vs_DMSO,Pw11,G_00051,PG_00051,0.7478195053241379,0.8883073819257608,Silent,0.9929040834212208,0.6724736260132741,0.9242274412644277
5794,SRB-9001011.001.Pw11_vs_DMSO,Pw11,G_00052,PG_00052,13.690874683171295,0.8687516954574552,Single (1),0.47338920046022803,0.05937273778901819,0.775619956071549
5796,SRB-9001011.001.Pw11_vs_DMSO,Pw11,G_00053,PG_00053,0.32527103347739106,0.8563243389155134,High (>25),0.4441336100804659,0.7207183077675046,0.9346523307282985
5798,SRB-9001011.001.Pw11_vs_DMSO,Pw11,G_00054,PG_00054,12.811316887705704,0.778487066494908,High (>25),0.32179514842236434,0.7141549327208371,0.6748205408518078
5800,SRB-9001011.001.Pw11_vs_DMSO,Pw11,G_00055,PG_00055,3.674731399035178,0.6974325234307663,Silent,0.027487414857980785,0.19996024592703865,0.9622389497888353
5802,SRB-9001011.001.Pw11_vs_DMSO,Pw11,G_00056,PG_00056,5.769984943761372,0.13927147032923748,Medium (11-25),0.33291691310019866,0.9264424987468548,0.92773846545013
5804,SRB-9001011.001.Pw11_vs_DMSO,Pw11,G_00057,PG_00057,33.149936124960384,0.8045731744293374,Low (2-10),0.1318039468167681,0.0001013700752542368,0.5826013477815251
5806,SRB-9001011.001.Pw11_vs_DMSO,Pw11,G_00058,PG_00058,3.2892709342490205,0.36934218764169047,Silent,0.6521352673900215,0.7777312772305184,0.1182572382191256
5808,SRB-9001011.001.Pw11_vs_DMSO,Pw11,G_00059,PG_00059,0.5105445332381031,0.8362016692904792,Medium (11-25),0.6569273036904909,0.04121348713090789,0.39525960515436376
