id,pg,genes,uniquecontrast,logfc,pvalue,adjpval,significant,plate
2929,PG_00000,G_00000,SRB-9001000.001.Pw10_vs_DMSO,-1.3379040729669565,0.6884686717061334,1.0,0,Pw10
2931,PG_00001,G_00001,SRB-9001000.001.Pw10_vs_DMSO,1.743659705963288,0.8611751016859633,1.0,0,Pw10
2933,PG_00002,G_00002,SRB-9001000.001.Pw10_vs_DMSO,-0.17977093595085678,0.20743694616096747,0.5548077390973333,0,Pw10
2935,PG_00003,G_00003,SRB-9001000.001.Pw10_vs_DMSO,2.5684028391460814,0.848819502504839,1.0,0,Pw10
2937,PG_00004,G_00004,SRB-9001000.001.Pw10_vs_DMSO,-2.082815804534525,0.3260338874712491,0.3303633804162052,0,Pw10
2939,PG_00005,G_00005,SRB-9001000.001.Pw10_vs_DMSO,-0.22637005107292646,0.562383339628414,1.0,0,Pw10
2941,PG_00006,G_00006,SRB-9001000.001.Pw10_vs_DMSO,0.10271244240992503,0.34904598673598974,1.0,0,Pw10
2943,PG_00007,G_00007,SRB-9001000.001.Pw10_vs_DMSO,-0.9825210289065771,0.8662215964998876,1.0,0,Pw10
2945,PG_00008,G_00008,SRB-9001000.001.Pw10_vs_DMSO,-0.027977143431202132,0.7427662449620952,1.0,0,Pw10
2947,PG_00009,G_00009,SRB-9001000.001.Pw10_vs_DMSO,0.09354618528873701,0.962266698160877,1.0,0,Pw10
2949,PG_00010,G_00010,SRB-9001000.001.Pw10_vs_DMSO,-0.657479857751725,0.7791268083792736,1.0,0,Pw10
2951,PG_00011,G_00011,SRB-9001000.001.Pw10_vs_DMSO,-2.6502999981989652,0.17369367061624263,0.6149015879828678,0,Pw10
2953,PG_00012,G_00012,SRB-9001000.001.Pw10_vs_DMSO,0.6982245412820172,0.9620490864755431,1.0,0,Pw10
2955,PG_00013,G_00013,SRB-9001000.001.Pw10_vs_DMSO,-3.13024802741478,0.5689249417398949,0.8436372821115458,0,Pw10
2957,PG_00014,G_00014,SRB-9001000.001.Pw10_vs_DMSO,-0.10460419729408507,0.4591800231322339,0.9576037171528096,0,Pw10
2959,PG_00015,G_00015,SRB-9001000.001.Pw10_vs_DMSO,0.4411174946840733,0.8741379576907473,1.0,0,Pw10
2961,PG_00016,G_00016,SRB-9001000.001.Pw10_vs_DMSO,2.263084257621526,0.7866422395797102,1.0,0,Pw10
2963,PG_00017,G_00017,SRB-9001000.001.Pw10_vs_DMSO,0.3299816479772232,0.7146303835211582,1.0,0,Pw10
2965,PG_00018,G_00018,SRB-9001000.001.Pw10_vs_DMSO,1.770715984509987,0.6211690921969462,1.0,0,Pw10
2967,PG_00019,G_00019,SRB-9001000.001.Pw10_vs_DMSO,1.5568242164768362,0.8718484180995596,1.0,0,Pw10
2969,PG_00020,G_00020,SRB-9001000.001.Pw10_vs_DMSO,-0.5131236148388135,0.8457857163193738,1.0,0,Pw10
2971,PG_00021,G_00021,SRB-9001000.001.Pw10_vs_DMSO,-0.7802405012375494,0.6516648283319862,1.0,0,Pw10
2973,PG_00022,G_00022,SRB-9001000.001.Pw10_vs_DMSO,-1.6193579028775895,0.29406573107747747,1.0,0,Pw10
2975,PG_00023,G_00023,SRB-9001000.001.Pw10_vs_DMSO,-1.2962273202466903,0.3838231262913521,0.551813603155541,0,Pw10
2977,PG_00024,G_00024,SRB-9001000.001.Pw10_vs_DMSO,-0.1215409194536719,0.7273817399306273,1.0,0,Pw10
2979,PG_00025,G_00025,SRB-9001000.001.Pw10_vs_DMSO,-0.270805061336687,0.4671713587804932,0.7218765930150135,0,Pw10
2981,PG_00026,G_00026,SRB-9001000.001.Pw10_vs_DMSO,0.42353227419614625,0.2686159914226299,0.6550545344362818,0,Pw10
2983,PG_00027,G_00027,SRB-9001000.001.Pw10_vs_DMSO,-0.5812046410384898,0.10937943832535073,0.19420857675310849,0,Pw10
2985,PG_00028,G_00028,SRB-9001000.001.Pw10_vs_DMSO,-0.041568634538841645,0.8923252087608174,1.0,0,Pw10
2987,PG_00029,G_00029,SRB-9001000.001.Pw10_vs_DMSO,-0.9843702727976724,0.4616475093929243,1.0,0,Pw10
2989,PG_00030,G_00030,SRB-9001000.001.Pw10_vs_DMSO,0.8000801253634762,0.019578400338981134,0.08921495493496573,0,Pw10
2991,PG_00031,G_00031,SRB-9001000.001.Pw10_vs_DMSO,1.6851465550348044,0.7695593583218804,1.0,0,Pw10
2993,PG_00032,G_00032,SRB-9001000.001.Pw10_vs_DMSO,-0.9563147381488553,0.9489498188318854,1.0,0,Pw10
2995,PG_00033,G_00033,SRB-9001000.001.Pw10_vs_DMSO,-2.7185342403063415,0.3836117735891629,1.0,0,Pw10
2997,PG_00034,G_00034,SRB-9001000.001.Pw10_vs_DMSO,-1.585402155220145,0.9259236108061434,1.0,0,Pw10
2999,PG_00035,G_00035,SRB-9001000.001.Pw10_vs_DMSO,0.2585420208883231,0.3223703279660608,1.0,0,Pw10
3001,PG_00036,G_00036,SRB-9001000.001.Pw10_vs_DMSO,-0.06003913344951854,0.8696845803477803,1.0,0,Pw10
3003,PG_00037,G_00037,SRB-9001000.001.Pw10_vs_DMSO,2.0004886653791187,0.6703568075209851,1.0,0,Pw10
3005,PG_00038,G_00038,SRB-9001000.001.Pw10_vs_DMSO,0.35044337734809744,0.33918460666992734,1.0,0,Pw10
3007,PG_00039,G_00039,SRB-9001000.001.Pw10_vs_DMSO,-0.008605372387172575,0.3160381365294015,0.37012097901263,0,Pw10
3009,PG_00040,G_00040,SRB-9001000.001.Pw10_vs_DMSO,1.3065362422138345,0.23053911702565102,0.8523166951390992,0,Pw10
3011,PG_00041,G_00041,SRB-9001000.001.Pw10_vs_DMSO,0.1392271576544438,0.01857093401777561,0.04250343851190415,0,Pw10
3013,PG_00042,G_00042,SRB-9001000.001.Pw10_vs_DMSO,1.8744208581699093,0.1375901553855991,0.4329113228887029,0,Pw10
3015,PG_00043,G_00043,SRB-9001000.001.Pw10_vs_DMSO,0.6572016119211808,0.9394607521367733,1.0,0,Pw10
3017,PG_00044,G_00044,SRB-9001000.001.Pw10_vs_DMSO,0.11811344893052023,0.4197276083598007,1.0,0,Pw10
3019,PG_00045,G_00045,SRB-9001000.001.Pw10_vs_DMSO,1.040682028689515,0.05932609834398337,0.10936117596905955,0,Pw10
3021,PG_00046,G_00046,SRB-9001000.001.Pw10_vs_DMSO,-0.060082515629739944,0.3843023963079795,0.7478498481526713,0,Pw10
3023,PG_00047,G_00047,SRB-9001000.001.Pw10_vs_DMSO,-0.7525587489053056,0.1710907323537184,0.5033790106119209,0,Pw10
3025,PG_00048,G_00048,SRB-9001000.001.Pw10_vs_DMSO,1.392423884981242,0.2575170800651679,0.9779757879032289,0,Pw10
3027,PG_00049,G_00049,SRB-9001000.001.Pw10_vs_DMSO,-0.12856082962354604,0.4150477339681171,0.9546720024094385,0,Pw10
3029,PG_00050,G_00050,SRB-9001000.001.Pw10_vs_DMSO,-0.04155007137971663,0.3582692646873475,1.0,0,Pw10
3031,PG_00051,G_00051,SRB-9001000.001.Pw10_vs_DMSO,2.7202819525530884,0.4629585079218961,1.0,0,Pw10
3033,PG_00052,G_00052,SRB-9001000.001.Pw10_vs_DMSO,1.437427102651621,0.6085086441653522,1.0,0,Pw10
3035,PG_00053,G_00053,SRB-9001000.001.Pw10_vs_DMSO,1.0273620288366838,0.33732550866880395,0.9618780516352441,0,Pw10
3037,PG_00054,G_00054,SRB-9001000.001.Pw10_vs_DMSO,-3.3886064882233824,0.8483613139578856,1.0,0,Pw10
3039,PG_00055,G_00055,SRB-9001000.001.Pw10_vs_DMSO,-2.341848830691819,0.776915780418765,1.0,0,Pw10
3041,PG_00056,G_00056,SRB-9001000.001.Pw10_vs_DMSO,-1.4685200713705688,0.7999964335740771,1.0,0,Pw10
3043,PG_00057,G_00057,SRB-9001000.001.Pw10_vs_DMSO,-1.591302333428502,0.49371244433325057,0.9946062039451836,0,Pw10
3045,PG_00058,G_00058,SRB-9001000.001.Pw10_vs_DMSO,-1.570672944526489,0.17077618641511158,0.6201783694530459,0,Pw10
3047,PG_00059,G_00059,SRB-9001000.001.Pw10_vs_DMSO,-0.5925747672582402,0.3673572060059233,0.9555309676177239,0,Pw10
3049,PG_00000,G_00000,SRB-9001000.001.Pw11_vs_DMSO,1.3387685637907523,0.7010652499603583,1.0,0,Pw11
3051,PG_00001,G_00001,SRB-9001000.001.Pw11_vs_DMSO,1.9948282163002733,0.48215966999176,1.0,0,Pw11
3053,PG_00002,G_00002,SRB-9001000.001.Pw11_vs_DMSO,2.3759806264048087,0.16502149926659052,0.6880904790087599,0,Pw11
3055,PG_00003,G_00003,SRB-9001000.001.Pw11_vs_DMSO,1.952057557682354,0.9662371690604783,1.0,0,Pw11
3057,PG_00004,G_00004,SRB-9001000.001.Pw11_vs_DMSO,1.55945829451918,0.41453852097041116,1.0,0,Pw11
3059,PG_00005,G_00005,SRB-9001000.001.Pw11_vs_DMSO,-1.5595890053036423,0.1636936482354493,0.7711622714278769,0,Pw11
3061,PG_00006,G_00006,SRB-9001000.001.Pw11_vs_DMSO,-2.1003904215394402,0.533360375536303,1.0,0,Pw11
3063,PG_00007,G_00007,SRB-9001000.001.Pw11_vs_DMSO,1.5939024416080563,0.24608464787943335,1.0,0,Pw11
3065,PG_00008,G_00008,SRB-9001000.001.Pw11_vs_DMSO,1.5650530206128297,0.7267563047568208,1.0,0,Pw11
3067,PG_00009,G_00009,SRB-9001000.001.Pw11_vs_DMSO,-0.35770246042804765,0.2903997609081218,0.8906250077632529,0,Pw11
3069,PG_00010,G_00010,SRB-9001000.001.Pw11_vs_DMSO,0.5743388942247251,0.49353161378203386,1.0,0,Pw11
3071,PG_00011,G_00011,SRB-9001000.001.Pw11_vs_DMSO,-1.0561427195232047,0.280072187700761,1.0,0,Pw11
3073,PG_00012,G_00012,SRB-9001000.001.Pw11_vs_DMSO,-5.047522897555821,0.009312722197020576,0.03762488875097404,1,Pw11
3075,PG_00013,G_00013,SRB-9001000.001.Pw11_vs_DMSO,-0.2775132725163162,0.7726771484204742,1.0,0,Pw11
3077,PG_00014,G_00014,SRB-9001000.001.Pw11_vs_DMSO,0.4698067480175999,0.43266918918397246,0.7903175525833224,0,Pw11
3079,PG_00015,G_00015,SRB-9001000.001.Pw11_vs_DMSO,0.4744980668525962,0.35056747563292995,0.8687843868327145,0,Pw11
3081,PG_00016,G_00016,SRB-9001000.001.Pw11_vs_DMSO,0.6013659226584741,0.9461566204383351,1.0,0,Pw11
3083,PG_00017,G_00017,SRB-9001000.001.Pw11_vs_DMSO,-0.8125114853655453,0.94763265073086,1.0,0,Pw11
3085,PG_00018,G_00018,SRB-9001000.001.Pw11_vs_DMSO,-1.5440433186946776,0.14664411403671213,0.503762253203079,0,Pw11
3087,PG_00019,G_00019,SRB-9001000.001.Pw11_vs_DMSO,2.365108298037834,0.8221663244400138,1.0,0,Pw11
3089,PG_00020,G_00020,SRB-9001000.001.Pw11_vs_DMSO,1.8203073273165735,0.5277071935692305,1.0,0,Pw11
3091,PG_00021,G_00021,SRB-9001000.001.Pw11_vs_DMSO,-0.7558201409564123,0.11024680989535196,0.44372934749344856,0,Pw11
3093,PG_00022,G_00022,SRB-9001000.001.Pw11_vs_DMSO,-1.4896375204179906,0.2058077751784726,0.5675086849384692,0,Pw11
3095,PG_00023,G_00023,SRB-9001000.001.Pw11_vs_DMSO,0.6698029728749673,0.7438698759184424,1.0,0,Pw11
3097,PG_00024,G_00024,SRB-9001000.001.Pw11_vs_DMSO,-1.1827563582308667,0.36269193970014757,1.0,0,Pw11
3099,PG_00025,G_00025,SRB-9001000.001.Pw11_vs_DMSO,-0.15275481411274866,0.4900280915319619,1.0,0,Pw11
3101,PG_00026,G_00026,SRB-9001000.001.Pw11_vs_DMSO,1.6123488237299504,0.5798697553445357,1.0,0,Pw11
3103,PG_00027,G_00027,SRB-9001000.001.Pw11_vs_DMSO,0.6562359926638992,0.3339587979996723,1.0,0,Pw11
3105,PG_00028,G_00028,SRB-9001000.001.Pw11_vs_DMSO,-1.5132222823519748,0.38649499761187844,1.0,0,Pw11
3107,PG_00029,G_00029,SRB-9001000.001.Pw11_vs_DMSO,-0.963231579963207,0.976768775830087,1.0,0,Pw11
3109,PG_00030,G_00030,SRB-9001000.001.Pw11_vs_DMSO,-0.15108557347811719,0.4141635526959071,1.0,0,Pw11
3111,PG_00031,G_00031,SRB-9001000.001.Pw11_vs_DMSO,2.1881222570909062,0.22432329892907082,1.0,0,Pw11
3113,PG_00032,G_00032,SRB-9001000.001.Pw11_vs_DMSO,-2.2200454692527525,0.25573053337185286,0.5353144218628528,0,Pw11
3115,PG_00033,G_00033,SRB-9001000.001.Pw11_vs_DMSO,1.061634492184793,0.8544614988379726,1.0,0,Pw11
3117,PG_00034,G_00034,SRB-9001000.001.Pw11_vs_DMSO,2.775412086026402,0.04770948355518606,0.16683644674525197,1,Pw11
3119,PG_00035,G_00035,SRB-9001000.001.Pw11_vs_DMSO,-0.7173394144090643,0.554124754231798,1.0,0,Pw11
3121,PG_00036,G_00036,SRB-9001000.001.Pw11_vs_DMSO,-0.8925055169091378,0.8463885936501107,1.0,0,Pw11
3123,PG_00037,G_00037,SRB-9001000.001.Pw11_vs_DMSO,1.0587074515115646,0.19052639216493997,0.931467764308294,0,Pw11
3125,PG_00038,G_00038,SRB-9001000.001.Pw11_vs_DMSO,0.2502283662977007,0.9817187454726914,1.0,0,Pw11
3127,PG_00039,G_00039,SRB-9001000.001.Pw11_vs_DMSO,-0.916456274179408,0.7002514349699183,0.8241302052150947,0,Pw11
3129,PG_00040,G_00040,SRB-9001000.001.Pw11_vs_DMSO,1.153543237668408,0.6578274117159318,1.0,0,Pw11
3131,PG_00041,G_00041,SRB-9001000.001.Pw11_vs_DMSO,0.21363844025423934,0.735270068689689,1.0,0,Pw11
3133,PG_00042,G_00042,SRB-9001000.001.Pw11_vs_DMSO,1.913324404613323,0.4723312580106199,1.0,0,Pw11
3135,PG_00043,G_00043,SRB-9001000.001.Pw11_vs_DMSO,0.08068949054060241,0.699297112684017,1.0,0,Pw11
3137,PG_00044,G_00044,SRB-9001000.001.Pw11_vs_DMSO,0.05883420318733554,0.011813113959461195,0.043243538105346216,0,Pw11
3139,PG_00045,G_00045,SRB-9001000.001.Pw11_vs_DMSO,1.282385457412779,0.5297936300326361,1.0,0,Pw11
3141,PG_00046,G_00046,SRB-9001000.001.Pw11_vs_DMSO,-0.2555722445079804,0.7927968843087171,1.0,0,Pw11
3143,PG_00047,G_00047,SRB-9001000.001.Pw11_vs_DMSO,1.3630404188633405,0.626387951497412,1.0,0,Pw11
3145,PG_00048,G_00048,SRB-9001000.001.Pw11_vs_DMSO,2.6923060218957007,0.8492155597002143,1.0,0,Pw11
3147,PG_00049,G_00049,SRB-9001000.001.Pw11_vs_DMSO,1.0292099489362379,0.12666175165334914,0.41370287957672774,0,Pw11
3149,PG_00050,G_00050,SRB-9001000.001.Pw11_vs_DMSO,-0.9262766902140522,0.9253997929897331,1.0,0,Pw11
3151,PG_00051,G_00051,SRB-9001000.001.Pw11_vs_DMSO,-1.9010072400595939,0.07810321052534339,0.09176169094537504,0,Pw11
3153,PG_00052,G_00052,SRB-9001000.001.Pw11_vs_DMSO,0.5690286601330541,0.7187196003494867,1.0,0,Pw11
3155,PG_00053,G_00053,SRB-9001000.001.Pw11_vs_DMSO,2.2117859189857034,0.10584853759609354,0.47669058637861317,0,Pw11
3157,PG_00054,G_00054,SRB-9001000.001.Pw11_vs_DMSO,-0.1213966195533638,0.36680644719297106,1.0,0,Pw11
3159,PG_00055,G_00055,SRB-9001000.001.Pw11_vs_DMSO,-2.303336130915532,0.17727926496833588,0.8753730745537269,0,Pw11
3161,PG_00056,G_00056,SRB-9001000.001.Pw11_vs_DMSO,1.0602895312797107,0.873677616133728,1.0,0,Pw11
3163,PG_00057,G_00057,SRB-9001000.001.Pw11_vs_DMSO,2.149174778704796,0.8457121298956225,1.0,0,Pw11
3165,PG_00058,G_00058,SRB-9001000.001.Pw11_vs_DMSO,-0.3275508588537129,0.3885414041161986,1.0,0,Pw11
3167,PG_00059,G_00059,SRB-9001000.001.Pw11_vs_DMSO,-0.7646408070763338,0.9522933055775445,1.0,0,Pw11
3169,PG_00000,G_00000,SRB-9001001.001.Pw10_vs_DMSO,0.9978648270077582,0.9788194743536354,1.0,0,Pw10
3171,PG_00001,G_00001,SRB-9001001.001.Pw10_vs_DMSO,-1.335270682760852,0.47890470949236125,1.0,0,Pw10
3173,PG_00002,G_00002,SRB-9001001.001.Pw10_vs_DMSO,0.020383219257517352,0.34304061972276184,0.8128285458793372,0,Pw10
3175,PG_00003,G_00003,SRB-9001001.001.Pw10_vs_DMSO,0.19126907761468667,0.8140394343075252,1.0,0,Pw10
3177,PG_00004,G_00004,SRB-9001001.001.Pw10_vs_DMSO,-1.2994544632672802,0.0004246823246379712,0.00046807398074533846,1,Pw10
3179,PG_00005,G_00005,SRB-9001001.001.Pw10_vs_DMSO,0.34472969580661905,0.82464185437447,1.0,0,Pw10
3181,PG_00006,G_00006,SRB-9001001.001.Pw10_vs_DMSO,-1.605756240098977,0.20940908728387017,0.936648233176482,0,Pw10
3183,PG_00007,G_00007,SRB-9001001.001.Pw10_vs_DMSO,0.42503963437032277,0.3732789739719755,1.0,0,Pw10
3185,PG_00008,G_00008,SRB-9001001.001.Pw10_vs_DMSO,0.7429729377323764,0.643357472710843,1.0,0,Pw10
3187,PG_00009,G_00009,SRB-9001001.001.Pw10_vs_DMSO,-0.410850674093012,0.6872769238548547,1.0,0,Pw10
3189,PG_00010,G_00010,SRB-9001001.001.Pw10_vs_DMSO,0.2557036499816705,0.574213093176369,1.0,0,Pw10
3191,PG_00011,G_00011,SRB-9001001.001.Pw10_vs_DMSO,-0.3952473912151125,0.7373292163834358,1.0,0,Pw10
3193,PG_00012,G_00012,SRB-9001001.001.Pw10_vs_DMSO,-0.3328639205029654,0.9237800403166784,1.0,0,Pw10
3195,PG_00013,G_00013,SRB-9001001.001.Pw10_vs_DMSO,-3.688063845937444,0.4973430600668568,1.0,0,Pw10
3197,PG_00014,G_00014,SRB-9001001.001.Pw10_vs_DMSO,2.3096702102273303,0.6044267947344373,1.0,0,Pw10
3199,PG_00015,G_00015,SRB-9001001.001.Pw10_vs_DMSO,2.1030154587697423,0.7517593254741423,0.9164770438635065,0,Pw10
3201,PG_00016,G_00016,SRB-9001001.001.Pw10_vs_DMSO,1.0820456234798221,0.8716532370115193,1.0,0,Pw10
3203,PG_00017,G_00017,SRB-9001001.001.Pw10_vs_DMSO,-0.5383901539566649,0.20914782682795088,0.22070121535825346,0,Pw10
3205,PG_00018,G_00018,SRB-9001001.001.Pw10_vs_DMSO,1.7093722254569095,0.3408839327824458,0.7365239344065607,0,Pw10
3207,PG_00019,G_00019,SRB-9001001.001.Pw10_vs_DMSO,-0.808447591260627,0.6917881423653551,1.0,0,Pw10
3209,PG_00020,G_00020,SRB-9001001.001.Pw10_vs_DMSO,-1.3641593011119655,0.22712258458503848,0.5637795393361248,0,Pw10
3211,PG_00021,G_00021,SRB-9001001.001.Pw10_vs_DMSO,0.7403987111134984,0.5627889034759839,1.0,0,Pw10
3213,PG_00022,G_00022,SRB-9001001.001.Pw10_vs_DMSO,-2.903705460458501,0.12847604759250925,0.43650562897749545,0,Pw10
3215,PG_00023,G_00023,SRB-9001001.001.Pw10_vs_DMSO,-1.4882579844389612,0.5788605550414642,1.0,0,Pw10
3217,PG_00024,G_00024,SRB-9001001.001.Pw10_vs_DMSO,-0.7354054789553461,0.4469949310189283,0.9594227832958306,0,Pw10
3219,PG_00025,G_00025,SRB-9001001.001.Pw10_vs_DMSO,-0.6390869469121058,0.5805034572722425,1.0,0,Pw10
3221,PG_00026,G_00026,SRB-9001001.001.Pw10_vs_DMSO,-2.2095761131860865,0.6991189339781075,1.0,0,Pw10
3223,PG_00027,G_00027,SRB-9001001.001.Pw10_vs_DMSO,0.3538280270251199,0.3647557072604776,1.0,0,Pw10
3225,PG_00028,G_00028,SRB-9001001.001.Pw10_vs_DMSO,1.8303248770897251,0.3857756315164571,1.0,0,Pw10
3227,PG_00029,G_00029,SRB-9001001.001.Pw10_vs_DMSO,0.7261876390585057,0.8478549571634962,1.0,0,Pw10
3229,PG_00030,G_00030,SRB-9001001.001.Pw10_vs_DMSO,-0.4592218290471837,0.6058702502260299,0.9638192122895882,0,Pw10
3231,PG_00031,G_00031,SRB-9001001.001.Pw10_vs_DMSO,-2.9078481794872335,0.7431946126899253,1.0,0,Pw10
3233,PG_00032,G_00032,SRB-9001001.001.Pw10_vs_DMSO,1.810244762755917,0.8456809937220481,1.0,0,Pw10
3235,PG_00033,G_00033,SRB-9001001.001.Pw10_vs_DMSO,-0.3905444590604862,0.974142842134337,1.0,0,Pw10
3237,PG_00034,G_00034,SRB-9001001.001.Pw10_vs_DMSO,-0.8308367962647729,0.594728529683886,1.0,0,Pw10
3239,PG_00035,G_00035,SRB-9001001.001.Pw10_vs_DMSO,-0.44408752804420826,0.5080194771237676,1.0,0,Pw10
3241,PG_00036,G_00036,SRB-9001001.001.Pw10_vs_DMSO,1.6795149994869738,0.6853484213302148,1.0,0,Pw10
3243,PG_00037,G_00037,SRB-9001001.001.Pw10_vs_DMSO,-0.624273032239614,0.03024691364645787,0.09521489786300558,0,Pw10
3245,PG_00038,G_00038,SRB-9001001.001.Pw10_vs_DMSO,1.735207613361879,0.09661032382291568,0.13035475515426379,0,Pw10
3247,PG_00039,G_00039,SRB-9001001.001.Pw10_vs_DMSO,1.5747700308149644,0.03441853385968123,0.10068554564873645,1,Pw10
3249,PG_00040,G_00040,SRB-9001001.001.Pw10_vs_DMSO,0.623090977259293,0.9027685767403927,1.0,0,Pw10
3251,PG_00041,G_00041,SRB-9001001.001.Pw10_vs_DMSO,-0.7559667594264228,0.6849517179531218,1.0,0,Pw10
3253,PG_00042,G_00042,SRB-9001001.001.Pw10_vs_DMSO,1.1887073669547787,0.3657921390095762,1.0,0,Pw10
3255,PG_00043,G_00043,SRB-9001001.001.Pw10_vs_DMSO,-0.45840203183876993,0.29177027254173027,0.39325968482820545,0,Pw10
3257,PG_00044,G_00044,SRB-9001001.001.Pw10_vs_DMSO,-1.7597093250245521,0.9332027512934835,1.0,0,Pw10
3259,PG_00045,G_00045,SRB-9001001.001.Pw10_vs_DMSO,-2.6501871358338556,0.0899543087965094,0.382570857211174,0,Pw10
3261,PG_00046,G_00046,SRB-9001001.001.Pw10_vs_DMSO,1.5413986008307656,0.9505074246206627,1.0,0,Pw10
3263,PG_00047,G_00047,SRB-9001001.001.Pw10_vs_DMSO,0.5643634958342136,0.7470957015124893,1.0,0,Pw10
3265,PG_00048,G_00048,SRB-9001001.001.Pw10_vs_DMSO,-2.1113276054747674,0.9690857193325954,1.0,0,Pw10
3267,PG_00049,G_00049,SRB-9001001.001.Pw10_vs_DMSO,0.36662333409727543,0.46752224996674585,1.0,0,Pw10
3269,PG_00050,G_00050,SRB-9001001.001.Pw10_vs_DMSO,0.6787946019726433,0.19005684390357827,0.7140503995818093,0,Pw10
3271,PG_00051,G_00051,SRB-9001001.001.Pw10_vs_DMSO,-0.0764411331978299,0.926322278852194,1.0,0,Pw10
3273,PG_00052,G_00052,SRB-9001001.001.Pw10_vs_DMSO,-0.3609540475678196,0.7544192778343626,1.0,0,Pw10
3275,PG_00053,G_00053,SRB-9001001.001.Pw10_vs_DMSO,-1.7314321355217817,0.22772305358140635,0.49263926187005636,0,Pw10
3277,PG_00054,G_00054,SRB-9001001.001.Pw10_vs_DMSO,2.2480554412874043,0.2223989183714793,0.8090097867819684,0,Pw10
3279,PG_00055,G_00055,SRB-9001001.001.Pw10_vs_DMSO,-1.1591681262804412,0.018524547569416686,0.08633304279622975,1,Pw10
3281,PG_00056,G_00056,SRB-9001001.001.Pw10_vs_DMSO,0.8873152220929794,0.7122680163731141,1.0,0,Pw10
3283,PG_00057,G_00057,SRB-9001001.001.Pw10_vs_DMSO,0.8389185438456004,0.5706753323675678,1.0,0,Pw10
3285,PG_00058,G_00058,SRB-9001001.001.Pw10_vs_DMSO,-0.7145013274473269,0.8453629698392195,1.0,0,Pw10
3287,PG_00059,G_00059,SRB-9001001.001.Pw10_vs_DMSO,-0.8734777464291273,0.7689629779220836,1.0,0,Pw10
3289,PG_00000,G_00000,SRB-9001001.001.Pw11_vs_DMSO,2.220192836339085,0.670564123777047,1.0,0,Pw11
3291,PG_00001,G_00001,SRB-9001001.001.Pw11_vs_DMSO,2.4930090582246764,0.1949213846491928,0.33854277637896096,0,Pw11
3293,PG_00002,G_00002,SRB-9001001.001.Pw11_vs_DMSO,-2.738825650004815,0.17234571007799007,0.7238295169982721,0,Pw11
3295,PG_00003,G_00003,SRB-9001001.001.Pw11_vs_DMSO,3.045979806265288,0.5467691536652378,1.0,0,Pw11
3297,PG_00004,G_00004,SRB-9001001.001.Pw11_vs_DMSO,1.5050335655349223,0.3110405921905858,1.0,0,Pw11
3299,PG_00005,G_00005,SRB-9001001.001.Pw11_vs_DMSO,1.5282081497180127,0.1270482132041945,0.18154581551014817,0,Pw11
3301,PG_00006,G_00006,SRB-9001001.001.Pw11_vs_DMSO,-0.36239757097265735,0.02578077885517834,0.11848068583426377,0,Pw11
3303,PG_00007,G_00007,SRB-9001001.001.Pw11_vs_DMSO,0.610209748282976,0.830050313337683,1.0,0,Pw11
3305,PG_00008,G_00008,SRB-9001001.001.Pw11_vs_DMSO,-2.540881949362297,0.7487635675129861,0.9233064311003765,0,Pw11
3307,PG_00009,G_00009,SRB-9001001.001.Pw11_vs_DMSO,0.13408386051957683,0.9578313889820145,1.0,0,Pw11
3309,PG_00010,G_00010,SRB-9001001.001.Pw11_vs_DMSO,-0.10317902961878053,0.6316213692584076,1.0,0,Pw11
3311,PG_00011,G_00011,SRB-9001001.001.Pw11_vs_DMSO,-0.5705813620925955,0.48177650601966127,1.0,0,Pw11
3313,PG_00012,G_00012,SRB-9001001.001.Pw11_vs_DMSO,0.9774166129496344,0.7509045971293162,1.0,0,Pw11
3315,PG_00013,G_00013,SRB-9001001.001.Pw11_vs_DMSO,0.3185402860825659,0.2530952452863925,0.28522716518743846,0,Pw11
3317,PG_00014,G_00014,SRB-9001001.001.Pw11_vs_DMSO,-2.6087732858990647,0.9668409108236945,1.0,0,Pw11
3319,PG_00015,G_00015,SRB-9001001.001.Pw11_vs_DMSO,-2.3859818340681738,0.31298877185668716,1.0,0,Pw11
3321,PG_00016,G_00016,SRB-9001001.001.Pw11_vs_DMSO,-0.6416293042372005,0.8721845259041919,1.0,0,Pw11
3323,PG_00017,G_00017,SRB-9001001.001.Pw11_vs_DMSO,-2.0303952511679393,0.5115136776873425,1.0,0,Pw11
3325,PG_00018,G_00018,SRB-9001001.001.Pw11_vs_DMSO,-1.694693997191313,0.8060805253451364,1.0,0,Pw11
3327,PG_00019,G_00019,SRB-9001001.001.Pw11_vs_DMSO,1.0039379254543581,0.2789752858203974,0.41275928974980475,0,Pw11
3329,PG_00020,G_00020,SRB-9001001.001.Pw11_vs_DMSO,-1.9747666198679807,0.6913257514072197,1.0,0,Pw11
3331,PG_00021,G_00021,SRB-9001001.001.Pw11_vs_DMSO,-0.9129245278427542,0.9714045059693588,1.0,0,Pw11
3333,PG_00022,G_00022,SRB-9001001.001.Pw11_vs_DMSO,-0.1272056971194464,0.02091132297361197,0.05536689083188395,0,Pw11
3335,PG_00023,G_00023,SRB-9001001.001.Pw11_vs_DMSO,-1.3193414964887689,0.7197842062385114,0.941949849670302,0,Pw11
3337,PG_00024,G_00024,SRB-9001001.001.Pw11_vs_DMSO,-0.4635949758678868,0.9731300193577045,1.0,0,Pw11
3339,PG_00025,G_00025,SRB-9001001.001.Pw11_vs_DMSO,0.30708981696342563,0.8014281361691451,0.9060344355933411,0,Pw11
3341,PG_00026,G_00026,SRB-9001001.001.Pw11_vs_DMSO,0.8011231132503138,0.31472507896311774,1.0,0,Pw11
3343,PG_00027,G_00027,SRB-9001001.001.Pw11_vs_DMSO,-1.3788102566152127,0.6272610585217847,1.0,0,Pw11
3345,PG_00028,G_00028,SRB-9001001.001.Pw11_vs_DMSO,0.7182301838811944,0.8130790069562739,1.0,0,Pw11
3347,PG_00029,G_00029,SRB-9001001.001.Pw11_vs_DMSO,0.9823107633432787,0.49118572742567207,1.0,0,Pw11
3349,PG_00030,G_00030,SRB-9001001.001.Pw11_vs_DMSO,-0.5011342405157165,0.035204360177227736,0.08748811854106106,0,Pw11
3351,PG_00031,G_00031,SRB-9001001.001.Pw11_vs_DMSO,-0.5563599800422596,0.9453469709919432,1.0,0,Pw11
3353,PG_00032,G_00032,SRB-9001001.001.Pw11_vs_DMSO,1.1379176874346284,0.6058143797104428,1.0,0,Pw11
3355,PG_00033,G_00033,SRB-9001001.001.Pw11_vs_DMSO,0.19031450562126373,0.7943858821430857,1.0,0,Pw11
3357,PG_00034,G_00034,SRB-9001001.001.Pw11_vs_DMSO,3.5392278396602443,0.603820066577822,1.0,0,Pw11
3359,PG_00035,G_00035,SRB-9001001.001.Pw11_vs_DMSO,-1.8064121909520883,0.6964345035871119,1.0,0,Pw11
3361,PG_00036,G_00036,SRB-9001001.001.Pw11_vs_DMSO,-1.6772119832851562,0.9522627700806094,1.0,0,Pw11
3363,PG_00037,G_00037,SRB-9001001.001.Pw11_vs_DMSO,-0.1671659350221839,0.2392547589082535,0.6049508196865245,0,Pw11
3365,PG_00038,G_00038,SRB-9001001.001.Pw11_vs_DMSO,1.6458170390109998,0.11964966706929527,0.5638342258466121,0,Pw11
3367,PG_00039,G_00039,SRB-9001001.001.Pw11_vs_DMSO,2.3330461171227777,0.52538198465452,1.0,0,Pw11
3369,PG_00040,G_00040,SRB-9001001.001.Pw11_vs_DMSO,-1.539412774387627,0.07099858013668552,0.31439268937502746,0,Pw11
3371,PG_00041,G_00041,SRB-9001001.001.Pw11_vs_DMSO,1.304561567731098,0.8812551447011737,1.0,0,Pw11
3373,PG_00042,G_00042,SRB-9001001.001.Pw11_vs_DMSO,1.5423120650685358,0.28446831158232583,1.0,0,Pw11
3375,PG_00043,G_00043,SRB-9001001.001.Pw11_vs_DMSO,0.12016839158811538,0.3710213903708278,1.0,0,Pw11
3377,PG_00044,G_00044,SRB-9001001.001.Pw11_vs_DMSO,-0.3060992018732407,0.18265216184627206,0.48844915605373995,0,Pw11
3379,PG_00045,G_00045,SRB-9001001.001.Pw11_vs_DMSO,-1.1987929482237472,0.8888668110545733,1.0,0,Pw11
3381,PG_00046,G_00046,SRB-9001001.001.Pw11_vs_DMSO,-1.2566036698503324,0.23486275828002778,0.3463537863245514,0,Pw11
3383,PG_00047,G_00047,SRB-9001001.001.Pw11_vs_DMSO,1.0172037950024673,0.5325908779191407,1.0,0,Pw11
3385,PG_00048,G_00048,SRB-9001001.001.Pw11_vs_DMSO,0.9113940368780653,0.06779380200580036,0.2965097311660341,0,Pw11
3387,PG_00049,G_00049,SRB-9001001.001.Pw11_vs_DMSO,-2.038020892595313,0.3176997622997221,0.32005831815882385,0,Pw11
3389,PG_00050,G_00050,SRB-9001001.001.Pw11_vs_DMSO,1.733112367333387,0.04564549351494647,0.2051392160800505,1,Pw11
3391,PG_00051,G_00051,SRB-9001001.001.Pw11_vs_DMSO,2.0399025865223543,0.760167752706424,1.0,0,Pw11
3393,PG_00052,G_00052,SRB-9001001.001.Pw11_vs_DMSO,-2.1875897987469743,0.18377394370747777,0.3579349493009918,0,Pw11
3395,PG_00053,G_00053,SRB-9001001.001.Pw11_vs_DMSO,0.1587920591255964,0.9897831008220945,1.0,0,Pw11
3397,PG_00054,G_00054,SRB-9001001.001.Pw11_vs_DMSO,1.314932613820488,0.9729041742618542,1.0,0,Pw11
3399,PG_00055,G_00055,SRB-9001001.001.Pw11_vs_DMSO,1.9155935194660227,0.23711192716363422,0.960772918479924,0,Pw11
3401,PG_00056,G_00056,SRB-9001001.001.Pw11_vs_DMSO,-1.726090918648294,0.08525092549037844,0.21636680717064663,0,Pw11
3403,PG_00057,G_00057,SRB-9001001.001.Pw11_vs_DMSO,1.6935089297149428,0.5200617089992091,1.0,0,Pw11
3405,PG_00058,G_00058,SRB-9001001.001.Pw11_vs_DMSO,2.473990271616323,0.0072973583447847965,0.02941022641176032,1,Pw11
3407,PG_00059,G_00059,SRB-9001001.001.Pw11_vs_DMSO,1.8449751088681856,0.7879848393118405,1.0,0,Pw11
3409,PG_00000,G_00000,SRB-9001002.001.Pw10_vs_DMSO,-2.606181218033248,0.518724650788099,1.0,0,Pw10
3411,PG_00001,G_00001,SRB-9001002.001.Pw10_vs_DMSO,-0.89034742924161,0.8871834660319868,1.0,0,Pw10
3413,PG_00002,G_00002,SRB-9001002.001.Pw10_vs_DMSO,-3.8020819287983256,0.060882479659252434,0.11982686245994634,0,Pw10
3415,PG_00003,G_00003,SRB-9001002.001.Pw10_vs_DMSO,2.0710823505953173,0.34157286510038654,1.0,0,Pw10
3417,PG_00004,G_00004,SRB-9001002.001.Pw10_vs_DMSO,-0.36330313556019056,0.6317322496151447,1.0,0,Pw10
3419,PG_00005,G_00005,SRB-9001002.001.Pw10_vs_DMSO,-1.0495649629744603,0.6917300208524019,1.0,0,Pw10
3421,PG_00006,G_00006,SRB-9001002.001.Pw10_vs_DMSO,0.8147934369170214,0.23117796928734857,0.9976304727979796,0,Pw10
3423,PG_00007,G_00007,SRB-9001002.001.Pw10_vs_DMSO,2.0029700351480333,0.7274550077203042,0.9601437877287953,0,Pw10
3425,PG_00008,G_00008,SRB-9001002.001.Pw10_vs_DMSO,-0.9257673364682952,0.6680756392386613,1.0,0,Pw10
3427,PG_00009,G_00009,SRB-9001002.001.Pw10_vs_DMSO,1.4165842440368372,0.05701440604268724,0.10135926464869484,0,Pw10
3429,PG_00010,G_00010,SRB-9001002.001.Pw10_vs_DMSO,-0.1876503477883401,0.43990951192861594,1.0,0,Pw10
3431,PG_00011,G_00011,SRB-9001002.001.Pw10_vs_DMSO,-0.8780076465675273,0.6778596375434687,1.0,0,Pw10
3433,PG_00012,G_00012,SRB-9001002.001.Pw10_vs_DMSO,1.2570077975864535,0.10463872451772603,0.27437110284036986,0,Pw10
3435,PG_00013,G_00013,SRB-9001002.001.Pw10_vs_DMSO,0.20461461895503674,0.6425870988267037,1.0,0,Pw10
3437,PG_00014,G_00014,SRB-9001002.001.Pw10_vs_DMSO,-2.077003354517365,0.131899852166621,0.37263680023065826,0,Pw10
3439,PG_00015,G_00015,SRB-9001002.001.Pw10_vs_DMSO,-0.9512265632896947,0.24996167489949256,0.5096723228502307,0,Pw10
3441,PG_00016,G_00016,SRB-9001002.001.Pw10_vs_DMSO,-1.67484867169826,0.7978875320795822,1.0,0,Pw10
3443,PG_00017,G_00017,SRB-9001002.001.Pw10_vs_DMSO,0.27813961504517914,0.8087712174096213,1.0,0,Pw10
3445,PG_00018,G_00018,SRB-9001002.001.Pw10_vs_DMSO,-0.3469993867702255,0.29218429365682874,0.7203717573267948,0,Pw10
3447,PG_00019,G_00019,SRB-9001002.001.Pw10_vs_DMSO,-0.5067127299234646,0.25391088801585276,0.8037090351775437,0,Pw10
3449,PG_00020,G_00020,SRB-9001002.001.Pw10_vs_DMSO,-0.9417940406022727,0.7931093760994902,1.0,0,Pw10
3451,PG_00021,G_00021,SRB-9001002.001.Pw10_vs_DMSO,-2.3197863822659857,0.08036687845190309,0.19165817451555284,0,Pw10
3453,PG_00022,G_00022,SRB-9001002.001.Pw10_vs_DMSO,-0.44575022624957594,0.2645511917844154,0.979974380184324,0,Pw10
3455,PG_00023,G_00023,SRB-9001002.001.Pw10_vs_DMSO,0.033872310348962986,0.0607393836564661,0.22175108306771482,0,Pw10
3457,PG_00024,G_00024,SRB-9001002.001.Pw10_vs_DMSO,1.107452956845225,0.5789999592331546,1.0,0,Pw10
3459,PG_00025,G_00025,SRB-9001002.001.Pw10_vs_DMSO,-1.111360537680433,0.22584532978326927,0.28319173808990844,0,Pw10
3461,PG_00026,G_00026,SRB-9001002.001.Pw10_vs_DMSO,-1.5762609313256224,0.5832284326464142,1.0,0,Pw10
3463,PG_00027,G_00027,SRB-9001002.001.Pw10_vs_DMSO,1.09729143049871,0.17297934718021366,0.35468218149097785,0,Pw10
3465,PG_00028,G_00028,SRB-9001002.001.Pw10_vs_DMSO,1.9630178384897232,0.3439779628249098,1.0,0,Pw10
3467,PG_00029,G_00029,SRB-9001002.001.Pw10_vs_DMSO,-0.5223224169980266,0.7998706930283234,1.0,0,Pw10
3469,PG_00030,G_00030,SRB-9001002.001.Pw10_vs_DMSO,2.2388121197584625,0.5842456787574972,1.0,0,Pw10
3471,PG_00031,G_00031,SRB-9001002.001.Pw10_vs_DMSO,-2.8371907853043137,0.23501725015563163,0.2646435548296513,0,Pw10
3473,PG_00032,G_00032,SRB-9001002.001.Pw10_vs_DMSO,2.3875145719709137,0.892013430449815,1.0,0,Pw10
3475,PG_00033,G_00033,SRB-9001002.001.Pw10_vs_DMSO,-1.9852044347883235,0.6901764096866172,1.0,0,Pw10
3477,PG_00034,G_00034,SRB-9001002.001.Pw10_vs_DMSO,1.5707935387427105,0.39178730038126913,0.5163087861886747,0,Pw10
3479,PG_00035,G_00035,SRB-9001002.001.Pw10_vs_DMSO,1.1440355280492716,0.7742500544513465,1.0,0,Pw10
3481,PG_00036,G_00036,SRB-9001002.001.Pw10_vs_DMSO,-1.4188135767603798,0.031561778393391006,0.1331789550687916,1,Pw10
3483,PG_00037,G_00037,SRB-9001002.001.Pw10_vs_DMSO,-0.9156006761531701,0.30342387379162655,1.0,0,Pw10
3485,PG_00038,G_00038,SRB-9001002.001.Pw10_vs_DMSO,0.8224970455126623,0.684847784900882,1.0,0,Pw10
3487,PG_00039,G_00039,SRB-9001002.001.Pw10_vs_DMSO,-1.8387772310073291,0.8894165975015598,1.0,0,Pw10
3489,PG_00040,G_00040,SRB-9001002.001.Pw10_vs_DMSO,-0.415680023695723,0.29367311109011673,0.4019028996844343,0,Pw10
3491,PG_00041,G_00041,SRB-9001002.001.Pw10_vs_DMSO,1.6720717504428841,0.39172089847274955,0.8732898153543637,0,Pw10
3493,PG_00042,G_00042,SRB-9001002.001.Pw10_vs_DMSO,1.2099226552663507,0.2195437406555523,0.8690888116614424,0,Pw10
3495,PG_00043,G_00043,SRB-9001002.001.Pw10_vs_DMSO,2.667193273723041,0.43062893561144044,1.0,0,Pw10
3497,PG_00044,G_00044,SRB-9001002.001.Pw10_vs_DMSO,-3.0258447112535634,0.8881121744580718,1.0,0,Pw10
3499,PG_00045,G_00045,SRB-9001002.001.Pw10_vs_DMSO,-1.4649351189372504,0.4367147883835661,0.8889247530101562,0,Pw10
3501,PG_00046,G_00046,SRB-9001002.001.Pw10_vs_DMSO,0.6300903212062369,0.6875458326922071,0.7176541448812616,0,Pw10
3503,PG_00047,G_00047,SRB-9001002.001.Pw10_vs_DMSO,-1.1792526261494525,0.25817315880559283,0.7224622941164586,0,Pw10
3505,PG_00048,G_00048,SRB-9001002.001.Pw10_vs_DMSO,-1.041925737700796,0.8650763479238651,1.0,0,Pw10
3507,PG_00049,G_00049,SRB-9001002.001.Pw10_vs_DMSO,-2.054686835916731,0.3427473526854637,1.0,0,Pw10
3509,PG_00050,G_00050,SRB-9001002.001.Pw10_vs_DMSO,1.2536514795270386,0.8841257200645901,1.0,0,Pw10
3511,PG_00051,G_00051,SRB-9001002.001.Pw10_vs_DMSO,1.4728957833594196,0.8224753909134018,1.0,0,Pw10
3513,PG_00052,G_00052,SRB-9001002.001.Pw10_vs_DMSO,-2.0826630996820383,0.8363823675607324,1.0,0,Pw10
3515,PG_00053,G_00053,SRB-9001002.001.Pw10_vs_DMSO,-1.1688141400234309,0.09936951685825332,0.4049112621374899,0,Pw10
3517,PG_00054,G_00054,SRB-9001002.001.Pw10_vs_DMSO,-0.045192328302787584,0.24588858687028,1.0,0,Pw10
3519,PG_00055,G_00055,SRB-9001002.001.Pw10_vs_DMSO,-0.2552101042892556,0.3839849700321515,1.0,0,Pw10
3521,PG_00056,G_00056,SRB-9001002.001.Pw10_vs_DMSO,0.9762780163666963,0.8121170410469908,1.0,0,Pw10
3523,PG_00057,G_00057,SRB-9001002.001.Pw10_vs_DMSO,-1.7154492598767517,0.5972577784955171,1.0,0,Pw10
3525,PG_00058,G_00058,SRB-9001002.001.Pw10_vs_DMSO,-2.2097564343427547,0.6410995710843806,1.0,0,Pw10
3527,PG_00059,G_00059,SRB-9001002.001.Pw10_vs_DMSO,-0.725286202241487,0.4645130914165867,1.0,0,Pw10
3529,PG_00000,G_00000,SRB-9001002.001.Pw11_vs_DMSO,-4.261883911180968,0.6239706852700304,1.0,0,Pw11
3531,PG_00001,G_00001,SRB-9001002.001.Pw11_vs_DMSO,0.4919750451399424,0.9618970504159466,1.0,0,Pw11
3533,PG_00002,G_00002,SRB-9001002.001.Pw11_vs_DMSO,1.7701172762705597,0.45976281905691596,1.0,0,Pw11
3535,PG_00003,G_00003,SRB-9001002.001.Pw11_vs_DMSO,3.3362593159121836,0.08463234279073781,0.29874911373351826,0,Pw11
3537,PG_00004,G_00004,SRB-9001002.001.Pw11_vs_DMSO,0.20623163680388557,0.7375039888742234,1.0,0,Pw11
3539,PG_00005,G_00005,SRB-9001002.001.Pw11_vs_DMSO,0.822507178165108,0.8182232573991537,1.0,0,Pw11
3541,PG_00006,G_00006,SRB-9001002.001.Pw11_vs_DMSO,1.0678250196757133,0.12019167912149217,0.47503006583243074,0,Pw11
3543,PG_00007,G_00007,SRB-9001002.001.Pw11_vs_DMSO,0.5964562000255491,0.8466691371767738,1.0,0,Pw11
3545,PG_00008,G_00008,SRB-9001002.001.Pw11_vs_DMSO,3.0543342601369274,0.8260305855211667,1.0,0,Pw11
3547,PG_00009,G_00009,SRB-9001002.001.Pw11_vs_DMSO,0.7223965564241988,0.23415936823523684,0.8049104601982188,0,Pw11
3549,PG_00010,G_00010,SRB-9001002.001.Pw11_vs_DMSO,4.994664800044242,0.4637785841877072,1.0,0,Pw11
3551,PG_00011,G_00011,SRB-9001002.001.Pw11_vs_DMSO,-1.0752347196599101,0.5030713956036459,1.0,0,Pw11
3553,PG_00012,G_00012,SRB-9001002.001.Pw11_vs_DMSO,-3.9915124380025806,0.1833185008580019,0.5480304147006643,0,Pw11
3555,PG_00013,G_00013,SRB-9001002.001.Pw11_vs_DMSO,2.4964781714196933,0.23762769005169357,0.5639844281555838,0,Pw11
3557,PG_00014,G_00014,SRB-9001002.001.Pw11_vs_DMSO,1.0968235849234613,0.7424766681114979,1.0,0,Pw11
3559,PG_00015,G_00015,SRB-9001002.001.Pw11_vs_DMSO,-0.9182060990435861,0.9701026278666974,1.0,0,Pw11
3561,PG_00016,G_00016,SRB-9001002.001.Pw11_vs_DMSO,1.3918064244875883,0.1870997319370939,0.7160053920542259,0,Pw11
3563,PG_00017,G_00017,SRB-9001002.001.Pw11_vs_DMSO,1.064308433292875,0.774054978676877,1.0,0,Pw11
3565,PG_00018,G_00018,SRB-9001002.001.Pw11_vs_DMSO,-1.31900283460982,0.3771027922114296,0.5314719227618743,0,Pw11
3567,PG_00019,G_00019,SRB-9001002.001.Pw11_vs_DMSO,-0.5760336662633029,0.8473088508957367,1.0,0,Pw11
3569,PG_00020,G_00020,SRB-9001002.001.Pw11_vs_DMSO,-0.38469416828592545,0.9770244391572018,1.0,0,Pw11
3571,PG_00021,G_00021,SRB-9001002.001.Pw11_vs_DMSO,0.3857530630121345,0.8430100893444962,1.0,0,Pw11
3573,PG_00022,G_00022,SRB-9001002.001.Pw11_vs_DMSO,-2.9336860261709496,0.6744585107715113,0.9069002068373018,0,Pw11
3575,PG_00023,G_00023,SRB-9001002.001.Pw11_vs_DMSO,-1.014069712907073,0.5208732317307494,1.0,0,Pw11
3577,PG_00024,G_00024,SRB-9001002.001.Pw11_vs_DMSO,1.9354272309868614,0.2600944573243556,0.8612520846890646,0,Pw11
3579,PG_00025,G_00025,SRB-9001002.001.Pw11_vs_DMSO,0.008998670196811233,0.7051986760919241,1.0,0,Pw11
3581,PG_00026,G_00026,SRB-9001002.001.Pw11_vs_DMSO,-0.003975392216870939,0.5490331863793271,1.0,0,Pw11
3583,PG_00027,G_00027,SRB-9001002.001.Pw11_vs_DMSO,-0.46420924783545503,0.5692080152613457,1.0,0,Pw11
3585,PG_00028,G_00028,SRB-9001002.001.Pw11_vs_DMSO,-0.8713929626021661,0.39695878815101,0.5384451875128802,0,Pw11
3587,PG_00029,G_00029,SRB-9001002.001.Pw11_vs_DMSO,0.920112072301801,0.5115692408544276,1.0,0,Pw11
3589,PG_00030,G_00030,SRB-9001002.001.Pw11_vs_DMSO,0.6504697180812864,0.38505192687030537,1.0,0,Pw11
3591,PG_00031,G_00031,SRB-9001002.001.Pw11_vs_DMSO,0.008542501026553292,0.9263742892873083,1.0,0,Pw11
3593,PG_00032,G_00032,SRB-9001002.001.Pw11_vs_DMSO,0.11111770738711065,0.9377906810542449,1.0,0,Pw11
3595,PG_00033,G_00033,SRB-9001002.001.Pw11_vs_DMSO,-0.1103952140992325,0.202701793235622,0.54543332814398,0,Pw11
3597,PG_00034,G_00034,SRB-9001002.001.Pw11_vs_DMSO,0.6278545407434324,0.6926890851199496,1.0,0,Pw11
3599,PG_00035,G_00035,SRB-9001002.001.Pw11_vs_DMSO,1.6934014996861104,0.8675494543655674,1.0,0,Pw11
3601,PG_00036,G_00036,SRB-9001002.001.Pw11_vs_DMSO,-1.2264017677008399,0.684276057723319,1.0,0,Pw11
3603,PG_00037,G_00037,SRB-9001002.001.Pw11_vs_DMSO,2.0268370815852363,0.795351622002362,1.0,0,Pw11
3605,PG_00038,G_00038,SRB-9001002.001.Pw11_vs_DMSO,-1.598292601582116,0.28203684040316507,1.0,0,Pw11
3607,PG_00039,G_00039,SRB-9001002.001.Pw11_vs_DMSO,2.5394131594036775,0.41861308843402745,1.0,0,Pw11
3609,PG_00040,G_00040,SRB-9001002.001.Pw11_vs_DMSO,-1.307288431318546,0.7226132795713269,1.0,0,Pw11
3611,PG_00041,G_00041,SRB-9001002.001.Pw11_vs_DMSO,0.07612292453712136,0.2492261660141061,1.0,0,Pw11
3613,PG_00042,G_00042,SRB-9001002.001.Pw11_vs_DMSO,1.3695473938621419,0.17498136490580488,0.38274616679075896,0,Pw11
3615,PG_00043,G_00043,SRB-9001002.001.Pw11_vs_DMSO,-1.9220154081234684,0.6201245591929959,1.0,0,Pw11
3617,PG_00044,G_00044,SRB-9001002.001.Pw11_vs_DMSO,-0.1395471042666303,0.44731222539439525,1.0,0,Pw11
3619,PG_00045,G_00045,SRB-9001002.001.Pw11_vs_DMSO,-1.8708884963457089,0.4544073673524428,1.0,0,Pw11
3621,PG_00046,G_00046,SRB-9001002.001.Pw11_vs_DMSO,0.25768785099802016,0.6188317128135054,1.0,0,Pw11
3623,PG_00047,G_00047,SRB-9001002.001.Pw11_vs_DMSO,-1.5264359500685578,0.2259537193496545,1.0,0,Pw11
3625,PG_00048,G_00048,SRB-9001002.001.Pw11_vs_DMSO,-1.1180503379486533,0.8221446805769641,1.0,0,Pw11
3627,PG_00049,G_00049,SRB-9001002.001.Pw11_vs_DMSO,-1.048392127845552,0.4745596669867242,1.0,0,Pw11
3629,PG_00050,G_00050,SRB-9001002.001.Pw11_vs_DMSO,2.0636131544380456,0.6212966462234272,1.0,0,Pw11
3631,PG_00051,G_00051,SRB-9001002.001.Pw11_vs_DMSO,1.0229746358619844,0.15973745294976738,0.6206790254829283,0,Pw11
3633,PG_00052,G_00052,SRB-9001002.001.Pw11_vs_DMSO,0.6394902508464527,0.9226836837807566,1.0,0,Pw11
3635,PG_00053,G_00053,SRB-9001002.001.Pw11_vs_DMSO,-1.1315943217056228,0.8870925160913912,1.0,0,Pw11
3637,PG_00054,G_00054,SRB-9001002.001.Pw11_vs_DMSO,0.6634138933647686,0.35727224879690406,1.0,0,Pw11
3639,PG_00055,G_00055,SRB-9001002.001.Pw11_vs_DMSO,-0.6336267227206601,0.4541190406630479,0.46703034655251663,0,Pw11
3641,PG_00056,G_00056,SRB-9001002.001.Pw11_vs_DMSO,-2.863083228127456,0.888402282885304,1.0,0,Pw11
3643,PG_00057,G_00057,SRB-9001002.001.Pw11_vs_DMSO,-1.1153736589947643,0.927618110048522,1.0,0,Pw11
3645,PG_00058,G_00058,SRB-9001002.001.Pw11_vs_DMSO,-2.162744186333346,0.8206319950285436,0.8394615222632053,0,Pw11
3647,PG_00059,G_00059,SRB-9001002.001.Pw11_vs_DMSO,-0.5312288799064062,0.5226854306320163,1.0,0,Pw11
3649,PG_00000,G_00000,SRB-9001003.001.Pw10_vs_DMSO,-0.2915451573228266,0.7018203682946677,1.0,0,Pw10
3651,PG_00001,G_00001,SRB-9001003.001.Pw10_vs_DMSO,-1.5822368381831367,0.5050589379887488,1.0,0,Pw10
3653,PG_00002,G_00002,SRB-9001003.001.Pw10_vs_DMSO,-0.9019281163717634,0.9159266126864931,1.0,0,Pw10
3655,PG_00003,G_00003,SRB-9001003.001.Pw10_vs_DMSO,1.1274594025248048,0.8743965954377395,1.0,0,Pw10
3657,PG_00004,G_00004,SRB-9001003.001.Pw10_vs_DMSO,-0.07985848820369834,0.34630671476507613,1.0,0,Pw10
3659,PG_00005,G_00005,SRB-9001003.001.Pw10_vs_DMSO,1.3934656163188308,0.04651935218645815,0.09246351974879591,1,Pw10
3661,PG_00006,G_00006,SRB-9001003.001.Pw10_vs_DMSO,-2.2878198601739466,0.27362071915608027,1.0,0,Pw10
3663,PG_00007,G_00007,SRB-9001003.001.Pw10_vs_DMSO,1.0316630472377102,0.8327059620830055,1.0,0,Pw10
3665,PG_00008,G_00008,SRB-9001003.001.Pw10_vs_DMSO,1.448178302759712,0.7039250048067357,1.0,0,Pw10
3667,PG_00009,G_00009,SRB-9001003.001.Pw10_vs_DMSO,0.4422734615891652,0.8325134653912829,1.0,0,Pw10
3669,PG_00010,G_00010,SRB-9001003.001.Pw10_vs_DMSO,-0.959652284190708,0.5120847907558522,0.5302594870228627,0,Pw10
3671,PG_00011,G_00011,SRB-9001003.001.Pw10_vs_DMSO,-1.8526570372686206,0.009353427482959047,0.03830324006681754,1,Pw10
3673,PG_00012,G_00012,SRB-9001003.001.Pw10_vs_DMSO,-0.32582702587718315,0.4455638538261878,1.0,0,Pw10
3675,PG_00013,G_00013,SRB-9001003.001.Pw10_vs_DMSO,1.4338993953067076,0.1604045715590032,0.43319035615661433,0,Pw10
3677,PG_00014,G_00014,SRB-9001003.001.Pw10_vs_DMSO,1.2496707635575475,0.8580647259744412,1.0,0,Pw10
3679,PG_00015,G_00015,SRB-9001003.001.Pw10_vs_DMSO,1.0889717480481893,0.2275980266542876,1.0,0,Pw10
3681,PG_00016,G_00016,SRB-9001003.001.Pw10_vs_DMSO,0.35796553570015,0.7071357137506267,1.0,0,Pw10
3683,PG_00017,G_00017,SRB-9001003.001.Pw10_vs_DMSO,-1.2071621987564178,0.4034988073936455,0.5528155322180809,0,Pw10
3685,PG_00018,G_00018,SRB-9001003.001.Pw10_vs_DMSO,-0.8506335382945568,0.6352236928295647,1.0,0,Pw10
3687,PG_00019,G_00019,SRB-9001003.001.Pw10_vs_DMSO,2.941182582453093,0.33219583549176374,0.5433695052633385,0,Pw10
3689,PG_00020,G_00020,SRB-9001003.001.Pw10_vs_DMSO,2.1376219038731703,0.5987251042685392,1.0,0,Pw10
3691,PG_00021,G_00021,SRB-9001003.001.Pw10_vs_DMSO,-0.5168833849398751,0.4784626392997524,0.5593583808633007,0,Pw10
3693,PG_00022,G_00022,SRB-9001003.001.Pw10_vs_DMSO,-2.4783525041922676,0.8959205376596634,1.0,0,Pw10
3695,PG_00023,G_00023,SRB-9001003.001.Pw10_vs_DMSO,1.1136075127005918,0.5340950902256476,1.0,0,Pw10
3697,PG_00024,G_00024,SRB-9001003.001.Pw10_vs_DMSO,1.4925712438063832,0.7680367458103549,1.0,0,Pw10
3699,PG_00025,G_00025,SRB-9001003.001.Pw10_vs_DMSO,-1.6311252894403125,0.5145378763127886,1.0,0,Pw10
3701,PG_00026,G_00026,SRB-9001003.001.Pw10_vs_DMSO,2.0296107916511796,0.5525922093521028,1.0,0,Pw10
3703,PG_00027,G_00027,SRB-9001003.001.Pw10_vs_DMSO,1.464610315830572,0.7027377042024207,1.0,0,Pw10
3705,PG_00028,G_00028,SRB-9001003.001.Pw10_vs_DMSO,-0.5152281667597054,0.6606408642085205,1.0,0,Pw10
3707,PG_00029,G_00029,SRB-9001003.001.Pw10_vs_DMSO,0.21826351310785208,0.48166371040321854,1.0,0,Pw10
3709,PG_00030,G_00030,SRB-9001003.001.Pw10_vs_DMSO,0.7669996428015988,0.24230977054508548,0.6717887165244855,0,Pw10
3711,PG_00031,G_00031,SRB-9001003.001.Pw10_vs_DMSO,1.435152338308899,0.8524366733492611,1.0,0,Pw10
3713,PG_00032,G_00032,SRB-9001003.001.Pw10_vs_DMSO,1.3164894467848323,0.13383581452100798,0.5380007105426494,0,Pw10
3715,PG_00033,G_00033,SRB-9001003.001.Pw10_vs_DMSO,-3.0131787763245406,0.6354742846719793,1.0,0,Pw10
3717,PG_00034,G_00034,SRB-9001003.001.Pw10_vs_DMSO,2.60378031302918,0.8680744735116723,1.0,0,Pw10
3719,PG_00035,G_00035,SRB-9001003.001.Pw10_vs_DMSO,-0.9492821808508329,0.816549284660674,1.0,0,Pw10
3721,PG_00036,G_00036,SRB-9001003.001.Pw10_vs_DMSO,-0.8179696351970018,0.11020690670578108,0.11120183695600772,0,Pw10
3723,PG_00037,G_00037,SRB-9001003.001.Pw10_vs_DMSO,0.4273095580304822,0.6702881220647439,1.0,0,Pw10
3725,PG_00038,G_00038,SRB-9001003.001.Pw10_vs_DMSO,-0.090568659856022,0.27593037260646613,0.8974787190510823,0,Pw10
3727,PG_00039,G_00039,SRB-9001003.001.Pw10_vs_DMSO,-0.7815288517073128,0.5859754348848486,1.0,0,Pw10
3729,PG_00040,G_00040,SRB-9001003.001.Pw10_vs_DMSO,-0.13800466760644556,0.4521666929717548,1.0,0,Pw10
3731,PG_00041,G_00041,SRB-9001003.001.Pw10_vs_DMSO,1.4488892236554867,0.4123687235037892,1.0,0,Pw10
3733,PG_00042,G_00042,SRB-9001003.001.Pw10_vs_DMSO,0.18516294155656257,0.7489957087185511,1.0,0,Pw10
3735,PG_00043,G_00043,SRB-9001003.001.Pw10_vs_DMSO,1.1173273372653647,0.1942642654016789,0.7197546202519705,0,Pw10
3737,PG_00044,G_00044,SRB-9001003.001.Pw10_vs_DMSO,0.3182988272967969,0.7373146557084033,1.0,0,Pw10
3739,PG_00045,G_00045,SRB-9001003.001.Pw10_vs_DMSO,-0.4075586516759685,0.4822117697044967,1.0,0,Pw10
3741,PG_00046,G_00046,SRB-9001003.001.Pw10_vs_DMSO,-3.0247210042910178,0.3707016886483072,1.0,0,Pw10
3743,PG_00047,G_00047,SRB-9001003.001.Pw10_vs_DMSO,1.7553065964269432,0.8056686570429221,1.0,0,Pw10
3745,PG_00048,G_00048,SRB-9001003.001.Pw10_vs_DMSO,0.44322453562420716,0.5090771089302821,1.0,0,Pw10
3747,PG_00049,G_00049,SRB-9001003.001.Pw10_vs_DMSO,-0.6736431026122259,0.2273722256222441,0.267955350361792,0,Pw10
3749,PG_00050,G_00050,SRB-9001003.001.Pw10_vs_DMSO,-0.9954799409679498,0.8463332682827663,1.0,0,Pw10
3751,PG_00051,G_00051,SRB-9001003.001.Pw10_vs_DMSO,1.1311590701724146,0.8540775180662867,1.0,0,Pw10
3753,PG_00052,G_00052,SRB-9001003.001.Pw10_vs_DMSO,1.110474431589497,0.8705031821917711,1.0,0,Pw10
3755,PG_00053,G_00053,SRB-9001003.001.Pw10_vs_DMSO,3.2807934720035306,0.46225219111671884,1.0,0,Pw10
3757,PG_00054,G_00054,SRB-9001003.001.Pw10_vs_DMSO,0.3287166434049373,0.4775679096129574,0.8888471341879349,0,Pw10
3759,PG_00055,G_00055,SRB-9001003.001.Pw10_vs_DMSO,1.1081233148174197,0.6798852412760319,0.9931348535069814,0,Pw10
3761,PG_00056,G_00056,SRB-9001003.001.Pw10_vs_DMSO,-1.9131542228429121,0.8872860313444907,1.0,0,Pw10
3763,PG_00057,G_00057,SRB-9001003.001.Pw10_vs_DMSO,-3.581290320624994,0.9173874014263542,1.0,0,Pw10
3765,PG_00058,G_00058,SRB-9001003.001.Pw10_vs_DMSO,2.6476666597445835,0.48834741323226477,1.0,0,Pw10
3767,PG_00059,G_00059,SRB-9001003.001.Pw10_vs_DMSO,1.9289111651539148,0.8317892316894728,1.0,0,Pw10
3769,PG_00000,G_00000,SRB-9001003.001.Pw11_vs_DMSO,-1.9443112578669917,0.9747240698211657,1.0,0,Pw11
3771,PG_00001,G_00001,SRB-9001003.001.Pw11_vs_DMSO,-2.9096795450262816,0.4441898918749128,1.0,0,Pw11
3773,PG_00002,G_00002,SRB-9001003.001.Pw11_vs_DMSO,0.4216514060558924,0.41356944080359664,1.0,0,Pw11
3775,PG_00003,G_00003,SRB-9001003.001.Pw11_vs_DMSO,-0.44614673096882407,0.40964712441960116,1.0,0,Pw11
3777,PG_00004,G_00004,SRB-9001003.001.Pw11_vs_DMSO,0.31750826596705595,0.2014695850959854,0.5143074070059453,0,Pw11
3779,PG_00005,G_00005,SRB-9001003.001.Pw11_vs_DMSO,0.7484294277145158,0.6835645206282432,1.0,0,Pw11
3781,PG_00006,G_00006,SRB-9001003.001.Pw11_vs_DMSO,0.5461158945698575,0.9355296046439175,1.0,0,Pw11
3783,PG_00007,G_00007,SRB-9001003.001.Pw11_vs_DMSO,0.0772365575565267,0.9693258757355486,1.0,0,Pw11
3785,PG_00008,G_00008,SRB-9001003.001.Pw11_vs_DMSO,-0.30512425564607637,0.9972981726613289,1.0,0,Pw11
3787,PG_00009,G_00009,SRB-9001003.001.Pw11_vs_DMSO,0.4508220922631435,0.10284717297064093,0.277807056568884,0,Pw11
3789,PG_00010,G_00010,SRB-9001003.001.Pw11_vs_DMSO,2.7856290768427274,0.8914092044061774,1.0,0,Pw11
3791,PG_00011,G_00011,SRB-9001003.001.Pw11_vs_DMSO,0.3189377323150149,0.8373175925912145,1.0,0,Pw11
3793,PG_00012,G_00012,SRB-9001003.001.Pw11_vs_DMSO,-2.6605093867464618,0.5432965050536723,1.0,0,Pw11
3795,PG_00013,G_00013,SRB-9001003.001.Pw11_vs_DMSO,1.0763500607873993,0.43635028266813597,1.0,0,Pw11
3797,PG_00014,G_00014,SRB-9001003.001.Pw11_vs_DMSO,1.3693206552275354,0.44979852669573855,0.6657843584873779,0,Pw11
3799,PG_00015,G_00015,SRB-9001003.001.Pw11_vs_DMSO,1.5945552495978554,0.20072981590218272,0.6271174841450712,0,Pw11
3801,PG_00016,G_00016,SRB-9001003.001.Pw11_vs_DMSO,-1.778236285932195,0.8891314652603026,1.0,0,Pw11
3803,PG_00017,G_00017,SRB-9001003.001.Pw11_vs_DMSO,0.7178197865087411,0.7701331337806574,1.0,0,Pw11
3805,PG_00018,G_00018,SRB-9001003.001.Pw11_vs_DMSO,-0.5837613855938544,0.5939043504023119,0.7672595410179965,0,Pw11
3807,PG_00019,G_00019,SRB-9001003.001.Pw11_vs_DMSO,-0.3159982304657137,0.8952575230153396,1.0,0,Pw11
3809,PG_00020,G_00020,SRB-9001003.001.Pw11_vs_DMSO,0.022828696967450154,0.208656201248257,0.6889840562791678,0,Pw11
3811,PG_00021,G_00021,SRB-9001003.001.Pw11_vs_DMSO,-0.0835729010897126,0.6689256179974036,1.0,0,Pw11
3813,PG_00022,G_00022,SRB-9001003.001.Pw11_vs_DMSO,-2.700901057111682,0.4962787177906925,1.0,0,Pw11
3815,PG_00023,G_00023,SRB-9001003.001.Pw11_vs_DMSO,2.689165693540974,0.23557743064779138,1.0,0,Pw11
3817,PG_00024,G_00024,SRB-9001003.001.Pw11_vs_DMSO,0.0713017056349587,0.42619373269946725,1.0,0,Pw11
3819,PG_00025,G_00025,SRB-9001003.001.Pw11_vs_DMSO,-1.6727462967098328,0.4100973627259187,1.0,0,Pw11
3821,PG_00026,G_00026,SRB-9001003.001.Pw11_vs_DMSO,-1.004853604392853,0.5801260546996498,1.0,0,Pw11
3823,PG_00027,G_00027,SRB-9001003.001.Pw11_vs_DMSO,0.6551750553471576,0.034037364364513815,0.10282338125247234,0,Pw11
3825,PG_00028,G_00028,SRB-9001003.001.Pw11_vs_DMSO,-1.0744181253642466,0.4687485406428273,1.0,0,Pw11
3827,PG_00029,G_00029,SRB-9001003.001.Pw11_vs_DMSO,0.6004508092487693,0.05515497345865631,0.22176162488465298,0,Pw11
3829,PG_00030,G_00030,SRB-9001003.001.Pw11_vs_DMSO,-1.7034574560434819,0.27453140766707845,0.9121644316281129,0,Pw11
3831,PG_00031,G_00031,SRB-9001003.001.Pw11_vs_DMSO,0.8346328128562834,0.9605761280263753,1.0,0,Pw11
3833,PG_00032,G_00032,SRB-9001003.001.Pw11_vs_DMSO,-1.0151524434563597,0.9974295787881262,1.0,0,Pw11
3835,PG_00033,G_00033,SRB-9001003.001.Pw11_vs_DMSO,-1.142836758453168,0.7987404326751939,1.0,0,Pw11
3837,PG_00034,G_00034,SRB-9001003.001.Pw11_vs_DMSO,1.2754862806199203,0.6890160602797897,1.0,0,Pw11
3839,PG_00035,G_00035,SRB-9001003.001.Pw11_vs_DMSO,0.4916383864851005,0.6757465959553823,1.0,0,Pw11
3841,PG_00036,G_00036,SRB-9001003.001.Pw11_vs_DMSO,-1.2677329361218355,0.6618635756659288,1.0,0,Pw11
3843,PG_00037,G_00037,SRB-9001003.001.Pw11_vs_DMSO,-0.031165804963126997,0.051305909640753294,0.09220228631284973,0,Pw11
3845,PG_00038,G_00038,SRB-9001003.001.Pw11_vs_DMSO,2.1137245931521766,0.910729838384676,1.0,0,Pw11
3847,PG_00039,G_00039,SRB-9001003.001.Pw11_vs_DMSO,0.04586478310796041,0.752412053250787,1.0,0,Pw11
3849,PG_00040,G_00040,SRB-9001003.001.Pw11_vs_DMSO,-1.8494320671029338,0.8025730107384837,1.0,0,Pw11
3851,PG_00041,G_00041,SRB-9001003.001.Pw11_vs_DMSO,0.45027740720084003,0.5171501615431847,1.0,0,Pw11
3853,PG_00042,G_00042,SRB-9001003.001.Pw11_vs_DMSO,-0.3389236643942107,0.6964751936970001,1.0,0,Pw11
3855,PG_00043,G_00043,SRB-9001003.001.Pw11_vs_DMSO,-3.7113052104978714,0.13318739661436838,0.30272274909549834,0,Pw11
3857,PG_00044,G_00044,SRB-9001003.001.Pw11_vs_DMSO,0.28866971310632816,0.8055118921922501,1.0,0,Pw11
3859,PG_00045,G_00045,SRB-9001003.001.Pw11_vs_DMSO,-0.5398345055701584,0.16658852085036652,0.7496318057613397,0,Pw11
3861,PG_00046,G_00046,SRB-9001003.001.Pw11_vs_DMSO,0.46331960884438167,0.9099928611436526,1.0,0,Pw11
3863,PG_00047,G_00047,SRB-9001003.001.Pw11_vs_DMSO,-1.1327627566250738,0.4014564928211773,1.0,0,Pw11
3865,PG_00048,G_00048,SRB-9001003.001.Pw11_vs_DMSO,-3.249291348520053,0.29250878461147767,0.7946533342201209,0,Pw11
3867,PG_00049,G_00049,SRB-9001003.001.Pw11_vs_DMSO,1.974663643742835,0.8441063608551105,1.0,0,Pw11
3869,PG_00050,G_00050,SRB-9001003.001.Pw11_vs_DMSO,-2.0180129694587494,0.16937665920362685,0.5896142840349778,0,Pw11
3871,PG_00051,G_00051,SRB-9001003.001.Pw11_vs_DMSO,-1.0798646170758182,0.5496091526435917,0.8989410060552616,0,Pw11
3873,PG_00052,G_00052,SRB-9001003.001.Pw11_vs_DMSO,1.0985002785892317,0.6779022489139733,1.0,0,Pw11
3875,PG_00053,G_00053,SRB-9001003.001.Pw11_vs_DMSO,0.8654256685525394,0.43303390867863406,0.8163773874345585,0,Pw11
3877,PG_00054,G_00054,SRB-9001003.001.Pw11_vs_DMSO,-1.0066490550902873,0.6096741115424346,1.0,0,Pw11
3879,PG_00055,G_00055,SRB-9001003.001.Pw11_vs_DMSO,2.5565371031284707,0.6990170139609772,1.0,0,Pw11
3881,PG_00056,G_00056,SRB-9001003.001.Pw11_vs_DMSO,1.6376989104398065,0.8641360438986182,1.0,0,Pw11
3883,PG_00057,G_00057,SRB-9001003.001.Pw11_vs_DMSO,-0.4756304343685044,0.8504714810578978,1.0,0,Pw11
3885,PG_00058,G_00058,SRB-9001003.001.Pw11_vs_DMSO,-0.34634324457370264,0.2874542190778237,1.0,0,Pw11
3887,PG_00059,G_00059,SRB-9001003.001.Pw11_vs_DMSO,1.2812351709228877,0.020240624634110974,0.04491291972963104,1,Pw11
3889,PG_00000,G_00000,SRB-9001004.001.Pw10_vs_DMSO,-0.8941906148843568,0.38263112610705424,1.0,0,Pw10
3891,PG_00001,G_00001,SRB-9001004.001.Pw10_vs_DMSO,2.8902159213475054,0.6971162433204408,1.0,0,Pw10
3893,PG_00002,G_00002,SRB-9001004.001.Pw10_vs_DMSO,0.8245388663849595,0.07763499541871097,0.23252540519567041,0,Pw10
3895,PG_00003,G_00003,SRB-9001004.001.Pw10_vs_DMSO,-0.2673084876621142,0.22857996718914808,0.6169038584111742,0,Pw10
3897,PG_00004,G_00004,SRB-9001004.001.Pw10_vs_DMSO,-4.67886986529534,0.9929244252344247,1.0,0,Pw10
3899,PG_00005,G_00005,SRB-9001004.001.Pw10_vs_DMSO,0.4569096603174293,0.6283937594943774,1.0,0,Pw10
3901,PG_00006,G_00006,SRB-9001004.001.Pw10_vs_DMSO,0.8726801977962284,0.8620238384898857,1.0,0,Pw10
3903,PG_00007,G_00007,SRB-9001004.001.Pw10_vs_DMSO,2.257966894308623,0.3906324558631772,1.0,0,Pw10
3905,PG_00008,G_00008,SRB-9001004.001.Pw10_vs_DMSO,-1.28723633177393,0.4536053543868419,1.0,0,Pw10
3907,PG_00009,G_00009,SRB-9001004.001.Pw10_vs_DMSO,2.2319164364378343,0.03809039919223352,0.06586147342280262,1,Pw10
3909,PG_00010,G_00010,SRB-9001004.001.Pw10_vs_DMSO,-0.5256319137881118,0.7519896224593866,1.0,0,Pw10
3911,PG_00011,G_00011,SRB-9001004.001.Pw10_vs_DMSO,0.6545294597610001,0.30330686258461836,1.0,0,Pw10
3913,PG_00012,G_00012,SRB-9001004.001.Pw10_vs_DMSO,-1.3104335227352946,0.2179207164712157,0.2322780298183886,0,Pw10
3915,PG_00013,G_00013,SRB-9001004.001.Pw10_vs_DMSO,0.9003406489145788,0.7329166868741711,1.0,0,Pw10
3917,PG_00014,G_00014,SRB-9001004.001.Pw10_vs_DMSO,2.379037992391585,0.17442884226052088,0.7157336387951105,0,Pw10
3919,PG_00015,G_00015,SRB-9001004.001.Pw10_vs_DMSO,-1.978107184793422,0.6612495129224795,1.0,0,Pw10
3921,PG_00016,G_00016,SRB-9001004.001.Pw10_vs_DMSO,-0.5749325227056745,0.8290146005825163,1.0,0,Pw10
3923,PG_00017,G_00017,SRB-9001004.001.Pw10_vs_DMSO,1.6146953421113213,0.3169245264174654,1.0,0,Pw10
3925,PG_00018,G_00018,SRB-9001004.001.Pw10_vs_DMSO,-0.4458602905951151,0.5688714730002539,1.0,0,Pw10
3927,PG_00019,G_00019,SRB-9001004.001.Pw10_vs_DMSO,-0.03306024847574114,0.46132003831201607,1.0,0,Pw10
3929,PG_00020,G_00020,SRB-9001004.001.Pw10_vs_DMSO,0.6728440920585185,0.796855970941084,0.8208478125644416,0,Pw10
3931,PG_00021,G_00021,SRB-9001004.001.Pw10_vs_DMSO,-0.7750393103770579,0.5768102246745357,1.0,0,Pw10
3933,PG_00022,G_00022,SRB-9001004.001.Pw10_vs_DMSO,0.7413715436642423,0.14078228302731666,0.5708724611380229,0,Pw10
3935,PG_00023,G_00023,SRB-9001004.001.Pw10_vs_DMSO,0.5138164834328267,0.6687292741260665,1.0,0,Pw10
3937,PG_00024,G_00024,SRB-9001004.001.Pw10_vs_DMSO,0.6404692485650858,0.1540535818441716,0.43983042648450493,0,Pw10
3939,PG_00025,G_00025,SRB-9001004.001.Pw10_vs_DMSO,-1.7095172814188841,0.007929344731330286,0.026232900319189727,1,Pw10
3941,PG_00026,G_00026,SRB-9001004.001.Pw10_vs_DMSO,-0.7149432419527005,0.8362588367966652,1.0,0,Pw10
3943,PG_00027,G_00027,SRB-9001004.001.Pw10_vs_DMSO,1.431802487024907,0.33558001907003293,1.0,0,Pw10
3945,PG_00028,G_00028,SRB-9001004.001.Pw10_vs_DMSO,2.1489182437085215,0.5375074295467411,0.885935540123279,0,Pw10
3947,PG_00029,G_00029,SRB-9001004.001.Pw10_vs_DMSO,0.2563079880034143,0.2527765415692229,0.6540059855007877,0,Pw10
3949,PG_00030,G_00030,SRB-9001004.001.Pw10_vs_DMSO,0.82795408042089,0.41577284785091245,0.5427490475157779,0,Pw10
3951,PG_00031,G_00031,SRB-9001004.001.Pw10_vs_DMSO,-0.009552704614262619,0.3010958932432182,1.0,0,Pw10
3953,PG_00032,G_00032,SRB-9001004.001.Pw10_vs_DMSO,1.2191148977654236,0.894339654469398,1.0,0,Pw10
3955,PG_00033,G_00033,SRB-9001004.001.Pw10_vs_DMSO,-1.2745924758815945,0.5875868314982925,1.0,0,Pw10
3957,PG_00034,G_00034,SRB-9001004.001.Pw10_vs_DMSO,-0.6438828554558731,0.7793488912018486,1.0,0,Pw10
3959,PG_00035,G_00035,SRB-9001004.001.Pw10_vs_DMSO,-0.8893573371433832,0.007181101985723283,0.022115246651670348,0,Pw10
3961,PG_00036,G_00036,SRB-9001004.001.Pw10_vs_DMSO,-1.2621094951580811,0.15944299487664618,0.27551704990595266,0,Pw10
3963,PG_00037,G_00037,SRB-9001004.001.Pw10_vs_DMSO,0.5162454837613392,0.3014078003556019,0.9045160931199496,0,Pw10
3965,PG_00038,G_00038,SRB-9001004.001.Pw10_vs_DMSO,0.4440335857394565,0.8888300608123595,1.0,0,Pw10
3967,PG_00039,G_00039,SRB-9001004.001.Pw10_vs_DMSO,-2.263417605426111,0.45684198892625055,0.9033022765708301,0,Pw10
3969,PG_00040,G_00040,SRB-9001004.001.Pw10_vs_DMSO,-1.8149297255545704,0.7596893603401729,1.0,0,Pw10
3971,PG_00041,G_00041,SRB-9001004.001.Pw10_vs_DMSO,1.7611966684388447,0.3567214759776238,1.0,0,Pw10
3973,PG_00042,G_00042,SRB-9001004.001.Pw10_vs_DMSO,-0.9356297181585069,0.9070732558704923,1.0,0,Pw10
3975,PG_00043,G_00043,SRB-9001004.001.Pw10_vs_DMSO,-0.17658212974908494,0.9260080005821154,1.0,0,Pw10
3977,PG_00044,G_00044,SRB-9001004.001.Pw10_vs_DMSO,-0.18953761015711806,0.6589320780186342,1.0,0,Pw10
3979,PG_00045,G_00045,SRB-9001004.001.Pw10_vs_DMSO,0.12732828609046173,0.15939534476341252,0.4408464383033384,0,Pw10
3981,PG_00046,G_00046,SRB-9001004.001.Pw10_vs_DMSO,-2.4594606209609498,0.5774670684371239,1.0,0,Pw10
3983,PG_00047,G_00047,SRB-9001004.001.Pw10_vs_DMSO,-0.5073664249491292,0.2525394828100688,1.0,0,Pw10
3985,PG_00048,G_00048,SRB-9001004.001.Pw10_vs_DMSO,-0.48227675383879753,0.2567943109349838,0.8677951219144593,0,Pw10
3987,PG_00049,G_00049,SRB-9001004.001.Pw10_vs_DMSO,0.926765353699327,0.8725746330893356,1.0,0,Pw10
3989,PG_00050,G_00050,SRB-9001004.001.Pw10_vs_DMSO,-2.067095313571183,0.98823945262056,1.0,0,Pw10
3991,PG_00051,G_00051,SRB-9001004.001.Pw10_vs_DMSO,-1.154790957637873,0.6884826406371062,1.0,0,Pw10
3993,PG_00052,G_00052,SRB-9001004.001.Pw10_vs_DMSO,-1.9515358419266848,0.6401251736916413,0.9334968315424883,0,Pw10
3995,PG_00053,G_00053,SRB-9001004.001.Pw10_vs_DMSO,-0.8986753832979291,0.8471336592704118,0.9488942912941494,0,Pw10
3997,PG_00054,G_00054,SRB-9001004.001.Pw10_vs_DMSO,-0.6195114913389739,0.7347095450316597,1.0,0,Pw10
3999,PG_00055,G_00055,SRB-9001004.001.Pw10_vs_DMSO,1.8880543097925413,0.5661624198780693,1.0,0,Pw10
4001,PG_00056,G_00056,SRB-9001004.001.Pw10_vs_DMSO,1.6540325211684046,0.9454839629777957,1.0,0,Pw10
4003,PG_00057,G_00057,SRB-9001004.001.Pw10_vs_DMSO,0.5841012401335739,0.18244397865878081,0.518996224238104,0,Pw10
4005,PG_00058,G_00058,SRB-9001004.001.Pw10_vs_DMSO,-1.231133190117457,0.7818592061582067,1.0,0,Pw10
4007,PG_00059,G_00059,SRB-9001004.001.Pw10_vs_DMSO,2.154507221704635,0.728484391928967,1.0,0,Pw10
4009,PG_00000,G_00000,SRB-9001004.001.Pw11_vs_DMSO,-0.3049281849094018,0.3891144604133506,1.0,0,Pw11
4011,PG_00001,G_00001,SRB-9001004.001.Pw11_vs_DMSO,0.32710704109543887,0.5124831548816079,0.9725861663737777,0,Pw11
4013,PG_00002,G_00002,SRB-9001004.001.Pw11_vs_DMSO,-0.7961033866706172,0.8914015667846716,1.0,0,Pw11
4015,PG_00003,G_00003,SRB-9001004.001.Pw11_vs_DMSO,0.5399973448631171,0.9565392027215619,1.0,0,Pw11
4017,PG_00004,G_00004,SRB-9001004.001.Pw11_vs_DMSO,1.6861127455574287,0.13724714117002768,0.583101527409526,0,Pw11
4019,PG_00005,G_00005,SRB-9001004.001.Pw11_vs_DMSO,1.6775649901974035,0.5286283183397271,0.8797590783345223,0,Pw11
4021,PG_00006,G_00006,SRB-9001004.001.Pw11_vs_DMSO,0.3045327024795089,0.6713360300669511,1.0,0,Pw11
4023,PG_00007,G_00007,SRB-9001004.001.Pw11_vs_DMSO,1.1033397675563545,0.18018482850000428,0.876890221881611,0,Pw11
4025,PG_00008,G_00008,SRB-9001004.001.Pw11_vs_DMSO,0.5010940511969615,0.18230574096541516,0.7563030818117757,0,Pw11
4027,PG_00009,G_00009,SRB-9001004.001.Pw11_vs_DMSO,0.24595905782777996,0.250591796539322,0.5275135795971209,0,Pw11
4029,PG_00010,G_00010,SRB-9001004.001.Pw11_vs_DMSO,0.20184856117039188,0.6041614117576639,1.0,0,Pw11
4031,PG_00011,G_00011,SRB-9001004.001.Pw11_vs_DMSO,-0.49161337967416885,0.809842494988904,1.0,0,Pw11
4033,PG_00012,G_00012,SRB-9001004.001.Pw11_vs_DMSO,-0.680277862421374,0.8796516332037818,1.0,0,Pw11
4035,PG_00013,G_00013,SRB-9001004.001.Pw11_vs_DMSO,-0.4832244518544567,0.004882863455675556,0.00987809891125811,0,Pw11
4037,PG_00014,G_00014,SRB-9001004.001.Pw11_vs_DMSO,-0.024975142417385725,0.05547109994418012,0.12864392041095257,0,Pw11
4039,PG_00015,G_00015,SRB-9001004.001.Pw11_vs_DMSO,-2.843265379720528,0.529302069614244,0.5913211450637837,0,Pw11
4041,PG_00016,G_00016,SRB-9001004.001.Pw11_vs_DMSO,-0.9903120501942768,0.09041679622658805,0.16717466301822026,0,Pw11
4043,PG_00017,G_00017,SRB-9001004.001.Pw11_vs_DMSO,-1.5470389783198166,0.16480698926016996,0.45162522697232327,0,Pw11
4045,PG_00018,G_00018,SRB-9001004.001.Pw11_vs_DMSO,0.47824044004287486,0.007023609591124537,0.02702860340938412,0,Pw11
4047,PG_00019,G_00019,SRB-9001004.001.Pw11_vs_DMSO,3.6049061228394965,0.6416916333006545,1.0,0,Pw11
4049,PG_00020,G_00020,SRB-9001004.001.Pw11_vs_DMSO,-0.11011599438383124,0.7463583532279318,1.0,0,Pw11
4051,PG_00021,G_00021,SRB-9001004.001.Pw11_vs_DMSO,0.03201654689304216,0.330117443456815,1.0,0,Pw11
4053,PG_00022,G_00022,SRB-9001004.001.Pw11_vs_DMSO,0.4769037081823268,0.10503996167545163,0.2689809741228793,0,Pw11
4055,PG_00023,G_00023,SRB-9001004.001.Pw11_vs_DMSO,1.1973588679464262,0.7513981516419292,1.0,0,Pw11
4057,PG_00024,G_00024,SRB-9001004.001.Pw11_vs_DMSO,1.069606822495465,0.8191930425995488,1.0,0,Pw11
4059,PG_00025,G_00025,SRB-9001004.001.Pw11_vs_DMSO,-0.9886785134885826,0.573176708312584,1.0,0,Pw11
4061,PG_00026,G_00026,SRB-9001004.001.Pw11_vs_DMSO,-0.045197398854139176,0.9240078916846425,1.0,0,Pw11
4063,PG_00027,G_00027,SRB-9001004.001.Pw11_vs_DMSO,-1.1724701383229847,0.5906740318358267,1.0,0,Pw11
4065,PG_00028,G_00028,SRB-9001004.001.Pw11_vs_DMSO,1.8629623107545814,0.21275604093884018,0.6661728165601157,0,Pw11
4067,PG_00029,G_00029,SRB-9001004.001.Pw11_vs_DMSO,0.04929440240518912,0.3587802924692751,0.5775127654679421,0,Pw11
4069,PG_00030,G_00030,SRB-9001004.001.Pw11_vs_DMSO,-0.31007772577189274,0.7299823056636837,1.0,0,Pw11
4071,PG_00031,G_00031,SRB-9001004.001.Pw11_vs_DMSO,-0.1303550914664631,0.4279649085092755,1.0,0,Pw11
4073,PG_00032,G_00032,SRB-9001004.001.Pw11_vs_DMSO,2.371089012166481,0.08540337279273501,0.42525089381493675,0,Pw11
4075,PG_00033,G_00033,SRB-9001004.001.Pw11_vs_DMSO,-0.003503583609216832,0.38193151218912696,0.5706759208069845,0,Pw11
4077,PG_00034,G_00034,SRB-9001004.001.Pw11_vs_DMSO,1.4503890885412005,0.8628032847479578,1.0,0,Pw11
4079,PG_00035,G_00035,SRB-9001004.001.Pw11_vs_DMSO,-1.6392084528296214,0.5549236089179083,0.6833908244984261,0,Pw11
4081,PG_00036,G_00036,SRB-9001004.001.Pw11_vs_DMSO,-0.19365367692410662,0.7752405368921524,1.0,0,Pw11
4083,PG_00037,G_00037,SRB-9001004.001.Pw11_vs_DMSO,0.7656569329187487,0.3410053370959977,1.0,0,Pw11
4085,PG_00038,G_00038,SRB-9001004.001.Pw11_vs_DMSO,0.2978027916091368,0.2613671930331791,0.28767970303300533,0,Pw11
4087,PG_00039,G_00039,SRB-9001004.001.Pw11_vs_DMSO,-0.29616965170682763,0.3681978959933183,0.44047471344655914,0,Pw11
4089,PG_00040,G_00040,SRB-9001004.001.Pw11_vs_DMSO,0.3864537693872459,0.458392706141637,1.0,0,Pw11
4091,PG_00041,G_00041,SRB-9001004.001.Pw11_vs_DMSO,-2.5286244308853667,0.7748722434489302,1.0,0,Pw11
4093,PG_00042,G_00042,SRB-9001004.001.Pw11_vs_DMSO,1.6713165076695127,0.4620496378737178,0.7902204473662634,0,Pw11
4095,PG_00043,G_00043,SRB-9001004.001.Pw11_vs_DMSO,-0.5033609498338069,0.2519561508030966,0.7942744270996038,0,Pw11
4097,PG_00044,G_00044,SRB-9001004.001.Pw11_vs_DMSO,-0.7069413819804302,0.5777204012212181,1.0,0,Pw11
4099,PG_00045,G_00045,SRB-9001004.001.Pw11_vs_DMSO,-0.5054119318456541,0.6359015493509079,0.8709196828886874,0,Pw11
4101,PG_00046,G_00046,SRB-9001004.001.Pw11_vs_DMSO,1.4824942520481679,0.463846478900618,1.0,0,Pw11
4103,PG_00047,G_00047,SRB-9001004.001.Pw11_vs_DMSO,-2.677958431503467,0.09474846473534367,0.184463996914894,0,Pw11
4105,PG_00048,G_00048,SRB-9001004.001.Pw11_vs_DMSO,1.1000039215720796,0.26149463528160527,0.6003201202013054,0,Pw11
4107,PG_00049,G_00049,SRB-9001004.001.Pw11_vs_DMSO,-0.15630471717933697,0.6712163734088008,1.0,0,Pw11
4109,PG_00050,G_00050,SRB-9001004.001.Pw11_vs_DMSO,0.7899524902414012,0.3585943892568355,0.6033367076748928,0,Pw11
4111,PG_00051,G_00051,SRB-9001004.001.Pw11_vs_DMSO,-1.5880122023471595,0.4397082844557686,1.0,0,Pw11
4113,PG_00052,G_00052,SRB-9001004.001.Pw11_vs_DMSO,-0.15169807020283052,0.6011360375386944,1.0,0,Pw11
4115,PG_00053,G_00053,SRB-9001004.001.Pw11_vs_DMSO,0.5581265537468912,0.37904072455906285,1.0,0,Pw11
4117,PG_00054,G_00054,SRB-9001004.001.Pw11_vs_DMSO,1.0239365440407973,0.8041571763061434,1.0,0,Pw11
4119,PG_00055,G_00055,SRB-9001004.001.Pw11_vs_DMSO,-1.6533185229933602,0.30866139411221644,1.0,0,Pw11
4121,PG_00056,G_00056,SRB-9001004.001.Pw11_vs_DMSO,-0.3338113659389353,0.6442072142866467,1.0,0,Pw11
4123,PG_00057,G_00057,SRB-9001004.001.Pw11_vs_DMSO,0.2547006735644733,0.07387185173860362,0.08296504072465855,0,Pw11
4125,PG_00058,G_00058,SRB-9001004.001.Pw11_vs_DMSO,1.340161810839423,0.28874873638921633,0.4625779625450672,0,Pw11
4127,PG_00059,G_00059,SRB-9001004.001.Pw11_vs_DMSO,-0.6099396296347281,0.43251260605379205,1.0,0,Pw11
4129,PG_00000,G_00000,SRB-9001005.001.Pw10_vs_DMSO,0.3363798666269728,0.5436897437736417,0.6460789562964162,0,Pw10
4131,PG_00001,G_00001,SRB-9001005.001.Pw10_vs_DMSO,0.6232789699858668,0.05878095476810702,0.20859170486845544,0,Pw10
4133,PG_00002,G_00002,SRB-9001005.001.Pw10_vs_DMSO,1.4498701067166542,0.30281347845532885,0.8681515989308758,0,Pw10
4135,PG_00003,G_00003,SRB-9001005.001.Pw10_vs_DMSO,-1.206113797657238,0.2906424321141411,1.0,0,Pw10
4137,PG_00004,G_00004,SRB-9001005.001.Pw10_vs_DMSO,0.36353796078712053,0.3462176016472988,0.9419052714846359,0,Pw10
4139,PG_00005,G_00005,SRB-9001005.001.Pw10_vs_DMSO,-0.1307987852223737,0.8236152888595727,1.0,0,Pw10
4141,PG_00006,G_00006,SRB-9001005.001.Pw10_vs_DMSO,2.300002801165881,0.0067661798494887855,0.009579152303747873,1,Pw10
4143,PG_00007,G_00007,SRB-9001005.001.Pw10_vs_DMSO,-0.9705131954412354,0.8869739395425629,1.0,0,Pw10
4145,PG_00008,G_00008,SRB-9001005.001.Pw10_vs_DMSO,1.1625633326112017,0.31335147740534436,1.0,0,Pw10
4147,PG_00009,G_00009,SRB-9001005.001.Pw10_vs_DMSO,-1.3514701535392484,0.08588191442969026,0.3340628706741345,0,Pw10
4149,PG_00010,G_00010,SRB-9001005.001.Pw10_vs_DMSO,-0.939944100479581,0.9463203744799965,1.0,0,Pw10
4151,PG_00011,G_00011,SRB-9001005.001.Pw10_vs_DMSO,-2.923743378187298,0.1381755133326272,0.49617462967156334,0,Pw10
4153,PG_00012,G_00012,SRB-9001005.001.Pw10_vs_DMSO,-0.6897050000710072,0.28391283509697635,0.8908438455893212,0,Pw10
4155,PG_00013,G_00013,SRB-9001005.001.Pw10_vs_DMSO,0.19383561606474758,0.6971978147233927,1.0,0,Pw10
4157,PG_00014,G_00014,SRB-9001005.001.Pw10_vs_DMSO,-0.5470451414528081,0.17877384315051956,0.2721697675890455,0,Pw10
4159,PG_00015,G_00015,SRB-9001005.001.Pw10_vs_DMSO,1.6102762713120986,0.8607232423257598,1.0,0,Pw10
4161,PG_00016,G_00016,SRB-9001005.001.Pw10_vs_DMSO,0.2835340103041637,0.6482168567122809,1.0,0,Pw10
4163,PG_00017,G_00017,SRB-9001005.001.Pw10_vs_DMSO,-0.5852144006159283,0.6522228440941161,1.0,0,Pw10
4165,PG_00018,G_00018,SRB-9001005.001.Pw10_vs_DMSO,-1.6570560826943566,0.13679802604870156,0.590198341765333,0,Pw10
4167,PG_00019,G_00019,SRB-9001005.001.Pw10_vs_DMSO,1.0045345317193946,0.25788558701828207,0.3260532977324262,0,Pw10
4169,PG_00020,G_00020,SRB-9001005.001.Pw10_vs_DMSO,-0.40344612903736765,0.009320467110608808,0.03990608881763231,0,Pw10
4171,PG_00021,G_00021,SRB-9001005.001.Pw10_vs_DMSO,-1.1720128493674167,0.5565194686973716,0.9882913625767179,0,Pw10
4173,PG_00022,G_00022,SRB-9001005.001.Pw10_vs_DMSO,0.7593164933149811,0.755425458088209,1.0,0,Pw10
4175,PG_00023,G_00023,SRB-9001005.001.Pw10_vs_DMSO,2.1939874989619303,0.680674601386647,1.0,0,Pw10
4177,PG_00024,G_00024,SRB-9001005.001.Pw10_vs_DMSO,-0.6677102855919486,0.6627649741233275,1.0,0,Pw10
4179,PG_00025,G_00025,SRB-9001005.001.Pw10_vs_DMSO,-4.041539513274052,0.29164247772697943,0.9465968476465816,0,Pw10
4181,PG_00026,G_00026,SRB-9001005.001.Pw10_vs_DMSO,-0.031099771796715667,0.18691487069979099,0.6781410559500408,0,Pw10
4183,PG_00027,G_00027,SRB-9001005.001.Pw10_vs_DMSO,1.299168271777235,0.9919648096841102,1.0,0,Pw10
4185,PG_00028,G_00028,SRB-9001005.001.Pw10_vs_DMSO,-1.9619528296723208,0.693452673811273,1.0,0,Pw10
4187,PG_00029,G_00029,SRB-9001005.001.Pw10_vs_DMSO,-0.10173005881675784,0.06916850592499622,0.15456908720831336,0,Pw10
4189,PG_00030,G_00030,SRB-9001005.001.Pw10_vs_DMSO,2.3293050836650107,0.7981952531148375,1.0,0,Pw10
4191,PG_00031,G_00031,SRB-9001005.001.Pw10_vs_DMSO,2.2665150663586315,0.4177221483098079,0.4694454473884058,0,Pw10
4193,PG_00032,G_00032,SRB-9001005.001.Pw10_vs_DMSO,-1.5638583600939566,0.8161269060718404,1.0,0,Pw10
4195,PG_00033,G_00033,SRB-9001005.001.Pw10_vs_DMSO,-0.2254099704019325,0.8469976534372321,1.0,0,Pw10
4197,PG_00034,G_00034,SRB-9001005.001.Pw10_vs_DMSO,0.41355454712584444,0.6001821759106118,1.0,0,Pw10
4199,PG_00035,G_00035,SRB-9001005.001.Pw10_vs_DMSO,-1.1237586635118813,0.03759391055681973,0.14344345511846057,1,Pw10
4201,PG_00036,G_00036,SRB-9001005.001.Pw10_vs_DMSO,-1.5236410363312332,0.2922220147004228,0.37936579932918557,0,Pw10
4203,PG_00037,G_00037,SRB-9001005.001.Pw10_vs_DMSO,0.4233330656437605,0.8374289669709589,1.0,0,Pw10
4205,PG_00038,G_00038,SRB-9001005.001.Pw10_vs_DMSO,0.6557273760985517,0.30527033334406306,1.0,0,Pw10
4207,PG_00039,G_00039,SRB-9001005.001.Pw10_vs_DMSO,1.7937516407996932,0.2715403191919391,0.5611151969239415,0,Pw10
4209,PG_00040,G_00040,SRB-9001005.001.Pw10_vs_DMSO,0.45006273497746113,0.20810864369510096,0.21316154940394952,0,Pw10
4211,PG_00041,G_00041,SRB-9001005.001.Pw10_vs_DMSO,1.163787774410298,0.8481618560346653,1.0,0,Pw10
4213,PG_00042,G_00042,SRB-9001005.001.Pw10_vs_DMSO,-0.012716329327221783,0.7844607194675712,1.0,0,Pw10
4215,PG_00043,G_00043,SRB-9001005.001.Pw10_vs_DMSO,-0.7875811298445373,0.635620597184443,1.0,0,Pw10
4217,PG_00044,G_00044,SRB-9001005.001.Pw10_vs_DMSO,0.37123347335404344,0.14444699529362898,0.24925120442276152,0,Pw10
4219,PG_00045,G_00045,SRB-9001005.001.Pw10_vs_DMSO,0.1452203028869656,0.4380331178286549,1.0,0,Pw10
4221,PG_00046,G_00046,SRB-9001005.001.Pw10_vs_DMSO,-0.21415960772138992,0.9829490857657954,1.0,0,Pw10
4223,PG_00047,G_00047,SRB-9001005.001.Pw10_vs_DMSO,-2.0946371506301755,0.6855359059681837,1.0,0,Pw10
4225,PG_00048,G_00048,SRB-9001005.001.Pw10_vs_DMSO,0.2947611016842318,0.09639459389690978,0.1411488051217023,0,Pw10
4227,PG_00049,G_00049,SRB-9001005.001.Pw10_vs_DMSO,0.3662427096619657,0.37262828306947143,0.9251383946946883,0,Pw10
4229,PG_00050,G_00050,SRB-9001005.001.Pw10_vs_DMSO,2.263651186125145,0.9531702914207135,1.0,0,Pw10
4231,PG_00051,G_00051,SRB-9001005.001.Pw10_vs_DMSO,0.3660814939554291,0.24597201492426787,0.5082896421207781,0,Pw10
4233,PG_00052,G_00052,SRB-9001005.001.Pw10_vs_DMSO,1.5966519450173426,0.030152670383849296,0.03408566753237815,1,Pw10
4235,PG_00053,G_00053,SRB-9001005.001.Pw10_vs_DMSO,0.051189383798911955,0.8426784830422661,1.0,0,Pw10
4237,PG_00054,G_00054,SRB-9001005.001.Pw10_vs_DMSO,-1.8411241222954489,0.006823644106509527,0.010841597752843962,1,Pw10
4239,PG_00055,G_00055,SRB-9001005.001.Pw10_vs_DMSO,0.6996483479745581,0.6338554865463053,1.0,0,Pw10
4241,PG_00056,G_00056,SRB-9001005.001.Pw10_vs_DMSO,-0.6988951672739372,0.616415600501984,0.7170381003503707,0,Pw10
4243,PG_00057,G_00057,SRB-9001005.001.Pw10_vs_DMSO,1.3754654443924987,0.9295455125649579,1.0,0,Pw10
4245,PG_00058,G_00058,SRB-9001005.001.Pw10_vs_DMSO,-2.7085508215687355,0.35593869132986417,1.0,0,Pw10
4247,PG_00059,G_00059,SRB-9001005.001.Pw10_vs_DMSO,2.7165978676255738,0.35521677311807864,1.0,0,Pw10
4249,PG_00000,G_00000,SRB-9001005.001.Pw11_vs_DMSO,0.612940901743481,0.7793351265578667,0.9915214385403424,0,Pw11
4251,PG_00001,G_00001,SRB-9001005.001.Pw11_vs_DMSO,3.4799104410219712,0.5974268788112054,1.0,0,Pw11
4253,PG_00002,G_00002,SRB-9001005.001.Pw11_vs_DMSO,0.6481171497522736,0.4737626805130874,0.5240379995097532,0,Pw11
4255,PG_00003,G_00003,SRB-9001005.001.Pw11_vs_DMSO,0.1938698365938634,0.3299043356925527,1.0,0,Pw11
4257,PG_00004,G_00004,SRB-9001005.001.Pw11_vs_DMSO,-0.0044559872846372155,0.4195700313740997,0.4323433088289034,0,Pw11
4259,PG_00005,G_00005,SRB-9001005.001.Pw11_vs_DMSO,1.8184169236199965,0.5274784497200646,1.0,0,Pw11
4261,PG_00006,G_00006,SRB-9001005.001.Pw11_vs_DMSO,-0.21086034734694237,0.4543200406106296,0.5738551809138496,0,Pw11
4263,PG_00007,G_00007,SRB-9001005.001.Pw11_vs_DMSO,0.4883570754736374,0.3214496667005473,1.0,0,Pw11
4265,PG_00008,G_00008,SRB-9001005.001.Pw11_vs_DMSO,0.8927732750760138,0.026549243908981154,0.04655671043886457,0,Pw11
4267,PG_00009,G_00009,SRB-9001005.001.Pw11_vs_DMSO,0.8118492871048784,0.45485764143680235,1.0,0,Pw11
4269,PG_00010,G_00010,SRB-9001005.001.Pw11_vs_DMSO,1.1300118789722682,0.34888558648408924,1.0,0,Pw11
4271,PG_00011,G_00011,SRB-9001005.001.Pw11_vs_DMSO,-0.6484385489101466,0.846381572595602,1.0,0,Pw11
4273,PG_00012,G_00012,SRB-9001005.001.Pw11_vs_DMSO,0.6686106001655397,0.1351175857897917,0.4949174017150659,0,Pw11
4275,PG_00013,G_00013,SRB-9001005.001.Pw11_vs_DMSO,-1.4317418066128973,0.9420889905084172,1.0,0,Pw11
4277,PG_00014,G_00014,SRB-9001005.001.Pw11_vs_DMSO,-1.9804783684034821,0.03556943762387249,0.14050319012210077,1,Pw11
4279,PG_00015,G_00015,SRB-9001005.001.Pw11_vs_DMSO,-1.9820713644913721,0.5485352858095568,1.0,0,Pw11
4281,PG_00016,G_00016,SRB-9001005.001.Pw11_vs_DMSO,-2.032972087927561,0.4117802706480734,0.49801975581436164,0,Pw11
4283,PG_00017,G_00017,SRB-9001005.001.Pw11_vs_DMSO,-0.38519544279605433,0.04022672017754177,0.06239494102382894,0,Pw11
4285,PG_00018,G_00018,SRB-9001005.001.Pw11_vs_DMSO,1.2989506344959785,0.5469801171323246,1.0,0,Pw11
4287,PG_00019,G_00019,SRB-9001005.001.Pw11_vs_DMSO,-2.0672167452912555,0.8591893637281258,1.0,0,Pw11
4289,PG_00020,G_00020,SRB-9001005.001.Pw11_vs_DMSO,-1.1803391299468275,0.17983829622835315,0.662162373161143,0,Pw11
4291,PG_00021,G_00021,SRB-9001005.001.Pw11_vs_DMSO,-0.052731883534887086,0.13525114974334246,0.635605002011035,0,Pw11
4293,PG_00022,G_00022,SRB-9001005.001.Pw11_vs_DMSO,0.525776422196164,0.11563654542075448,0.24386339470513024,0,Pw11
4295,PG_00023,G_00023,SRB-9001005.001.Pw11_vs_DMSO,1.5410920131365016,0.46492421532961015,1.0,0,Pw11
4297,PG_00024,G_00024,SRB-9001005.001.Pw11_vs_DMSO,0.6626608104170513,0.8439486699728392,1.0,0,Pw11
4299,PG_00025,G_00025,SRB-9001005.001.Pw11_vs_DMSO,3.5083531505743872,0.7153561175399535,1.0,0,Pw11
4301,PG_00026,G_00026,SRB-9001005.001.Pw11_vs_DMSO,1.3427885095195884,0.49470970295971683,0.6744690532389858,0,Pw11
4303,PG_00027,G_00027,SRB-9001005.001.Pw11_vs_DMSO,0.771475795308269,0.16558417669489328,0.5458994806087322,0,Pw11
4305,PG_00028,G_00028,SRB-9001005.001.Pw11_vs_DMSO,1.9805521318610657,0.6034619784432464,1.0,0,Pw11
4307,PG_00029,G_00029,SRB-9001005.001.Pw11_vs_DMSO,0.5087152829030119,0.6506618631872905,1.0,0,Pw11
4309,PG_00030,G_00030,SRB-9001005.001.Pw11_vs_DMSO,0.9129773487812651,0.8530181692426057,1.0,0,Pw11
4311,PG_00031,G_00031,SRB-9001005.001.Pw11_vs_DMSO,-0.7618363737785608,0.8610070235774216,1.0,0,Pw11
4313,PG_00032,G_00032,SRB-9001005.001.Pw11_vs_DMSO,0.8550263682738859,0.4003846792669336,1.0,0,Pw11
4315,PG_00033,G_00033,SRB-9001005.001.Pw11_vs_DMSO,-0.38190415324914895,0.011492090254015725,0.026619964384545676,0,Pw11
4317,PG_00034,G_00034,SRB-9001005.001.Pw11_vs_DMSO,0.8704449650400291,0.6384165768061865,1.0,0,Pw11
4319,PG_00035,G_00035,SRB-9001005.001.Pw11_vs_DMSO,0.6051476900630118,0.12164132885925823,0.15109423223347834,0,Pw11
4321,PG_00036,G_00036,SRB-9001005.001.Pw11_vs_DMSO,2.2457145441475586,0.9099081605333263,1.0,0,Pw11
4323,PG_00037,G_00037,SRB-9001005.001.Pw11_vs_DMSO,-1.3731756771504293,0.8535670744965854,1.0,0,Pw11
4325,PG_00038,G_00038,SRB-9001005.001.Pw11_vs_DMSO,-0.11056423598210746,0.7357013327611462,1.0,0,Pw11
4327,PG_00039,G_00039,SRB-9001005.001.Pw11_vs_DMSO,0.046098734159880084,0.451427846790119,1.0,0,Pw11
4329,PG_00040,G_00040,SRB-9001005.001.Pw11_vs_DMSO,-0.5353281308282052,0.2812245123309524,1.0,0,Pw11
4331,PG_00041,G_00041,SRB-9001005.001.Pw11_vs_DMSO,-0.15533680098224756,0.15161144469471674,0.3341964823883217,0,Pw11
4333,PG_00042,G_00042,SRB-9001005.001.Pw11_vs_DMSO,1.4807744107272705,0.24733869614447296,1.0,0,Pw11
4335,PG_00043,G_00043,SRB-9001005.001.Pw11_vs_DMSO,-2.896044540186943,0.29247420538058794,1.0,0,Pw11
4337,PG_00044,G_00044,SRB-9001005.001.Pw11_vs_DMSO,0.4982346147498637,0.17138344559269167,0.6217764524384277,0,Pw11
4339,PG_00045,G_00045,SRB-9001005.001.Pw11_vs_DMSO,-0.9678839357291007,0.26806005075105366,0.7942146431191788,0,Pw11
4341,PG_00046,G_00046,SRB-9001005.001.Pw11_vs_DMSO,-2.3039311310246697,0.2632247750330988,0.9928044643156757,0,Pw11
4343,PG_00047,G_00047,SRB-9001005.001.Pw11_vs_DMSO,-1.8379885033234966,0.5441095923658463,1.0,0,Pw11
4345,PG_00048,G_00048,SRB-9001005.001.Pw11_vs_DMSO,-0.6798362083490317,0.8338124204202697,1.0,0,Pw11
4347,PG_00049,G_00049,SRB-9001005.001.Pw11_vs_DMSO,-4.159408940615629,0.15972897612987264,0.1675951401738387,0,Pw11
4349,PG_00050,G_00050,SRB-9001005.001.Pw11_vs_DMSO,1.4178790444397178,0.027091967674650483,0.1238708907779612,1,Pw11
4351,PG_00051,G_00051,SRB-9001005.001.Pw11_vs_DMSO,2.95232474407466,0.2527831514216477,0.38100267971133717,0,Pw11
4353,PG_00052,G_00052,SRB-9001005.001.Pw11_vs_DMSO,-0.9306554646818177,0.8219143542242593,1.0,0,Pw11
4355,PG_00053,G_00053,SRB-9001005.001.Pw11_vs_DMSO,1.791920652372524,0.4555867871396157,1.0,0,Pw11
4357,PG_00054,G_00054,SRB-9001005.001.Pw11_vs_DMSO,-0.09872230857387049,0.3293030919817682,0.8830122037635376,0,Pw11
4359,PG_00055,G_00055,SRB-9001005.001.Pw11_vs_DMSO,-1.236042553972375,0.2865111772588392,0.9960663187567723,0,Pw11
4361,PG_00056,G_00056,SRB-9001005.001.Pw11_vs_DMSO,-2.2922872161768106,0.6578422931701415,1.0,0,Pw11
4363,PG_00057,G_00057,SRB-9001005.001.Pw11_vs_DMSO,-2.321872249759815,0.3390591608026905,1.0,0,Pw11
4365,PG_00058,G_00058,SRB-9001005.001.Pw11_vs_DMSO,1.7645543042310496,0.9659087974880243,1.0,0,Pw11
4367,PG_00059,G_00059,SRB-9001005.001.Pw11_vs_DMSO,1.136185157983423,0.5496992041282037,1.0,0,Pw11
4369,PG_00000,G_00000,SRB-9001006.001.Pw10_vs_DMSO,0.9794220529526199,0.5664636468877782,0.7171045935702649,0,Pw10
4371,PG_00001,G_00001,SRB-9001006.001.Pw10_vs_DMSO,-2.2595326866275434,0.7714827141758448,1.0,0,Pw10
4373,PG_00002,G_00002,SRB-9001006.001.Pw10_vs_DMSO,0.494273077363744,0.11926648637561693,0.28708634026774654,0,Pw10
4375,PG_00003,G_00003,SRB-9001006.001.Pw10_vs_DMSO,-0.9695618611853927,0.9412890566458583,1.0,0,Pw10
4377,PG_00004,G_00004,SRB-9001006.001.Pw10_vs_DMSO,-1.4113960226517301,0.8672218297742313,1.0,0,Pw10
4379,PG_00005,G_00005,SRB-9001006.001.Pw10_vs_DMSO,2.3254429975085356,0.42416305563085804,1.0,0,Pw10
4381,PG_00006,G_00006,SRB-9001006.001.Pw10_vs_DMSO,0.4272340722490089,0.4104171239712054,0.6672143122721589,0,Pw10
4383,PG_00007,G_00007,SRB-9001006.001.Pw10_vs_DMSO,-0.17454980795102776,0.3789809327635928,1.0,0,Pw10
4385,PG_00008,G_00008,SRB-9001006.001.Pw10_vs_DMSO,-0.007957894108042691,0.8459818199376464,1.0,0,Pw10
4387,PG_00009,G_00009,SRB-9001006.001.Pw10_vs_DMSO,0.48699763349146064,0.12063322357317884,0.1668092863572525,0,Pw10
4389,PG_00010,G_00010,SRB-9001006.001.Pw10_vs_DMSO,-1.6173441807034907,0.7898394565240598,0.9289538099429657,0,Pw10
4391,PG_00011,G_00011,SRB-9001006.001.Pw10_vs_DMSO,-1.7057377800861375,0.8953789552723361,1.0,0,Pw10
4393,PG_00012,G_00012,SRB-9001006.001.Pw10_vs_DMSO,-0.28941033310262876,0.21654809881498419,0.38689319474389416,0,Pw10
4395,PG_00013,G_00013,SRB-9001006.001.Pw10_vs_DMSO,-1.507072946857594,0.03994200975922353,0.04889165246616736,1,Pw10
4397,PG_00014,G_00014,SRB-9001006.001.Pw10_vs_DMSO,0.1061746758574503,0.8088177425792208,1.0,0,Pw10
4399,PG_00015,G_00015,SRB-9001006.001.Pw10_vs_DMSO,-0.24448174570911976,0.017147017818308342,0.08114222983052587,0,Pw10
4401,PG_00016,G_00016,SRB-9001006.001.Pw10_vs_DMSO,0.4634529845966231,0.325489566285311,0.8591007372115721,0,Pw10
4403,PG_00017,G_00017,SRB-9001006.001.Pw10_vs_DMSO,-0.7182295855951873,0.5347208403598847,0.7189788897646534,0,Pw10
4405,PG_00018,G_00018,SRB-9001006.001.Pw10_vs_DMSO,-3.173044182783287,0.7604758755685612,1.0,0,Pw10
4407,PG_00019,G_00019,SRB-9001006.001.Pw10_vs_DMSO,0.35657330042178537,0.03872150773402456,0.12252704150530834,0,Pw10
4409,PG_00020,G_00020,SRB-9001006.001.Pw10_vs_DMSO,-1.9787710535225513,0.10901273470138009,0.2096234161690132,0,Pw10
4411,PG_00021,G_00021,SRB-9001006.001.Pw10_vs_DMSO,-0.3438457882819487,0.10913990182733807,0.26592045363486916,0,Pw10
4413,PG_00022,G_00022,SRB-9001006.001.Pw10_vs_DMSO,0.11422592648379372,0.505537812466175,1.0,0,Pw10
4415,PG_00023,G_00023,SRB-9001006.001.Pw10_vs_DMSO,0.03906806696945608,0.8241380884286973,1.0,0,Pw10
4417,PG_00024,G_00024,SRB-9001006.001.Pw10_vs_DMSO,-1.5974782206659452,0.34524100081333436,1.0,0,Pw10
4419,PG_00025,G_00025,SRB-9001006.001.Pw10_vs_DMSO,-1.1442502309293565,0.10393942998596321,0.10422847935665255,0,Pw10
4421,PG_00026,G_00026,SRB-9001006.001.Pw10_vs_DMSO,-0.8528781974667902,0.022387895112831138,0.026780795281538122,0,Pw10
4423,PG_00027,G_00027,SRB-9001006.001.Pw10_vs_DMSO,1.9024757082508206,0.013703740179738208,0.018428235845139886,1,Pw10
4425,PG_00028,G_00028,SRB-9001006.001.Pw10_vs_DMSO,-2.3757264243254075,0.6279102721278521,1.0,0,Pw10
4427,PG_00029,G_00029,SRB-9001006.001.Pw10_vs_DMSO,-0.3012085314260342,0.3354740967470659,1.0,0,Pw10
4429,PG_00030,G_00030,SRB-9001006.001.Pw10_vs_DMSO,0.1372193792264561,0.9517378785538034,1.0,0,Pw10
4431,PG_00031,G_00031,SRB-9001006.001.Pw10_vs_DMSO,-1.461316168088315,0.8047857251156771,1.0,0,Pw10
4433,PG_00032,G_00032,SRB-9001006.001.Pw10_vs_DMSO,-3.515787287197944,0.7929579271512344,1.0,0,Pw10
4435,PG_00033,G_00033,SRB-9001006.001.Pw10_vs_DMSO,-1.0543087878961355,0.7241436975581645,1.0,0,Pw10
4437,PG_00034,G_00034,SRB-9001006.001.Pw10_vs_DMSO,-0.1575536110900967,0.39152363619326813,1.0,0,Pw10
4439,PG_00035,G_00035,SRB-9001006.001.Pw10_vs_DMSO,-1.0570021694723892,0.9812635184830055,1.0,0,Pw10
4441,PG_00036,G_00036,SRB-9001006.001.Pw10_vs_DMSO,-3.80173508280028,0.4226814795943474,1.0,0,Pw10
4443,PG_00037,G_00037,SRB-9001006.001.Pw10_vs_DMSO,0.5900381841912689,0.38404883891825886,0.7220139272488368,0,Pw10
4445,PG_00038,G_00038,SRB-9001006.001.Pw10_vs_DMSO,-0.9653801463285807,0.09205716931795425,0.17375380367752072,0,Pw10
4447,PG_00039,G_00039,SRB-9001006.001.Pw10_vs_DMSO,-0.21066795118789486,0.33125831037829295,1.0,0,Pw10
4449,PG_00040,G_00040,SRB-9001006.001.Pw10_vs_DMSO,0.262899926581435,0.6816283402021627,1.0,0,Pw10
4451,PG_00041,G_00041,SRB-9001006.001.Pw10_vs_DMSO,-1.1278289882984907,0.044899737494081986,0.20933646508032505,1,Pw10
4453,PG_00042,G_00042,SRB-9001006.001.Pw10_vs_DMSO,1.724209189672369,0.6215622304660953,1.0,0,Pw10
4455,PG_00043,G_00043,SRB-9001006.001.Pw10_vs_DMSO,-0.3775987772659781,0.1836220652134677,0.8156063006389528,0,Pw10
4457,PG_00044,G_00044,SRB-9001006.001.Pw10_vs_DMSO,0.9742897269003039,0.6657627020436472,1.0,0,Pw10
4459,PG_00045,G_00045,SRB-9001006.001.Pw10_vs_DMSO,-3.474731703024905,0.6560556370489264,1.0,0,Pw10
4461,PG_00046,G_00046,SRB-9001006.001.Pw10_vs_DMSO,-1.4308164256383096,0.05656331387175794,0.10471483580203894,0,Pw10
4463,PG_00047,G_00047,SRB-9001006.001.Pw10_vs_DMSO,-0.38435861878338795,0.36090755996306995,0.6232347924209319,0,Pw10
4465,PG_00048,G_00048,SRB-9001006.001.Pw10_vs_DMSO,0.9816360310778136,0.13659699534810862,0.5797059112047818,0,Pw10
4467,PG_00049,G_00049,SRB-9001006.001.Pw10_vs_DMSO,3.45811675421655,0.9755553307677364,1.0,0,Pw10
4469,PG_00050,G_00050,SRB-9001006.001.Pw10_vs_DMSO,3.460913971667452,0.2040113636612489,0.6647761214706357,0,Pw10
4471,PG_00051,G_00051,SRB-9001006.001.Pw10_vs_DMSO,-1.4890315588026692,0.8000219648753067,1.0,0,Pw10
4473,PG_00052,G_00052,SRB-9001006.001.Pw10_vs_DMSO,-1.0611206779765783,0.7857837585344856,1.0,0,Pw10
4475,PG_00053,G_00053,SRB-9001006.001.Pw10_vs_DMSO,1.596722188193679,0.29139895248224773,1.0,0,Pw10
4477,PG_00054,G_00054,SRB-9001006.001.Pw10_vs_DMSO,2.33547875614788,0.3934332654418166,1.0,0,Pw10
4479,PG_00055,G_00055,SRB-9001006.001.Pw10_vs_DMSO,-1.2775608261961535,0.3276265178976018,1.0,0,Pw10
4481,PG_00056,G_00056,SRB-9001006.001.Pw10_vs_DMSO,-0.5072337640921079,0.26649727910748294,0.9716272655052641,0,Pw10
4483,PG_00057,G_00057,SRB-9001006.001.Pw10_vs_DMSO,-2.1622424868901478,0.8775068162733195,1.0,0,Pw10
4485,PG_00058,G_00058,SRB-9001006.001.Pw10_vs_DMSO,-0.5031106691838455,0.08773657600126414,0.3392845173279722,0,Pw10
4487,PG_00059,G_00059,SRB-9001006.001.Pw10_vs_DMSO,1.2435366277310602,0.5179000752262567,1.0,0,Pw10
4489,PG_00000,G_00000,SRB-9001006.001.Pw11_vs_DMSO,-0.6429829815598358,0.5614950812395036,1.0,0,Pw11
4491,PG_00001,G_00001,SRB-9001006.001.Pw11_vs_DMSO,-1.8563523269367468,0.4605555915592271,1.0,0,Pw11
4493,PG_00002,G_00002,SRB-9001006.001.Pw11_vs_DMSO,0.5759480648886874,0.4561059262933552,1.0,0,Pw11
4495,PG_00003,G_00003,SRB-9001006.001.Pw11_vs_DMSO,-0.8109419613979956,0.6521374371202994,1.0,0,Pw11
4497,PG_00004,G_00004,SRB-9001006.001.Pw11_vs_DMSO,5.161748569708905,0.19533264638678388,0.9129365545709908,0,Pw11
4499,PG_00005,G_00005,SRB-9001006.001.Pw11_vs_DMSO,2.186216793175671,0.08447674758305958,0.08455088421440692,0,Pw11
4501,PG_00006,G_00006,SRB-9001006.001.Pw11_vs_DMSO,1.2460020082566952,0.8074759067394798,1.0,0,Pw11
4503,PG_00007,G_00007,SRB-9001006.001.Pw11_vs_DMSO,1.0955750403435465,0.0023751896723264066,0.0038880003066029145,1,Pw11
4505,PG_00008,G_00008,SRB-9001006.001.Pw11_vs_DMSO,-1.8538036117402528,0.8752966238181015,1.0,0,Pw11
4507,PG_00009,G_00009,SRB-9001006.001.Pw11_vs_DMSO,0.4930437697697023,0.7045317276285871,1.0,0,Pw11
4509,PG_00010,G_00010,SRB-9001006.001.Pw11_vs_DMSO,2.4209016968686448,0.4804292396808158,0.8829489086039637,0,Pw11
4511,PG_00011,G_00011,SRB-9001006.001.Pw11_vs_DMSO,-0.6048787983733083,0.33544668294767316,0.994454037349875,0,Pw11
4513,PG_00012,G_00012,SRB-9001006.001.Pw11_vs_DMSO,-1.638571985455553,0.38402084696620276,1.0,0,Pw11
4515,PG_00013,G_00013,SRB-9001006.001.Pw11_vs_DMSO,0.09494534832771295,0.7803627508490265,1.0,0,Pw11
4517,PG_00014,G_00014,SRB-9001006.001.Pw11_vs_DMSO,0.10501224113969782,0.27321856710681675,0.38183734655778,0,Pw11
4519,PG_00015,G_00015,SRB-9001006.001.Pw11_vs_DMSO,-0.49254389059696274,0.6297692792472258,1.0,0,Pw11
4521,PG_00016,G_00016,SRB-9001006.001.Pw11_vs_DMSO,1.0415358033088973,0.755613363640255,1.0,0,Pw11
4523,PG_00017,G_00017,SRB-9001006.001.Pw11_vs_DMSO,-0.4079550393138509,0.17542964084938256,0.4696887531506923,0,Pw11
4525,PG_00018,G_00018,SRB-9001006.001.Pw11_vs_DMSO,-3.0654448057715786,0.7941207039177439,1.0,0,Pw11
4527,PG_00019,G_00019,SRB-9001006.001.Pw11_vs_DMSO,-0.22692539490538616,0.3336690015437108,0.4518262210796242,0,Pw11
4529,PG_00020,G_00020,SRB-9001006.001.Pw11_vs_DMSO,1.5334350689515373,0.5882217480608678,1.0,0,Pw11
4531,PG_00021,G_00021,SRB-9001006.001.Pw11_vs_DMSO,-1.3682120643019393,0.8138521768852346,1.0,0,Pw11
4533,PG_00022,G_00022,SRB-9001006.001.Pw11_vs_DMSO,0.34417442712417895,0.32512251834664907,0.8357345074911039,0,Pw11
4535,PG_00023,G_00023,SRB-9001006.001.Pw11_vs_DMSO,0.23050140397658775,0.5285286886132329,1.0,0,Pw11
4537,PG_00024,G_00024,SRB-9001006.001.Pw11_vs_DMSO,-1.198561827240066,0.6334519215466752,1.0,0,Pw11
4539,PG_00025,G_00025,SRB-9001006.001.Pw11_vs_DMSO,0.6407005648348445,0.09057689024667656,0.24161208254161656,0,Pw11
4541,PG_00026,G_00026,SRB-9001006.001.Pw11_vs_DMSO,2.6384771712703428,0.786340833139083,1.0,0,Pw11
4543,PG_00027,G_00027,SRB-9001006.001.Pw11_vs_DMSO,2.7144869834931695,0.42123337441162173,1.0,0,Pw11
4545,PG_00028,G_00028,SRB-9001006.001.Pw11_vs_DMSO,-0.6550033803188825,0.10525363580933132,0.4389377113056036,0,Pw11
4547,PG_00029,G_00029,SRB-9001006.001.Pw11_vs_DMSO,-0.09039398660227531,0.300649537941797,0.9483239965920426,0,Pw11
4549,PG_00030,G_00030,SRB-9001006.001.Pw11_vs_DMSO,0.7260772875434616,0.9516273303338584,1.0,0,Pw11
4551,PG_00031,G_00031,SRB-9001006.001.Pw11_vs_DMSO,1.8012396884654018,0.7573317048376136,1.0,0,Pw11
4553,PG_00032,G_00032,SRB-9001006.001.Pw11_vs_DMSO,2.83313631664123,0.5260618194631811,1.0,0,Pw11
4555,PG_00033,G_00033,SRB-9001006.001.Pw11_vs_DMSO,0.49133244536724124,0.7391221228243298,1.0,0,Pw11
4557,PG_00034,G_00034,SRB-9001006.001.Pw11_vs_DMSO,0.4866352171474381,0.6946840056678363,1.0,0,Pw11
4559,PG_00035,G_00035,SRB-9001006.001.Pw11_vs_DMSO,-0.49276326897291145,0.29837320415945323,0.32824817479335766,0,Pw11
4561,PG_00036,G_00036,SRB-9001006.001.Pw11_vs_DMSO,-0.025184583727601125,0.9719324504160176,1.0,0,Pw11
4563,PG_00037,G_00037,SRB-9001006.001.Pw11_vs_DMSO,0.4423547911856094,0.45495757317672597,1.0,0,Pw11
4565,PG_00038,G_00038,SRB-9001006.001.Pw11_vs_DMSO,0.1736807524957692,0.6914281111655641,1.0,0,Pw11
4567,PG_00039,G_00039,SRB-9001006.001.Pw11_vs_DMSO,-2.122718590661251,0.21557510525071363,0.8135383569200031,0,Pw11
4569,PG_00040,G_00040,SRB-9001006.001.Pw11_vs_DMSO,0.30310868618908654,0.5841077564351365,1.0,0,Pw11
4571,PG_00041,G_00041,SRB-9001006.001.Pw11_vs_DMSO,0.982758116360562,0.26732125626039366,0.7764457494951226,0,Pw11
4573,PG_00042,G_00042,SRB-9001006.001.Pw11_vs_DMSO,-0.18600547408703214,0.08530624564820481,0.41988945292489055,0,Pw11
4575,PG_00043,G_00043,SRB-9001006.001.Pw11_vs_DMSO,1.999982507580226,0.423630636154607,1.0,0,Pw11
4577,PG_00044,G_00044,SRB-9001006.001.Pw11_vs_DMSO,-1.8815170595860458,0.14037196626309442,0.6788701738347128,0,Pw11
4579,PG_00045,G_00045,SRB-9001006.001.Pw11_vs_DMSO,-0.03397727262348754,0.6550476045818481,1.0,0,Pw11
4581,PG_00046,G_00046,SRB-9001006.001.Pw11_vs_DMSO,-0.6727516079975862,0.08482267883548937,0.3824996216017786,0,Pw11
4583,PG_00047,G_00047,SRB-9001006.001.Pw11_vs_DMSO,-1.080409784894025,0.9951352836826762,1.0,0,Pw11
4585,PG_00048,G_00048,SRB-9001006.001.Pw11_vs_DMSO,-1.0793416726718223,0.33625031135037275,0.9176248901092319,0,Pw11
4587,PG_00049,G_00049,SRB-9001006.001.Pw11_vs_DMSO,1.115905085832026,0.8930836219373859,1.0,0,Pw11
4589,PG_00050,G_00050,SRB-9001006.001.Pw11_vs_DMSO,-2.585498745256497,0.33960168633348004,0.5787764340659637,0,Pw11
4591,PG_00051,G_00051,SRB-9001006.001.Pw11_vs_DMSO,-0.7129763041977903,0.1323636310721545,0.14179111468693278,0,Pw11
4593,PG_00052,G_00052,SRB-9001006.001.Pw11_vs_DMSO,-0.1436748190486001,0.6913256114163605,1.0,0,Pw11
4595,PG_00053,G_00053,SRB-9001006.001.Pw11_vs_DMSO,-0.6524852547372904,0.7596288452908985,0.9154360098720975,0,Pw11
4597,PG_00054,G_00054,SRB-9001006.001.Pw11_vs_DMSO,1.7440636186987009,0.4804887238706256,1.0,0,Pw11
4599,PG_00055,G_00055,SRB-9001006.001.Pw11_vs_DMSO,-1.82857100952722,0.6796458700019421,1.0,0,Pw11
4601,PG_00056,G_00056,SRB-9001006.001.Pw11_vs_DMSO,-1.381772412929628,0.9986085280373597,1.0,0,Pw11
4603,PG_00057,G_00057,SRB-9001006.001.Pw11_vs_DMSO,-0.40548070546582715,0.9459378442487536,1.0,0,Pw11
4605,PG_00058,G_00058,SRB-9001006.001.Pw11_vs_DMSO,-0.6028588285802483,0.609772897092641,1.0,0,Pw11
4607,PG_00059,G_00059,SRB-9001006.001.Pw11_vs_DMSO,2.459166917701552,0.8649510344294522,1.0,0,Pw11
4609,PG_00000,G_00000,SRB-9001007.001.Pw10_vs_DMSO,2.393436928492929,0.7960367879152751,1.0,0,Pw10
4611,PG_00001,G_00001,SRB-9001007.001.Pw10_vs_DMSO,1.8386977972297256,0.39691323436458836,1.0,0,Pw10
4613,PG_00002,G_00002,SRB-9001007.001.Pw10_vs_DMSO,-1.852275059964363,0.7927197352552247,1.0,0,Pw10
4615,PG_00003,G_00003,SRB-9001007.001.Pw10_vs_DMSO,0.6859348609436519,0.8211979037067547,1.0,0,Pw10
4617,PG_00004,G_00004,SRB-9001007.001.Pw10_vs_DMSO,-0.2830647261649235,0.3239234878768085,1.0,0,Pw10
4619,PG_00005,G_00005,SRB-9001007.001.Pw10_vs_DMSO,0.17829843640622628,0.925674960008526,1.0,0,Pw10
4621,PG_00006,G_00006,SRB-9001007.001.Pw10_vs_DMSO,-0.5485791731972648,0.7179400656714645,1.0,0,Pw10
4623,PG_00007,G_00007,SRB-9001007.001.Pw10_vs_DMSO,-0.25364370982280526,0.6599623887485068,1.0,0,Pw10
4625,PG_00008,G_00008,SRB-9001007.001.Pw10_vs_DMSO,-2.878095114057362,0.4462668749178338,0.5989088155768165,0,Pw10
4627,PG_00009,G_00009,SRB-9001007.001.Pw10_vs_DMSO,-2.1216783323755473,0.010851107054592005,0.04012332908903418,1,Pw10
4629,PG_00010,G_00010,SRB-9001007.001.Pw10_vs_DMSO,0.9527811603832428,0.3962689831540737,0.4017981033449984,0,Pw10
4631,PG_00011,G_00011,SRB-9001007.001.Pw10_vs_DMSO,-1.4251147748819397,0.09147907088454886,0.12371413634420798,0,Pw10
4633,PG_00012,G_00012,SRB-9001007.001.Pw10_vs_DMSO,2.327928317087201,0.5680324350592012,0.8165264537843641,0,Pw10
4635,PG_00013,G_00013,SRB-9001007.001.Pw10_vs_DMSO,1.0254467515130823,0.33678001534048074,0.36866469376459243,0,Pw10
4637,PG_00014,G_00014,SRB-9001007.001.Pw10_vs_DMSO,3.335851532222378,0.8589080079388413,0.9173010350469423,0,Pw10
4639,PG_00015,G_00015,SRB-9001007.001.Pw10_vs_DMSO,-1.2809487538652293,0.2561910531329269,0.4467634419990083,0,Pw10
4641,PG_00016,G_00016,SRB-9001007.001.Pw10_vs_DMSO,-2.0375246900633184,0.25834399671620945,0.9328143055449406,0,Pw10
4643,PG_00017,G_00017,SRB-9001007.001.Pw10_vs_DMSO,-1.4926763525808364,0.23077133731779073,1.0,0,Pw10
4645,PG_00018,G_00018,SRB-9001007.001.Pw10_vs_DMSO,-0.5692647244234543,0.714171850294706,0.9427049008831717,0,Pw10
4647,PG_00019,G_00019,SRB-9001007.001.Pw10_vs_DMSO,-0.5468150165515275,0.7777712176388663,1.0,0,Pw10
4649,PG_00020,G_00020,SRB-9001007.001.Pw10_vs_DMSO,-3.785022961390637,0.22566122723323695,0.805265992436882,0,Pw10
4651,PG_00021,G_00021,SRB-9001007.001.Pw10_vs_DMSO,-0.9328042496573089,0.890324337415949,1.0,0,Pw10
4653,PG_00022,G_00022,SRB-9001007.001.Pw10_vs_DMSO,-2.1490874948805216,0.57482658452939,1.0,0,Pw10
4655,PG_00023,G_00023,SRB-9001007.001.Pw10_vs_DMSO,-2.0097043490966513,0.9707474392289881,1.0,0,Pw10
4657,PG_00024,G_00024,SRB-9001007.001.Pw10_vs_DMSO,1.8839480278601397,0.6935742858821917,0.8109569868545485,0,Pw10
4659,PG_00025,G_00025,SRB-9001007.001.Pw10_vs_DMSO,0.8190477719106664,0.6006656129542495,1.0,0,Pw10
4661,PG_00026,G_00026,SRB-9001007.001.Pw10_vs_DMSO,0.09405946906498472,0.21663434931871073,0.3703328199831941,0,Pw10
4663,PG_00027,G_00027,SRB-9001007.001.Pw10_vs_DMSO,0.8530264615760914,0.6726201049764726,1.0,0,Pw10
4665,PG_00028,G_00028,SRB-9001007.001.Pw10_vs_DMSO,-0.4639847705708673,0.10455152757068042,0.39054103897378367,0,Pw10
4667,PG_00029,G_00029,SRB-9001007.001.Pw10_vs_DMSO,-2.4175353662832713,0.6495011769965786,1.0,0,Pw10
4669,PG_00030,G_00030,SRB-9001007.001.Pw10_vs_DMSO,1.6728724971803093,0.42054905034277124,1.0,0,Pw10
4671,PG_00031,G_00031,SRB-9001007.001.Pw10_vs_DMSO,-0.8380554461337263,0.03787585427083689,0.10213947783623036,0,Pw10
4673,PG_00032,G_00032,SRB-9001007.001.Pw10_vs_DMSO,2.879166252148016,0.7455502850759541,1.0,0,Pw10
4675,PG_00033,G_00033,SRB-9001007.001.Pw10_vs_DMSO,2.5570135844190514,0.22295643521338876,1.0,0,Pw10
4677,PG_00034,G_00034,SRB-9001007.001.Pw10_vs_DMSO,-0.4721646297083955,0.44571323068607166,1.0,0,Pw10
4679,PG_00035,G_00035,SRB-9001007.001.Pw10_vs_DMSO,1.4851014939683713,0.24734254219809707,0.995741272425262,0,Pw10
4681,PG_00036,G_00036,SRB-9001007.001.Pw10_vs_DMSO,3.3657261087932273,0.7615418240211571,1.0,0,Pw10
4683,PG_00037,G_00037,SRB-9001007.001.Pw10_vs_DMSO,0.15804862733400593,0.8196855661960624,1.0,0,Pw10
4685,PG_00038,G_00038,SRB-9001007.001.Pw10_vs_DMSO,-0.3096085467988684,0.8770133903952849,1.0,0,Pw10
4687,PG_00039,G_00039,SRB-9001007.001.Pw10_vs_DMSO,-0.44352778055351905,0.057420058267728856,0.21783470267838362,0,Pw10
4689,PG_00040,G_00040,SRB-9001007.001.Pw10_vs_DMSO,0.4655967612904473,0.01971839062717706,0.0716320919839966,0,Pw10
4691,PG_00041,G_00041,SRB-9001007.001.Pw10_vs_DMSO,0.9007055559860815,0.4127774376800392,0.9100908422710572,0,Pw10
4693,PG_00042,G_00042,SRB-9001007.001.Pw10_vs_DMSO,1.1374196179188059,0.42578333853505457,0.8624690292522953,0,Pw10
4695,PG_00043,G_00043,SRB-9001007.001.Pw10_vs_DMSO,0.9600855080377664,0.3033054235039674,0.42564920995433114,0,Pw10
4697,PG_00044,G_00044,SRB-9001007.001.Pw10_vs_DMSO,0.9324229215698945,0.4500088948770791,1.0,0,Pw10
4699,PG_00045,G_00045,SRB-9001007.001.Pw10_vs_DMSO,-1.5970248548748294,0.6692282477561792,1.0,0,Pw10
4701,PG_00046,G_00046,SRB-9001007.001.Pw10_vs_DMSO,-2.3018858587263544,0.48759747578445944,1.0,0,Pw10
4703,PG_00047,G_00047,SRB-9001007.001.Pw10_vs_DMSO,0.21027809350126772,0.42245162011312537,0.8819900011373915,0,Pw10
4705,PG_00048,G_00048,SRB-9001007.001.Pw10_vs_DMSO,-0.7073351051100927,0.9716601545019529,1.0,0,Pw10
4707,PG_00049,G_00049,SRB-9001007.001.Pw10_vs_DMSO,-0.6661049460114314,0.07197851872220988,0.22817790239157268,0,Pw10
4709,PG_00050,G_00050,SRB-9001007.001.Pw10_vs_DMSO,-0.6806920216144545,0.7815566736694046,1.0,0,Pw10
4711,PG_00051,G_00051,SRB-9001007.001.Pw10_vs_DMSO,0.5419180893852883,0.335026775767191,0.4020072660899781,0,Pw10
4713,PG_00052,G_00052,SRB-9001007.001.Pw10_vs_DMSO,-0.6676229820199745,0.7783590546748975,1.0,0,Pw10
4715,PG_00053,G_00053,SRB-9001007.001.Pw10_vs_DMSO,1.055866581088547,0.4715219329530223,0.8770424362311494,0,Pw10
4717,PG_00054,G_00054,SRB-9001007.001.Pw10_vs_DMSO,1.919694558630189,0.22946542694546163,0.8575569528022708,0,Pw10
4719,PG_00055,G_00055,SRB-9001007.001.Pw10_vs_DMSO,0.9157750316944815,0.4405459084921993,0.9293981891530395,0,Pw10
4721,PG_00056,G_00056,SRB-9001007.001.Pw10_vs_DMSO,0.21816037849256992,0.632144907416758,1.0,0,Pw10
4723,PG_00057,G_00057,SRB-9001007.001.Pw10_vs_DMSO,-0.4619112111282382,0.6320693422995101,1.0,0,Pw10
4725,PG_00058,G_00058,SRB-9001007.001.Pw10_vs_DMSO,1.3787904401803115,0.5645961691278394,1.0,0,Pw10
4727,PG_00059,G_00059,SRB-9001007.001.Pw10_vs_DMSO,-0.813468816040595,0.31833169620591156,1.0,0,Pw10
4729,PG_00000,G_00000,SRB-9001007.001.Pw11_vs_DMSO,-1.2508223922553716,0.8525910940057745,1.0,0,Pw11
4731,PG_00001,G_00001,SRB-9001007.001.Pw11_vs_DMSO,-1.8319432395952506,0.5838068003014273,0.7396596694776469,0,Pw11
4733,PG_00002,G_00002,SRB-9001007.001.Pw11_vs_DMSO,-0.14965890991146727,0.49062805202045634,1.0,0,Pw11
4735,PG_00003,G_00003,SRB-9001007.001.Pw11_vs_DMSO,0.4311387890186287,0.5764538019052141,0.6337878811123214,0,Pw11
4737,PG_00004,G_00004,SRB-9001007.001.Pw11_vs_DMSO,1.6266649078668154,0.38280402055664453,0.6877811094062931,0,Pw11
4739,PG_00005,G_00005,SRB-9001007.001.Pw11_vs_DMSO,0.8556021947045367,0.4848508501994616,1.0,0,Pw11
4741,PG_00006,G_00006,SRB-9001007.001.Pw11_vs_DMSO,0.9453674815612125,0.811195450887508,1.0,0,Pw11
4743,PG_00007,G_00007,SRB-9001007.001.Pw11_vs_DMSO,-0.5174509488243698,0.9698458007037357,1.0,0,Pw11
4745,PG_00008,G_00008,SRB-9001007.001.Pw11_vs_DMSO,1.5110373284962781,0.2700966176703116,0.824861083196028,0,Pw11
4747,PG_00009,G_00009,SRB-9001007.001.Pw11_vs_DMSO,1.5405434072646806,0.7222184913006381,1.0,0,Pw11
4749,PG_00010,G_00010,SRB-9001007.001.Pw11_vs_DMSO,-0.9400877835076863,0.8062578092737316,1.0,0,Pw11
4751,PG_00011,G_00011,SRB-9001007.001.Pw11_vs_DMSO,1.4940592122813583,0.3719726334324051,1.0,0,Pw11
4753,PG_00012,G_00012,SRB-9001007.001.Pw11_vs_DMSO,0.5959190647851778,0.8981400111620258,1.0,0,Pw11
4755,PG_00013,G_00013,SRB-9001007.001.Pw11_vs_DMSO,2.2739393737541516,0.5046124788634917,1.0,0,Pw11
4757,PG_00014,G_00014,SRB-9001007.001.Pw11_vs_DMSO,-0.059692467537472135,0.5088465729289672,0.5440832022526256,0,Pw11
4759,PG_00015,G_00015,SRB-9001007.001.Pw11_vs_DMSO,-1.8936136722766652,0.16374787021232867,0.26724665637618594,0,Pw11
4761,PG_00016,G_00016,SRB-9001007.001.Pw11_vs_DMSO,-1.2631145250981826,0.21103376601090088,0.5134712628980882,0,Pw11
4763,PG_00017,G_00017,SRB-9001007.001.Pw11_vs_DMSO,0.5872012121998861,0.49301981636840725,1.0,0,Pw11
4765,PG_00018,G_00018,SRB-9001007.001.Pw11_vs_DMSO,-0.9442505165659599,0.6834505178256403,1.0,0,Pw11
4767,PG_00019,G_00019,SRB-9001007.001.Pw11_vs_DMSO,0.13044663233114545,0.6416082765007501,1.0,0,Pw11
4769,PG_00020,G_00020,SRB-9001007.001.Pw11_vs_DMSO,-1.726827914852512,0.8970980736604856,1.0,0,Pw11
4771,PG_00021,G_00021,SRB-9001007.001.Pw11_vs_DMSO,-2.578608716817845,0.19567288027544516,0.6587013178584161,0,Pw11
4773,PG_00022,G_00022,SRB-9001007.001.Pw11_vs_DMSO,1.0074922958352794,0.1700757327468437,0.440967623860808,0,Pw11
4775,PG_00023,G_00023,SRB-9001007.001.Pw11_vs_DMSO,-0.46679058881417773,0.7385494519381934,1.0,0,Pw11
4777,PG_00024,G_00024,SRB-9001007.001.Pw11_vs_DMSO,-1.0109229793935033,0.8268233423546127,1.0,0,Pw11
4779,PG_00025,G_00025,SRB-9001007.001.Pw11_vs_DMSO,2.517416571108493,0.9502387831126846,1.0,0,Pw11
4781,PG_00026,G_00026,SRB-9001007.001.Pw11_vs_DMSO,1.6897522454984717,0.693093102436918,1.0,0,Pw11
4783,PG_00027,G_00027,SRB-9001007.001.Pw11_vs_DMSO,0.32587842601760997,0.9798121994231271,1.0,0,Pw11
4785,PG_00028,G_00028,SRB-9001007.001.Pw11_vs_DMSO,-0.027061662436806418,0.8511956342691194,1.0,0,Pw11
4787,PG_00029,G_00029,SRB-9001007.001.Pw11_vs_DMSO,0.681777207035613,0.3740313518088179,1.0,0,Pw11
4789,PG_00030,G_00030,SRB-9001007.001.Pw11_vs_DMSO,-2.2154998067410707,0.30082145192761106,0.5342989746085256,0,Pw11
4791,PG_00031,G_00031,SRB-9001007.001.Pw11_vs_DMSO,1.5938857144759293,0.8241441870129558,1.0,0,Pw11
4793,PG_00032,G_00032,SRB-9001007.001.Pw11_vs_DMSO,-0.007138843934842265,0.4885829145274224,1.0,0,Pw11
4795,PG_00033,G_00033,SRB-9001007.001.Pw11_vs_DMSO,0.5452793078173779,0.27621878799754657,0.4287792771536811,0,Pw11
4797,PG_00034,G_00034,SRB-9001007.001.Pw11_vs_DMSO,0.5357754867827933,0.2526934639232506,0.5268369745439695,0,Pw11
4799,PG_00035,G_00035,SRB-9001007.001.Pw11_vs_DMSO,-0.43928344499883315,0.6458172024645064,1.0,0,Pw11
4801,PG_00036,G_00036,SRB-9001007.001.Pw11_vs_DMSO,-1.9316556197916268,0.587187843859201,1.0,0,Pw11
4803,PG_00037,G_00037,SRB-9001007.001.Pw11_vs_DMSO,-1.01645357795086,0.22820479107877759,0.6388233208457319,0,Pw11
4805,PG_00038,G_00038,SRB-9001007.001.Pw11_vs_DMSO,-1.179011852518074,0.18828724392113003,0.4219406672767781,0,Pw11
4807,PG_00039,G_00039,SRB-9001007.001.Pw11_vs_DMSO,1.5828405080746502,0.0716231911346441,0.2023638352494123,0,Pw11
4809,PG_00040,G_00040,SRB-9001007.001.Pw11_vs_DMSO,-1.569474348142505,0.30175080932290477,0.47949379323779695,0,Pw11
4811,PG_00041,G_00041,SRB-9001007.001.Pw11_vs_DMSO,1.6561604185319694,0.5427612694578812,1.0,0,Pw11
4813,PG_00042,G_00042,SRB-9001007.001.Pw11_vs_DMSO,0.3495509050676685,0.4049082043224255,1.0,0,Pw11
4815,PG_00043,G_00043,SRB-9001007.001.Pw11_vs_DMSO,-0.9037250469138975,0.5016720869477594,1.0,0,Pw11
4817,PG_00044,G_00044,SRB-9001007.001.Pw11_vs_DMSO,-1.1753390105432435,0.5756857516215351,1.0,0,Pw11
4819,PG_00045,G_00045,SRB-9001007.001.Pw11_vs_DMSO,-2.2566302211692317,0.17942466986164465,0.3033934746628792,0,Pw11
4821,PG_00046,G_00046,SRB-9001007.001.Pw11_vs_DMSO,1.8446574409827328,0.21543836158570168,0.7647402483725844,0,Pw11
4823,PG_00047,G_00047,SRB-9001007.001.Pw11_vs_DMSO,-1.651454842019271,0.569880781472601,1.0,0,Pw11
4825,PG_00048,G_00048,SRB-9001007.001.Pw11_vs_DMSO,1.805507022004143,0.3721056016948335,1.0,0,Pw11
4827,PG_00049,G_00049,SRB-9001007.001.Pw11_vs_DMSO,-0.6322023479342069,0.08204483629829647,0.2910410368545982,0,Pw11
4829,PG_00050,G_00050,SRB-9001007.001.Pw11_vs_DMSO,1.06993811894535,0.32951477832928044,1.0,0,Pw11
4831,PG_00051,G_00051,SRB-9001007.001.Pw11_vs_DMSO,0.3496184623151737,0.5153145584980663,0.9524051586751188,0,Pw11
4833,PG_00052,G_00052,SRB-9001007.001.Pw11_vs_DMSO,1.1983961800266598,0.13096356697760775,0.4889121720215452,0,Pw11
4835,PG_00053,G_00053,SRB-9001007.001.Pw11_vs_DMSO,0.7026540128062719,0.7057418270146639,0.9992528605078906,0,Pw11
4837,PG_00054,G_00054,SRB-9001007.001.Pw11_vs_DMSO,0.15867201016121563,0.18494181508774143,0.18797016042090264,0,Pw11
4839,PG_00055,G_00055,SRB-9001007.001.Pw11_vs_DMSO,-1.2942600859341074,0.9394428310556076,0.9970242307750159,0,Pw11
4841,PG_00056,G_00056,SRB-9001007.001.Pw11_vs_DMSO,1.8876624207729364,0.4266050339384542,0.7796312961268372,0,Pw11
4843,PG_00057,G_00057,SRB-9001007.001.Pw11_vs_DMSO,0.8234049266653258,0.0461253233070181,0.07937950209609246,0,Pw11
4845,PG_00058,G_00058,SRB-9001007.001.Pw11_vs_DMSO,0.5474144348622207,0.13198801709686644,0.37817832163279425,0,Pw11
4847,PG_00059,G_00059,SRB-9001007.001.Pw11_vs_DMSO,0.6154639232410214,0.7885545212811603,1.0,0,Pw11
4849,PG_00000,G_00000,SRB-9001008.001.Pw10_vs_DMSO,0.037559250078993064,0.41412875041044556,1.0,0,Pw10
4851,PG_00001,G_00001,SRB-9001008.001.Pw10_vs_DMSO,-0.15857404757796859,0.7046940708391586,1.0,0,Pw10
4853,PG_00002,G_00002,SRB-9001008.001.Pw10_vs_DMSO,2.299501890504836,0.1681985400010407,0.25471809913992355,0,Pw10
4855,PG_00003,G_00003,SRB-9001008.001.Pw10_vs_DMSO,-1.721398509676391,0.5879033335207625,1.0,0,Pw10
4857,PG_00004,G_00004,SRB-9001008.001.Pw10_vs_DMSO,-0.536692724433629,0.1389347468238063,0.3220237027090927,0,Pw10
4859,PG_00005,G_00005,SRB-9001008.001.Pw10_vs_DMSO,0.16097834685532442,0.029641457744237862,0.09520134835126817,0,Pw10
4861,PG_00006,G_00006,SRB-9001008.001.Pw10_vs_DMSO,-1.4152730146125483,0.35898621657272145,1.0,0,Pw10
4863,PG_00007,G_00007,SRB-9001008.001.Pw10_vs_DMSO,-0.04009884262552642,0.2220197744815647,0.3573174890576195,0,Pw10
4865,PG_00008,G_00008,SRB-9001008.001.Pw10_vs_DMSO,1.1331171036251164,0.9868624922508972,1.0,0,Pw10
4867,PG_00009,G_00009,SRB-9001008.001.Pw10_vs_DMSO,-0.335022003907253,0.5630708776322882,1.0,0,Pw10
4869,PG_00010,G_00010,SRB-9001008.001.Pw10_vs_DMSO,0.9585227395835489,0.11087202574544304,0.5296897591256431,0,Pw10
4871,PG_00011,G_00011,SRB-9001008.001.Pw10_vs_DMSO,0.21340559054144104,0.2031573436729604,0.46036021197623883,0,Pw10
4873,PG_00012,G_00012,SRB-9001008.001.Pw10_vs_DMSO,0.4881538693380435,0.005315061791456074,0.02102636425386808,0,Pw10
4875,PG_00013,G_00013,SRB-9001008.001.Pw10_vs_DMSO,1.6092664692202578,0.6226167166900514,1.0,0,Pw10
4877,PG_00014,G_00014,SRB-9001008.001.Pw10_vs_DMSO,0.12667427099002532,0.29080168055260736,0.6333660215723359,0,Pw10
4879,PG_00015,G_00015,SRB-9001008.001.Pw10_vs_DMSO,1.9462439686762076,0.10249382328399737,0.4517851160156562,0,Pw10
4881,PG_00016,G_00016,SRB-9001008.001.Pw10_vs_DMSO,-0.6204112519628086,0.022321280590450465,0.04370475386810838,0,Pw10
4883,PG_00017,G_00017,SRB-9001008.001.Pw10_vs_DMSO,-1.1961155362436873,0.4256714646949039,1.0,0,Pw10
4885,PG_00018,G_00018,SRB-9001008.001.Pw10_vs_DMSO,-2.411582883190975,0.03523355653835318,0.13148529714835783,1,Pw10
4887,PG_00019,G_00019,SRB-9001008.001.Pw10_vs_DMSO,2.1072789942557746,0.27360603695110053,0.7701002324035454,0,Pw10
4889,PG_00020,G_00020,SRB-9001008.001.Pw10_vs_DMSO,1.2660698640681565,0.5867837170414909,1.0,0,Pw10
4891,PG_00021,G_00021,SRB-9001008.001.Pw10_vs_DMSO,-3.474553784900424,0.6621627995314245,1.0,0,Pw10
4893,PG_00022,G_00022,SRB-9001008.001.Pw10_vs_DMSO,0.4676665489121983,0.3234523631257774,1.0,0,Pw10
4895,PG_00023,G_00023,SRB-9001008.001.Pw10_vs_DMSO,1.749392660663427,0.5845671307285634,1.0,0,Pw10
4897,PG_00024,G_00024,SRB-9001008.001.Pw10_vs_DMSO,1.257602208199312,0.9172634253666906,1.0,0,Pw10
4899,PG_00025,G_00025,SRB-9001008.001.Pw10_vs_DMSO,-1.2693750534209918,0.10780476314405359,0.37048205142515245,0,Pw10
4901,PG_00026,G_00026,SRB-9001008.001.Pw10_vs_DMSO,0.7414485022464957,0.7566681071142645,0.8146819044682044,0,Pw10
4903,PG_00027,G_00027,SRB-9001008.001.Pw10_vs_DMSO,2.1377162729470762,0.2866022826259082,1.0,0,Pw10
4905,PG_00028,G_00028,SRB-9001008.001.Pw10_vs_DMSO,-0.6116332705376901,0.5241449041477209,1.0,0,Pw10
4907,PG_00029,G_00029,SRB-9001008.001.Pw10_vs_DMSO,0.6362178635608646,0.6305726654050028,1.0,0,Pw10
4909,PG_00030,G_00030,SRB-9001008.001.Pw10_vs_DMSO,-1.199724444761344,0.7618787885022906,1.0,0,Pw10
4911,PG_00031,G_00031,SRB-9001008.001.Pw10_vs_DMSO,1.3609435532062364,0.212431855418429,0.8743054356210129,0,Pw10
4913,PG_00032,G_00032,SRB-9001008.001.Pw10_vs_DMSO,0.3393575424707849,0.3312151163579754,0.8667390778309744,0,Pw10
4915,PG_00033,G_00033,SRB-9001008.001.Pw10_vs_DMSO,-2.2883230267326367,0.782588100718051,1.0,0,Pw10
4917,PG_00034,G_00034,SRB-9001008.001.Pw10_vs_DMSO,-1.2225336001792246,0.009828938079406288,0.04119723984642497,1,Pw10
4919,PG_00035,G_00035,SRB-9001008.001.Pw10_vs_DMSO,-1.144596328279183,0.0474709166114375,0.08281497769671071,1,Pw10
4921,PG_00036,G_00036,SRB-9001008.001.Pw10_vs_DMSO,-1.5022506780511793,0.9271592886135741,1.0,0,Pw10
4923,PG_00037,G_00037,SRB-9001008.001.Pw10_vs_DMSO,0.3101509831587093,0.5590723774658093,0.8421312014302141,0,Pw10
4925,PG_00038,G_00038,SRB-9001008.001.Pw10_vs_DMSO,0.783114058439869,0.0821285042350447,0.28100197487964595,0,Pw10
4927,PG_00039,G_00039,SRB-9001008.001.Pw10_vs_DMSO,-0.044123549581285795,0.36096449778080286,0.941731463551378,0,Pw10
4929,PG_00040,G_00040,SRB-9001008.001.Pw10_vs_DMSO,-0.6923451017187803,0.5792079172486816,1.0,0,Pw10
4931,PG_00041,G_00041,SRB-9001008.001.Pw10_vs_DMSO,0.9008736906484955,0.7687573699735032,1.0,0,Pw10
4933,PG_00042,G_00042,SRB-9001008.001.Pw10_vs_DMSO,2.0923009519838356,0.9366479660442887,1.0,0,Pw10
4935,PG_00043,G_00043,SRB-9001008.001.Pw10_vs_DMSO,0.0797866698307965,0.6275632417591802,1.0,0,Pw10
4937,PG_00044,G_00044,SRB-9001008.001.Pw10_vs_DMSO,1.0080576280013727,0.034044098040676186,0.14428807537074348,1,Pw10
4939,PG_00045,G_00045,SRB-9001008.001.Pw10_vs_DMSO,2.7367976198863637,0.572729148374162,1.0,0,Pw10
4941,PG_00046,G_00046,SRB-9001008.001.Pw10_vs_DMSO,-1.533046939201231,0.9506966752947259,1.0,0,Pw10
4943,PG_00047,G_00047,SRB-9001008.001.Pw10_vs_DMSO,-2.6442058240580653,0.6910277291990208,1.0,0,Pw10
4945,PG_00048,G_00048,SRB-9001008.001.Pw10_vs_DMSO,0.20067830533925277,0.17154838045973209,0.2948467959725841,0,Pw10
4947,PG_00049,G_00049,SRB-9001008.001.Pw10_vs_DMSO,-1.7281748546127256,0.13586328242375756,0.32057154675112537,0,Pw10
4949,PG_00050,G_00050,SRB-9001008.001.Pw10_vs_DMSO,-0.9841065113569958,0.4455065851320611,1.0,0,Pw10
4951,PG_00051,G_00051,SRB-9001008.001.Pw10_vs_DMSO,0.8053769550225776,0.7637541169143192,1.0,0,Pw10
4953,PG_00052,G_00052,SRB-9001008.001.Pw10_vs_DMSO,0.6401278876526808,0.16434195807595078,0.263927682272993,0,Pw10
4955,PG_00053,G_00053,SRB-9001008.001.Pw10_vs_DMSO,-0.6120742790396851,0.10156672712876705,0.22678992004475587,0,Pw10
4957,PG_00054,G_00054,SRB-9001008.001.Pw10_vs_DMSO,-0.24008155604150733,0.2270679019982632,0.37245092793601314,0,Pw10
4959,PG_00055,G_00055,SRB-9001008.001.Pw10_vs_DMSO,-0.33949448176448654,0.15128711602528294,0.3402423736351987,0,Pw10
4961,PG_00056,G_00056,SRB-9001008.001.Pw10_vs_DMSO,0.3653583376794489,0.09028567457406256,0.365168711809814,0,Pw10
4963,PG_00057,G_00057,SRB-9001008.001.Pw10_vs_DMSO,-1.0075636099274305,0.3478790445311292,1.0,0,Pw10
4965,PG_00058,G_00058,SRB-9001008.001.Pw10_vs_DMSO,0.7833657362989208,0.4913302808163347,0.5213631935027656,0,Pw10
4967,PG_00059,G_00059,SRB-9001008.001.Pw10_vs_DMSO,-0.17266561185540447,0.4629752485073855,1.0,0,Pw10
4969,PG_00000,G_00000,SRB-9001008.001.Pw11_vs_DMSO,4.642336840364599,0.9856223477507923,1.0,0,Pw11
4971,PG_00001,G_00001,SRB-9001008.001.Pw11_vs_DMSO,1.3973643591663325,0.08307920415989432,0.362674982169374,0,Pw11
4973,PG_00002,G_00002,SRB-9001008.001.Pw11_vs_DMSO,2.5870026068742717,0.02665114177864564,0.08277283537184167,1,Pw11
4975,PG_00003,G_00003,SRB-9001008.001.Pw11_vs_DMSO,0.5952091343405136,0.9482832266388131,1.0,0,Pw11
4977,PG_00004,G_00004,SRB-9001008.001.Pw11_vs_DMSO,1.0812357502407797,0.8521891397772147,1.0,0,Pw11
4979,PG_00005,G_00005,SRB-9001008.001.Pw11_vs_DMSO,-1.137781576132653,0.1441787799324089,0.645764464827009,0,Pw11
4981,PG_00006,G_00006,SRB-9001008.001.Pw11_vs_DMSO,1.1374580355996928,0.203026983447991,0.9511658727901149,0,Pw11
4983,PG_00007,G_00007,SRB-9001008.001.Pw11_vs_DMSO,-0.018810524489675073,0.7827289798411893,1.0,0,Pw11
4985,PG_00008,G_00008,SRB-9001008.001.Pw11_vs_DMSO,1.4207717054255047,0.8606421925376593,1.0,0,Pw11
4987,PG_00009,G_00009,SRB-9001008.001.Pw11_vs_DMSO,-1.862766561067224,0.5347853836120697,1.0,0,Pw11
4989,PG_00010,G_00010,SRB-9001008.001.Pw11_vs_DMSO,-0.26068606243989206,0.3036741538843385,1.0,0,Pw11
4991,PG_00011,G_00011,SRB-9001008.001.Pw11_vs_DMSO,1.0637392268820252,0.4078387636355115,1.0,0,Pw11
4993,PG_00012,G_00012,SRB-9001008.001.Pw11_vs_DMSO,-1.515701483739622,0.10827311661771159,0.38985326158479583,0,Pw11
4995,PG_00013,G_00013,SRB-9001008.001.Pw11_vs_DMSO,-0.6854265959636816,0.17452373036295077,0.7074567119334829,0,Pw11
4997,PG_00014,G_00014,SRB-9001008.001.Pw11_vs_DMSO,-1.5033419018898617,0.8392659317225999,1.0,0,Pw11
4999,PG_00015,G_00015,SRB-9001008.001.Pw11_vs_DMSO,-0.836451385871253,0.4863492418024233,1.0,0,Pw11
5001,PG_00016,G_00016,SRB-9001008.001.Pw11_vs_DMSO,-0.7745575139281876,0.20421657565791101,0.39391420788799264,0,Pw11
5003,PG_00017,G_00017,SRB-9001008.001.Pw11_vs_DMSO,1.0294310353816423,0.7623853393250178,1.0,0,Pw11
5005,PG_00018,G_00018,SRB-9001008.001.Pw11_vs_DMSO,2.0126506605842014,0.3570984224379509,1.0,0,Pw11
5007,PG_00019,G_00019,SRB-9001008.001.Pw11_vs_DMSO,1.2133650928168815,0.46399034400918365,0.9986751685452694,0,Pw11
5009,PG_00020,G_00020,SRB-9001008.001.Pw11_vs_DMSO,-0.8201077338373366,0.24272009032625597,0.8121550609919224,0,Pw11
5011,PG_00021,G_00021,SRB-9001008.001.Pw11_vs_DMSO,1.6734154516726187,0.23270589990905174,0.43681505605412857,0,Pw11
5013,PG_00022,G_00022,SRB-9001008.001.Pw11_vs_DMSO,-1.1306746850030547,0.008131009411852828,0.02683773833054089,1,Pw11
5015,PG_00023,G_00023,SRB-9001008.001.Pw11_vs_DMSO,-0.45352493182912224,0.30858722457186694,1.0,0,Pw11
5017,PG_00024,G_00024,SRB-9001008.001.Pw11_vs_DMSO,-0.8604417030225249,0.39803274668388766,1.0,0,Pw11
5019,PG_00025,G_00025,SRB-9001008.001.Pw11_vs_DMSO,-0.4868903513691307,0.08437978698030973,0.4045017339540897,0,Pw11
5021,PG_00026,G_00026,SRB-9001008.001.Pw11_vs_DMSO,-1.5217577464406615,0.9465657499714963,1.0,0,Pw11
5023,PG_00027,G_00027,SRB-9001008.001.Pw11_vs_DMSO,0.18579453986568362,0.827494776942742,1.0,0,Pw11
5025,PG_00028,G_00028,SRB-9001008.001.Pw11_vs_DMSO,0.6169588752238291,0.4510462006379485,1.0,0,Pw11
5027,PG_00029,G_00029,SRB-9001008.001.Pw11_vs_DMSO,-2.530778968177974,0.6821595660193646,1.0,0,Pw11
5029,PG_00030,G_00030,SRB-9001008.001.Pw11_vs_DMSO,0.6572722633471492,0.2019930678456954,0.5402835653696735,0,Pw11
5031,PG_00031,G_00031,SRB-9001008.001.Pw11_vs_DMSO,0.7883625372217186,0.9038802637284425,1.0,0,Pw11
5033,PG_00032,G_00032,SRB-9001008.001.Pw11_vs_DMSO,-0.006672781975915269,0.13886901078999686,0.6498602852597088,0,Pw11
5035,PG_00033,G_00033,SRB-9001008.001.Pw11_vs_DMSO,0.9675811499847217,0.400332207544252,1.0,0,Pw11
5037,PG_00034,G_00034,SRB-9001008.001.Pw11_vs_DMSO,0.7929656407358998,0.10598305793285721,0.19775594825619333,0,Pw11
5039,PG_00035,G_00035,SRB-9001008.001.Pw11_vs_DMSO,-2.790103030424695,0.713439306940339,1.0,0,Pw11
5041,PG_00036,G_00036,SRB-9001008.001.Pw11_vs_DMSO,-1.0776451502915614,0.38871231401578504,1.0,0,Pw11
5043,PG_00037,G_00037,SRB-9001008.001.Pw11_vs_DMSO,-1.2059611292470065,0.8043969227814106,1.0,0,Pw11
5045,PG_00038,G_00038,SRB-9001008.001.Pw11_vs_DMSO,1.634369568732997,0.9190455939441531,1.0,0,Pw11
5047,PG_00039,G_00039,SRB-9001008.001.Pw11_vs_DMSO,-0.6732569605164616,0.7034188861426132,1.0,0,Pw11
5049,PG_00040,G_00040,SRB-9001008.001.Pw11_vs_DMSO,-0.30617867663472886,0.009083063912741454,0.02371724000279243,0,Pw11
5051,PG_00041,G_00041,SRB-9001008.001.Pw11_vs_DMSO,2.9344227609891638,0.05906634738431213,0.10758112635077155,0,Pw11
5053,PG_00042,G_00042,SRB-9001008.001.Pw11_vs_DMSO,-0.58959345676874,0.675857160001336,1.0,0,Pw11
5055,PG_00043,G_00043,SRB-9001008.001.Pw11_vs_DMSO,4.08905683773643,0.42789599197976774,1.0,0,Pw11
5057,PG_00044,G_00044,SRB-9001008.001.Pw11_vs_DMSO,-0.7249332915543207,0.9123506904822575,1.0,0,Pw11
5059,PG_00045,G_00045,SRB-9001008.001.Pw11_vs_DMSO,0.1713757461116177,0.05361782823482847,0.10769709918386401,0,Pw11
5061,PG_00046,G_00046,SRB-9001008.001.Pw11_vs_DMSO,0.290681079742092,0.7371647603480915,1.0,0,Pw11
5063,PG_00047,G_00047,SRB-9001008.001.Pw11_vs_DMSO,-0.17296949542563467,0.7364809678629173,1.0,0,Pw11
5065,PG_00048,G_00048,SRB-9001008.001.Pw11_vs_DMSO,2.6625904612057996,0.5023898990594141,1.0,0,Pw11
5067,PG_00049,G_00049,SRB-9001008.001.Pw11_vs_DMSO,0.5937797162207331,0.37938573007726073,0.876950477364246,0,Pw11
5069,PG_00050,G_00050,SRB-9001008.001.Pw11_vs_DMSO,4.059228789849712,0.40651625280158743,0.5265793158402577,0,Pw11
5071,PG_00051,G_00051,SRB-9001008.001.Pw11_vs_DMSO,-0.8058210304466245,0.5238930319683407,1.0,0,Pw11
5073,PG_00052,G_00052,SRB-9001008.001.Pw11_vs_DMSO,-0.49637842793164655,0.6191937670941781,1.0,0,Pw11
5075,PG_00053,G_00053,SRB-9001008.001.Pw11_vs_DMSO,-0.049348312578650806,0.6679909907766177,1.0,0,Pw11
5077,PG_00054,G_00054,SRB-9001008.001.Pw11_vs_DMSO,0.5165095958853723,0.6063055713608319,1.0,0,Pw11
5079,PG_00055,G_00055,SRB-9001008.001.Pw11_vs_DMSO,1.2739463946388863,0.46786223402280236,1.0,0,Pw11
5081,PG_00056,G_00056,SRB-9001008.001.Pw11_vs_DMSO,0.6486124822127812,0.6987412261943275,1.0,0,Pw11
5083,PG_00057,G_00057,SRB-9001008.001.Pw11_vs_DMSO,-1.4621351621854646,0.14982188277461633,0.4293598753363281,0,Pw11
5085,PG_00058,G_00058,SRB-9001008.001.Pw11_vs_DMSO,1.739617807803794,0.9706994165834847,1.0,0,Pw11
5087,PG_00059,G_00059,SRB-9001008.001.Pw11_vs_DMSO,1.0292641007372052,0.3431389837966774,1.0,0,Pw11
5089,PG_00000,G_00000,SRB-9001009.001.Pw10_vs_DMSO,-2.36667092955114,0.36097109071089517,1.0,0,Pw10
5091,PG_00001,G_00001,SRB-9001009.001.Pw10_vs_DMSO,-1.7519777862739234,0.5619638879076154,0.8665713456241502,0,Pw10
5093,PG_00002,G_00002,SRB-9001009.001.Pw10_vs_DMSO,1.0952577763922728,0.9503988441867504,1.0,0,Pw10
5095,PG_00003,G_00003,SRB-9001009.001.Pw10_vs_DMSO,1.9297206241190625,0.12386400814832359,0.47665834040977634,0,Pw10
5097,PG_00004,G_00004,SRB-9001009.001.Pw10_vs_DMSO,0.4454450525486442,0.5021714953579303,0.9379268915540606,0,Pw10
5099,PG_00005,G_00005,SRB-9001009.001.Pw10_vs_DMSO,0.2705373244720298,0.2537245976062241,0.9210710578297591,0,Pw10
5101,PG_00006,G_00006,SRB-9001009.001.Pw10_vs_DMSO,0.6254864386944542,0.950820570161464,1.0,0,Pw10
5103,PG_00007,G_00007,SRB-9001009.001.Pw10_vs_DMSO,-0.3770764455838175,0.8356731848179115,1.0,0,Pw10
5105,PG_00008,G_00008,SRB-9001009.001.Pw10_vs_DMSO,-2.4461711619646627,0.6628139044702152,1.0,0,Pw10
5107,PG_00009,G_00009,SRB-9001009.001.Pw10_vs_DMSO,-0.39646438307826837,0.0548027371331298,0.11308312796621163,0,Pw10
5109,PG_00010,G_00010,SRB-9001009.001.Pw10_vs_DMSO,-0.31749602644677566,0.8162356691285194,1.0,0,Pw10
5111,PG_00011,G_00011,SRB-9001009.001.Pw10_vs_DMSO,1.1694029650294058,0.7153936089485842,1.0,0,Pw10
5113,PG_00012,G_00012,SRB-9001009.001.Pw10_vs_DMSO,0.16698927072507536,0.9302604285427839,1.0,0,Pw10
5115,PG_00013,G_00013,SRB-9001009.001.Pw10_vs_DMSO,0.26266580326091116,0.010813058498229455,0.034386155042692435,0,Pw10
5117,PG_00014,G_00014,SRB-9001009.001.Pw10_vs_DMSO,-0.9903194461170328,0.6281582048186014,0.9126973369175004,0,Pw10
5119,PG_00015,G_00015,SRB-9001009.001.Pw10_vs_DMSO,-0.6960643411201402,0.8739863161989772,1.0,0,Pw10
5121,PG_00016,G_00016,SRB-9001009.001.Pw10_vs_DMSO,1.369534432242113,0.5175131835822672,1.0,0,Pw10
5123,PG_00017,G_00017,SRB-9001009.001.Pw10_vs_DMSO,-2.166181929914508,0.017936344989772944,0.04218184228060046,1,Pw10
5125,PG_00018,G_00018,SRB-9001009.001.Pw10_vs_DMSO,0.9353569830646281,0.041172647691207154,0.08119800489153954,0,Pw10
5127,PG_00019,G_00019,SRB-9001009.001.Pw10_vs_DMSO,1.4445448556025409,0.9955290921330031,1.0,0,Pw10
5129,PG_00020,G_00020,SRB-9001009.001.Pw10_vs_DMSO,-1.1082275237545867,0.7593228374163082,1.0,0,Pw10
5131,PG_00021,G_00021,SRB-9001009.001.Pw10_vs_DMSO,0.8137318764361225,0.09892576753969276,0.3854442573224916,0,Pw10
5133,PG_00022,G_00022,SRB-9001009.001.Pw10_vs_DMSO,1.2011096626348223,0.4560152621685137,0.8876736815085978,0,Pw10
5135,PG_00023,G_00023,SRB-9001009.001.Pw10_vs_DMSO,1.2275569321848443,0.9978125200859994,1.0,0,Pw10
5137,PG_00024,G_00024,SRB-9001009.001.Pw10_vs_DMSO,-0.5914817240169385,0.728311417353072,1.0,0,Pw10
5139,PG_00025,G_00025,SRB-9001009.001.Pw10_vs_DMSO,0.7122687753259181,0.7346220331586073,1.0,0,Pw10
5141,PG_00026,G_00026,SRB-9001009.001.Pw10_vs_DMSO,-1.1499237177724444,0.21859521510371044,0.8888415136872003,0,Pw10
5143,PG_00027,G_00027,SRB-9001009.001.Pw10_vs_DMSO,0.6628766574632778,0.6881430965537816,0.9599587656836963,0,Pw10
5145,PG_00028,G_00028,SRB-9001009.001.Pw10_vs_DMSO,-0.43855230974630566,0.07375631297242695,0.32927751343631867,0,Pw10
5147,PG_00029,G_00029,SRB-9001009.001.Pw10_vs_DMSO,0.8715340083728091,0.26244695148792985,0.2670980962655397,0,Pw10
5149,PG_00030,G_00030,SRB-9001009.001.Pw10_vs_DMSO,0.5738149087579635,0.4596823074257039,1.0,0,Pw10
5151,PG_00031,G_00031,SRB-9001009.001.Pw10_vs_DMSO,0.41947448094918843,0.7218144118099324,1.0,0,Pw10
5153,PG_00032,G_00032,SRB-9001009.001.Pw10_vs_DMSO,0.8509820993166503,0.17750761905124068,0.7251915017947889,0,Pw10
5155,PG_00033,G_00033,SRB-9001009.001.Pw10_vs_DMSO,-1.2628416946463434,0.8934683358304533,1.0,0,Pw10
5157,PG_00034,G_00034,SRB-9001009.001.Pw10_vs_DMSO,1.1368578801564322,0.43309330122772965,1.0,0,Pw10
5159,PG_00035,G_00035,SRB-9001009.001.Pw10_vs_DMSO,-1.3386120421453225,0.39416282722300405,0.6684948712976657,0,Pw10
5161,PG_00036,G_00036,SRB-9001009.001.Pw10_vs_DMSO,-0.06301202982667342,0.5158525781792443,0.595560012215932,0,Pw10
5163,PG_00037,G_00037,SRB-9001009.001.Pw10_vs_DMSO,-1.7219340343613552,0.2920129290764614,1.0,0,Pw10
5165,PG_00038,G_00038,SRB-9001009.001.Pw10_vs_DMSO,1.1651361885312035,0.16524146905664333,0.3552379666180917,0,Pw10
5167,PG_00039,G_00039,SRB-9001009.001.Pw10_vs_DMSO,0.7032689213191187,0.5769060039771163,1.0,0,Pw10
5169,PG_00040,G_00040,SRB-9001009.001.Pw10_vs_DMSO,-2.5593007005141293,0.9514188771679348,1.0,0,Pw10
5171,PG_00041,G_00041,SRB-9001009.001.Pw10_vs_DMSO,-2.311469219877543,0.6810300649600743,1.0,0,Pw10
5173,PG_00042,G_00042,SRB-9001009.001.Pw10_vs_DMSO,0.9421511830507305,0.9119031455741392,1.0,0,Pw10
5175,PG_00043,G_00043,SRB-9001009.001.Pw10_vs_DMSO,1.2694880765688075,0.5753972742928032,1.0,0,Pw10
5177,PG_00044,G_00044,SRB-9001009.001.Pw10_vs_DMSO,-1.819207599306473,0.10622703493979736,0.14448924066048427,0,Pw10
5179,PG_00045,G_00045,SRB-9001009.001.Pw10_vs_DMSO,-1.408194985412298,0.9204677257141202,1.0,0,Pw10
5181,PG_00046,G_00046,SRB-9001009.001.Pw10_vs_DMSO,1.9246567951387479,0.5680424360553274,1.0,0,Pw10
5183,PG_00047,G_00047,SRB-9001009.001.Pw10_vs_DMSO,-0.8265566424656641,0.5223663529423181,1.0,0,Pw10
5185,PG_00048,G_00048,SRB-9001009.001.Pw10_vs_DMSO,0.15483261925372377,0.36510011707956086,1.0,0,Pw10
5187,PG_00049,G_00049,SRB-9001009.001.Pw10_vs_DMSO,1.3817593136154063,0.9073642960489808,1.0,0,Pw10
5189,PG_00050,G_00050,SRB-9001009.001.Pw10_vs_DMSO,-0.24530301090289852,0.22196162208743803,0.44708973440839683,0,Pw10
5191,PG_00051,G_00051,SRB-9001009.001.Pw10_vs_DMSO,1.329633106961965,0.8170192351241232,1.0,0,Pw10
5193,PG_00052,G_00052,SRB-9001009.001.Pw10_vs_DMSO,2.5201145008106196,0.17025479902189805,0.7264899565602924,0,Pw10
5195,PG_00053,G_00053,SRB-9001009.001.Pw10_vs_DMSO,0.7736550860200069,0.2684875308590064,1.0,0,Pw10
5197,PG_00054,G_00054,SRB-9001009.001.Pw10_vs_DMSO,-1.8250317998497434,0.46372589520565044,1.0,0,Pw10
5199,PG_00055,G_00055,SRB-9001009.001.Pw10_vs_DMSO,-0.3757710532302493,0.8944105892028541,1.0,0,Pw10
5201,PG_00056,G_00056,SRB-9001009.001.Pw10_vs_DMSO,1.0717584540933123,0.47549627458955174,1.0,0,Pw10
5203,PG_00057,G_00057,SRB-9001009.001.Pw10_vs_DMSO,-1.791901584301222,0.6762998408962313,1.0,0,Pw10
5205,PG_00058,G_00058,SRB-9001009.001.Pw10_vs_DMSO,0.16129569959195092,0.6429275758824569,1.0,0,Pw10
5207,PG_00059,G_00059,SRB-9001009.001.Pw10_vs_DMSO,-0.3538176538302094,0.40654698707221826,1.0,0,Pw10
5209,PG_00000,G_00000,SRB-9001009.001.Pw11_vs_DMSO,2.157221710164081,0.015708376669319218,0.04291007827980591,1,Pw11
5211,PG_00001,G_00001,SRB-9001009.001.Pw11_vs_DMSO,-0.2796514119775268,0.5585684161465697,0.6745664979796286,0,Pw11
5213,PG_00002,G_00002,SRB-9001009.001.Pw11_vs_DMSO,-1.0306354605532246,0.2304206541167701,0.7338787375325393,0,Pw11
5215,PG_00003,G_00003,SRB-9001009.001.Pw11_vs_DMSO,-0.3097804741871044,0.8007174725867611,1.0,0,Pw11
5217,PG_00004,G_00004,SRB-9001009.001.Pw11_vs_DMSO,1.5466936056252565,0.5176978084912512,1.0,0,Pw11
5219,PG_00005,G_00005,SRB-9001009.001.Pw11_vs_DMSO,1.9470840039490134,0.6805345328932817,1.0,0,Pw11
5221,PG_00006,G_00006,SRB-9001009.001.Pw11_vs_DMSO,-2.3212355582426873,0.798221540867532,1.0,0,Pw11
5223,PG_00007,G_00007,SRB-9001009.001.Pw11_vs_DMSO,-0.6593434277092137,0.6540237700125091,1.0,0,Pw11
5225,PG_00008,G_00008,SRB-9001009.001.Pw11_vs_DMSO,0.5345115903795556,0.07554923126882417,0.12004779924551597,0,Pw11
5227,PG_00009,G_00009,SRB-9001009.001.Pw11_vs_DMSO,-0.7978068503908123,0.3776574670315708,0.8004253272028305,0,Pw11
5229,PG_00010,G_00010,SRB-9001009.001.Pw11_vs_DMSO,-0.32883941769991126,0.2213490236688476,1.0,0,Pw11
5231,PG_00011,G_00011,SRB-9001009.001.Pw11_vs_DMSO,-1.229568271758446,0.4500956443757179,0.9869983336386855,0,Pw11
5233,PG_00012,G_00012,SRB-9001009.001.Pw11_vs_DMSO,-1.3781132429520762,0.3008076658592969,0.5227531021322495,0,Pw11
5235,PG_00013,G_00013,SRB-9001009.001.Pw11_vs_DMSO,-1.7653979534540554,0.968499332382125,1.0,0,Pw11
5237,PG_00014,G_00014,SRB-9001009.001.Pw11_vs_DMSO,1.777464848789637,0.37517877173126946,0.8019387836125048,0,Pw11
5239,PG_00015,G_00015,SRB-9001009.001.Pw11_vs_DMSO,-1.7677306229399372,0.170395765795278,0.8480650937179922,0,Pw11
5241,PG_00016,G_00016,SRB-9001009.001.Pw11_vs_DMSO,-1.3639106463890134,0.0263339354538431,0.09625968376568256,1,Pw11
5243,PG_00017,G_00017,SRB-9001009.001.Pw11_vs_DMSO,0.37461213859216536,0.2617421214052411,1.0,0,Pw11
5245,PG_00018,G_00018,SRB-9001009.001.Pw11_vs_DMSO,1.2825746185749514,0.19054814079742763,0.7067770659217179,0,Pw11
5247,PG_00019,G_00019,SRB-9001009.001.Pw11_vs_DMSO,1.0666428176422258,0.49139558674962464,1.0,0,Pw11
5249,PG_00020,G_00020,SRB-9001009.001.Pw11_vs_DMSO,-0.7852490316076112,0.18698805833487142,0.9288502964556716,0,Pw11
5251,PG_00021,G_00021,SRB-9001009.001.Pw11_vs_DMSO,0.18865421476936278,0.9487850264792054,1.0,0,Pw11
5253,PG_00022,G_00022,SRB-9001009.001.Pw11_vs_DMSO,1.2858842027264301,0.8834709228871848,1.0,0,Pw11
5255,PG_00023,G_00023,SRB-9001009.001.Pw11_vs_DMSO,-0.5106559592515232,0.029662765891764968,0.039344341441960605,0,Pw11
5257,PG_00024,G_00024,SRB-9001009.001.Pw11_vs_DMSO,1.732015895846632,0.29416555433898106,0.4323092924430434,0,Pw11
5259,PG_00025,G_00025,SRB-9001009.001.Pw11_vs_DMSO,-1.2087396557770287,0.12288617046157814,0.35567928567109935,0,Pw11
5261,PG_00026,G_00026,SRB-9001009.001.Pw11_vs_DMSO,-2.189576820772447,0.461902948133583,1.0,0,Pw11
5263,PG_00027,G_00027,SRB-9001009.001.Pw11_vs_DMSO,1.5696263438610134,0.12067633480346164,0.45407504668552745,0,Pw11
5265,PG_00028,G_00028,SRB-9001009.001.Pw11_vs_DMSO,0.7794191965537871,0.026104865451991886,0.06040130893079292,0,Pw11
5267,PG_00029,G_00029,SRB-9001009.001.Pw11_vs_DMSO,0.040611438785637256,0.1141740088593326,0.3141591023859002,0,Pw11
5269,PG_00030,G_00030,SRB-9001009.001.Pw11_vs_DMSO,-0.5231930921375333,0.045009984536329914,0.09239109467277432,0,Pw11
5271,PG_00031,G_00031,SRB-9001009.001.Pw11_vs_DMSO,1.1687302183031463,0.9972685152254233,1.0,0,Pw11
5273,PG_00032,G_00032,SRB-9001009.001.Pw11_vs_DMSO,0.7344466324571596,0.9703051601549498,1.0,0,Pw11
5275,PG_00033,G_00033,SRB-9001009.001.Pw11_vs_DMSO,0.058473569223116556,0.3014563401321917,1.0,0,Pw11
5277,PG_00034,G_00034,SRB-9001009.001.Pw11_vs_DMSO,-2.7510053220505264,0.8170078119251833,1.0,0,Pw11
5279,PG_00035,G_00035,SRB-9001009.001.Pw11_vs_DMSO,-0.24867120555787625,0.9408836417973108,1.0,0,Pw11
5281,PG_00036,G_00036,SRB-9001009.001.Pw11_vs_DMSO,0.32540491626979773,0.2691642981820431,1.0,0,Pw11
5283,PG_00037,G_00037,SRB-9001009.001.Pw11_vs_DMSO,-0.17690811684828908,0.36773985474860843,0.6343837043906745,0,Pw11
5285,PG_00038,G_00038,SRB-9001009.001.Pw11_vs_DMSO,-0.6752880968255823,0.8839428085603532,1.0,0,Pw11
5287,PG_00039,G_00039,SRB-9001009.001.Pw11_vs_DMSO,0.42617277377371476,0.8109848259964366,1.0,0,Pw11
5289,PG_00040,G_00040,SRB-9001009.001.Pw11_vs_DMSO,0.29485952148323047,0.5478243621088497,0.6514266987125574,0,Pw11
5291,PG_00041,G_00041,SRB-9001009.001.Pw11_vs_DMSO,2.7659564637859404,0.5269340419691484,1.0,0,Pw11
5293,PG_00042,G_00042,SRB-9001009.001.Pw11_vs_DMSO,-2.0461248185312133,0.1033767356756429,0.11173392653314876,0,Pw11
5295,PG_00043,G_00043,SRB-9001009.001.Pw11_vs_DMSO,0.7633720014555037,0.8208543796188099,1.0,0,Pw11
5297,PG_00044,G_00044,SRB-9001009.001.Pw11_vs_DMSO,1.7784308088999747,0.29533147624712597,1.0,0,Pw11
5299,PG_00045,G_00045,SRB-9001009.001.Pw11_vs_DMSO,0.09059334839024624,0.8283023305144342,1.0,0,Pw11
5301,PG_00046,G_00046,SRB-9001009.001.Pw11_vs_DMSO,-1.5895005611486028,0.22310102701460247,0.9194381970106454,0,Pw11
5303,PG_00047,G_00047,SRB-9001009.001.Pw11_vs_DMSO,2.716163119126599,0.42556818340347236,1.0,0,Pw11
5305,PG_00048,G_00048,SRB-9001009.001.Pw11_vs_DMSO,0.7487035581161303,0.6838503855261703,1.0,0,Pw11
5307,PG_00049,G_00049,SRB-9001009.001.Pw11_vs_DMSO,-0.3406744305014614,0.9655320723154834,1.0,0,Pw11
5309,PG_00050,G_00050,SRB-9001009.001.Pw11_vs_DMSO,1.7409573842952741,0.28555528763526666,1.0,0,Pw11
5311,PG_00051,G_00051,SRB-9001009.001.Pw11_vs_DMSO,1.3858033123763482,0.018938146610047262,0.08478615413504385,1,Pw11
5313,PG_00052,G_00052,SRB-9001009.001.Pw11_vs_DMSO,3.0199422355922563,0.42425365887657995,0.6808580806166806,0,Pw11
5315,PG_00053,G_00053,SRB-9001009.001.Pw11_vs_DMSO,0.526261299937968,0.08492106710118483,0.23732304281531658,0,Pw11
5317,PG_00054,G_00054,SRB-9001009.001.Pw11_vs_DMSO,0.026468039221095065,0.3959872717864244,1.0,0,Pw11
5319,PG_00055,G_00055,SRB-9001009.001.Pw11_vs_DMSO,0.5286065875708632,0.7244301900422089,1.0,0,Pw11
5321,PG_00056,G_00056,SRB-9001009.001.Pw11_vs_DMSO,-1.4488691983074153,0.5342255391033676,1.0,0,Pw11
5323,PG_00057,G_00057,SRB-9001009.001.Pw11_vs_DMSO,0.2263757202578507,0.3047655291260108,0.35615417626727297,0,Pw11
5325,PG_00058,G_00058,SRB-9001009.001.Pw11_vs_DMSO,2.3884938859894014,0.25141128676192664,1.0,0,Pw11
5327,PG_00059,G_00059,SRB-9001009.001.Pw11_vs_DMSO,-0.9810419239582886,0.611793954750061,1.0,0,Pw11
5329,PG_00000,G_00000,SRB-9001010.001.Pw10_vs_DMSO,-1.8858676359855377,0.24043864038760818,0.4123838156284754,0,Pw10
5331,PG_00001,G_00001,SRB-9001010.001.Pw10_vs_DMSO,-2.1776052891810806,0.5385567034977591,0.5867415727935266,0,Pw10
5333,PG_00002,G_00002,SRB-9001010.001.Pw10_vs_DMSO,0.5937813101072859,0.7581509227358912,1.0,0,Pw10
5335,PG_00003,G_00003,SRB-9001010.001.Pw10_vs_DMSO,2.6383404455258703,0.31342583977405925,0.8442003996760319,0,Pw10
5337,PG_00004,G_00004,SRB-9001010.001.Pw10_vs_DMSO,-0.17779661971399108,0.3800076998679316,0.8051618306525932,0,Pw10
5339,PG_00005,G_00005,SRB-9001010.001.Pw10_vs_DMSO,-0.12911502280094073,0.38526597587540096,0.8343043705124221,0,Pw10
5341,PG_00006,G_00006,SRB-9001010.001.Pw10_vs_DMSO,-0.5601380108237637,0.12400819310859161,0.5161799093721305,0,Pw10
5343,PG_00007,G_00007,SRB-9001010.001.Pw10_vs_DMSO,-2.006890459616449,0.034105221249206376,0.03714489563620919,1,Pw10
5345,PG_00008,G_00008,SRB-9001010.001.Pw10_vs_DMSO,-2.3204159981408887,0.6569853425160834,1.0,0,Pw10
5347,PG_00009,G_00009,SRB-9001010.001.Pw10_vs_DMSO,-1.1998165887637986,0.7576426119179748,1.0,0,Pw10
5349,PG_00010,G_00010,SRB-9001010.001.Pw10_vs_DMSO,1.9702389751346885,0.5968803396504093,1.0,0,Pw10
5351,PG_00011,G_00011,SRB-9001010.001.Pw10_vs_DMSO,-0.43946044125902545,0.5060954605763831,1.0,0,Pw10
5353,PG_00012,G_00012,SRB-9001010.001.Pw10_vs_DMSO,0.7650064335332201,0.1343514271620541,0.14448054084114423,0,Pw10
5355,PG_00013,G_00013,SRB-9001010.001.Pw10_vs_DMSO,1.565894306536463,0.036582262576104224,0.1642727754408447,1,Pw10
5357,PG_00014,G_00014,SRB-9001010.001.Pw10_vs_DMSO,2.3575799024591055,0.3496547139340173,0.7431056667817589,0,Pw10
5359,PG_00015,G_00015,SRB-9001010.001.Pw10_vs_DMSO,0.4798447176019277,0.6258581798572044,0.883639712740645,0,Pw10
5361,PG_00016,G_00016,SRB-9001010.001.Pw10_vs_DMSO,-1.096455916275528,0.0002374812112010651,0.0010951510338769721,1,Pw10
5363,PG_00017,G_00017,SRB-9001010.001.Pw10_vs_DMSO,2.051823932278573,0.1608179719502756,0.521579067913652,0,Pw10
5365,PG_00018,G_00018,SRB-9001010.001.Pw10_vs_DMSO,-1.391869420848188,0.8391423297505677,1.0,0,Pw10
5367,PG_00019,G_00019,SRB-9001010.001.Pw10_vs_DMSO,2.839821415960804,0.6476649969451264,1.0,0,Pw10
5369,PG_00020,G_00020,SRB-9001010.001.Pw10_vs_DMSO,-1.0555852619816077,0.9013954337437379,1.0,0,Pw10
5371,PG_00021,G_00021,SRB-9001010.001.Pw10_vs_DMSO,1.4506074473980808,0.909278970859837,1.0,0,Pw10
5373,PG_00022,G_00022,SRB-9001010.001.Pw10_vs_DMSO,-0.34934062722051823,0.2932723770301555,0.43454512444196713,0,Pw10
5375,PG_00023,G_00023,SRB-9001010.001.Pw10_vs_DMSO,-2.310668087567269,0.2604640435717302,0.5615559972603485,0,Pw10
5377,PG_00024,G_00024,SRB-9001010.001.Pw10_vs_DMSO,1.4635330481820192,0.0708105904610486,0.09746322796168569,0,Pw10
5379,PG_00025,G_00025,SRB-9001010.001.Pw10_vs_DMSO,-3.657605138458377,0.5685788049223938,1.0,0,Pw10
5381,PG_00026,G_00026,SRB-9001010.001.Pw10_vs_DMSO,0.006194480044211612,0.671917815695071,1.0,0,Pw10
5383,PG_00027,G_00027,SRB-9001010.001.Pw10_vs_DMSO,-1.2515952549557183,0.5119287290555701,1.0,0,Pw10
5385,PG_00028,G_00028,SRB-9001010.001.Pw10_vs_DMSO,1.2708024460442156,0.5039588189114041,1.0,0,Pw10
5387,PG_00029,G_00029,SRB-9001010.001.Pw10_vs_DMSO,0.7989387542841535,0.911541506023003,0.9299370440079349,0,Pw10
5389,PG_00030,G_00030,SRB-9001010.001.Pw10_vs_DMSO,2.763452670030975,0.28314098608775035,0.673071679698182,0,Pw10
5391,PG_00031,G_00031,SRB-9001010.001.Pw10_vs_DMSO,0.007074475449256197,0.9205229973359055,1.0,0,Pw10
5393,PG_00032,G_00032,SRB-9001010.001.Pw10_vs_DMSO,-3.1622336661115975,0.7179792804137626,1.0,0,Pw10
5395,PG_00033,G_00033,SRB-9001010.001.Pw10_vs_DMSO,-2.4055417839694906,0.488843704572661,0.7873088432976951,0,Pw10
5397,PG_00034,G_00034,SRB-9001010.001.Pw10_vs_DMSO,-1.4019628945254667,0.25091087321564426,0.746229429759868,0,Pw10
5399,PG_00035,G_00035,SRB-9001010.001.Pw10_vs_DMSO,-0.05977829218466783,0.6630179467786376,1.0,0,Pw10
5401,PG_00036,G_00036,SRB-9001010.001.Pw10_vs_DMSO,-0.9576493686715495,0.5054678149839062,1.0,0,Pw10
5403,PG_00037,G_00037,SRB-9001010.001.Pw10_vs_DMSO,1.7718608240590918,0.6002998541853939,1.0,0,Pw10
5405,PG_00038,G_00038,SRB-9001010.001.Pw10_vs_DMSO,0.6648772510495611,0.6778532659129615,1.0,0,Pw10
5407,PG_00039,G_00039,SRB-9001010.001.Pw10_vs_DMSO,-0.5269317818230252,0.025380883706699834,0.043620968863111655,0,Pw10
5409,PG_00040,G_00040,SRB-9001010.001.Pw10_vs_DMSO,-1.68379083688041,0.6606638500779771,1.0,0,Pw10
5411,PG_00041,G_00041,SRB-9001010.001.Pw10_vs_DMSO,-0.940307951141758,0.8306124129814753,1.0,0,Pw10
5413,PG_00042,G_00042,SRB-9001010.001.Pw10_vs_DMSO,-4.0254094302438,0.795327186852079,1.0,0,Pw10
5415,PG_00043,G_00043,SRB-9001010.001.Pw10_vs_DMSO,-0.5582622314720586,0.8187682802416757,1.0,0,Pw10
5417,PG_00044,G_00044,SRB-9001010.001.Pw10_vs_DMSO,0.23023110021845966,0.8646233624117537,1.0,0,Pw10
5419,PG_00045,G_00045,SRB-9001010.001.Pw10_vs_DMSO,0.8092894488076061,0.5429007202220524,0.5940218370882444,0,Pw10
5421,PG_00046,G_00046,SRB-9001010.001.Pw10_vs_DMSO,-1.708581576675963,0.41431278590248893,1.0,0,Pw10
5423,PG_00047,G_00047,SRB-9001010.001.Pw10_vs_DMSO,-0.4478621487129203,0.46460251911880235,1.0,0,Pw10
5425,PG_00048,G_00048,SRB-9001010.001.Pw10_vs_DMSO,1.4060631386201508,0.4928484604689651,0.567040017744669,0,Pw10
5427,PG_00049,G_00049,SRB-9001010.001.Pw10_vs_DMSO,-0.11722914023571497,0.5534094979829948,1.0,0,Pw10
5429,PG_00050,G_00050,SRB-9001010.001.Pw10_vs_DMSO,-1.089859557076111,0.15327628608521665,0.1950385113041372,0,Pw10
5431,PG_00051,G_00051,SRB-9001010.001.Pw10_vs_DMSO,-1.6915029427472734,0.2892099516379989,0.4469639491992193,0,Pw10
5433,PG_00052,G_00052,SRB-9001010.001.Pw10_vs_DMSO,-1.134659529756554,0.18414216525784252,0.6615452460605501,0,Pw10
5435,PG_00053,G_00053,SRB-9001010.001.Pw10_vs_DMSO,1.0773911562616991,0.19830288461889892,0.37099849065421336,0,Pw10
5437,PG_00054,G_00054,SRB-9001010.001.Pw10_vs_DMSO,-1.6997640647493815,0.08038528230257325,0.22236748505284507,0,Pw10
5439,PG_00055,G_00055,SRB-9001010.001.Pw10_vs_DMSO,1.8950075721070292,0.805586768706756,1.0,0,Pw10
5441,PG_00056,G_00056,SRB-9001010.001.Pw10_vs_DMSO,0.2956583373274108,0.19570289703410568,0.4798826425579958,0,Pw10
5443,PG_00057,G_00057,SRB-9001010.001.Pw10_vs_DMSO,3.536263424695239,0.8382879900941099,1.0,0,Pw10
5445,PG_00058,G_00058,SRB-9001010.001.Pw10_vs_DMSO,-0.9606057514780663,0.15781147815217456,0.5794630042300309,0,Pw10
5447,PG_00059,G_00059,SRB-9001010.001.Pw10_vs_DMSO,1.3557439597031657,0.6765765118718523,1.0,0,Pw10
5449,PG_00000,G_00000,SRB-9001010.001.Pw11_vs_DMSO,0.09516913618389261,0.5926080378521664,1.0,0,Pw11
5451,PG_00001,G_00001,SRB-9001010.001.Pw11_vs_DMSO,1.060507603856466,0.10308896363523734,0.45093990704026204,0,Pw11
5453,PG_00002,G_00002,SRB-9001010.001.Pw11_vs_DMSO,2.36932431447661,0.1737854273239905,0.5763798116491341,0,Pw11
5455,PG_00003,G_00003,SRB-9001010.001.Pw11_vs_DMSO,-0.3084386110099373,0.30190231083745533,0.631703582145314,0,Pw11
5457,PG_00004,G_00004,SRB-9001010.001.Pw11_vs_DMSO,0.5759358851924037,0.4303878373441884,0.9956039076757608,0,Pw11
5459,PG_00005,G_00005,SRB-9001010.001.Pw11_vs_DMSO,0.6214590761197011,0.38890620526124736,0.5563704320169919,0,Pw11
5461,PG_00006,G_00006,SRB-9001010.001.Pw11_vs_DMSO,-1.098171434664433,0.9502246262494695,1.0,0,Pw11
5463,PG_00007,G_00007,SRB-9001010.001.Pw11_vs_DMSO,-0.47111108989285133,0.2852239662768129,0.29176956815142524,0,Pw11
5465,PG_00008,G_00008,SRB-9001010.001.Pw11_vs_DMSO,0.5818165294467248,0.43512697677992734,1.0,0,Pw11
5467,PG_00009,G_00009,SRB-9001010.001.Pw11_vs_DMSO,2.41622386314565,0.7035492198763413,1.0,0,Pw11
5469,PG_00010,G_00010,SRB-9001010.001.Pw11_vs_DMSO,-3.6756534944656174,0.07503007846849344,0.3557692933778227,0,Pw11
5471,PG_00011,G_00011,SRB-9001010.001.Pw11_vs_DMSO,-0.3693493768745246,0.5047353474046721,1.0,0,Pw11
5473,PG_00012,G_00012,SRB-9001010.001.Pw11_vs_DMSO,-1.5599914703250768,0.5134803889496796,1.0,0,Pw11
5475,PG_00013,G_00013,SRB-9001010.001.Pw11_vs_DMSO,-3.0167120925477513,0.9488422488533212,1.0,0,Pw11
5477,PG_00014,G_00014,SRB-9001010.001.Pw11_vs_DMSO,-0.37939402808880074,0.48670485436415056,0.5079925631857928,0,Pw11
5479,PG_00015,G_00015,SRB-9001010.001.Pw11_vs_DMSO,-2.0051427125471535,0.8566528424303687,1.0,0,Pw11
5481,PG_00016,G_00016,SRB-9001010.001.Pw11_vs_DMSO,0.6832478045436468,0.31318452122772805,1.0,0,Pw11
5483,PG_00017,G_00017,SRB-9001010.001.Pw11_vs_DMSO,1.6989969913316643,0.3876816624620976,1.0,0,Pw11
5485,PG_00018,G_00018,SRB-9001010.001.Pw11_vs_DMSO,0.013209576425068351,0.9056138255656069,1.0,0,Pw11
5487,PG_00019,G_00019,SRB-9001010.001.Pw11_vs_DMSO,-0.027941962666272035,0.18995119490123666,0.8547150213064071,0,Pw11
5489,PG_00020,G_00020,SRB-9001010.001.Pw11_vs_DMSO,0.930624986584488,0.728873933862366,1.0,0,Pw11
5491,PG_00021,G_00021,SRB-9001010.001.Pw11_vs_DMSO,-0.49540456646741676,0.3923679409119509,1.0,0,Pw11
5493,PG_00022,G_00022,SRB-9001010.001.Pw11_vs_DMSO,-0.5885066583624554,0.8994127168369702,1.0,0,Pw11
5495,PG_00023,G_00023,SRB-9001010.001.Pw11_vs_DMSO,-1.0184165666608398,0.21933199673328482,1.0,0,Pw11
5497,PG_00024,G_00024,SRB-9001010.001.Pw11_vs_DMSO,-1.0931189628156681,0.38430207995753174,0.694918935206878,0,Pw11
5499,PG_00025,G_00025,SRB-9001010.001.Pw11_vs_DMSO,1.9950167519466913,0.2500727487661829,1.0,0,Pw11
5501,PG_00026,G_00026,SRB-9001010.001.Pw11_vs_DMSO,2.5202167029863936,0.3760058386952423,1.0,0,Pw11
5503,PG_00027,G_00027,SRB-9001010.001.Pw11_vs_DMSO,-1.2540409792595333,0.8421908960552297,1.0,0,Pw11
5505,PG_00028,G_00028,SRB-9001010.001.Pw11_vs_DMSO,0.8970274856379278,0.12229656573672794,0.13882050769348594,0,Pw11
5507,PG_00029,G_00029,SRB-9001010.001.Pw11_vs_DMSO,-0.27287075929062904,0.8467479126609585,1.0,0,Pw11
5509,PG_00030,G_00030,SRB-9001010.001.Pw11_vs_DMSO,2.021222535470398,0.8972657709122576,1.0,0,Pw11
5511,PG_00031,G_00031,SRB-9001010.001.Pw11_vs_DMSO,-1.310017030023013,0.8419490322099403,1.0,0,Pw11
5513,PG_00032,G_00032,SRB-9001010.001.Pw11_vs_DMSO,0.746492964864072,0.28110523660374087,0.7639975867517724,0,Pw11
5515,PG_00033,G_00033,SRB-9001010.001.Pw11_vs_DMSO,0.5043236765690321,0.667256899979064,1.0,0,Pw11
5517,PG_00034,G_00034,SRB-9001010.001.Pw11_vs_DMSO,1.5384073770619804,0.5226519983502145,1.0,0,Pw11
5519,PG_00035,G_00035,SRB-9001010.001.Pw11_vs_DMSO,-0.03253484955826084,0.4448048206205813,1.0,0,Pw11
5521,PG_00036,G_00036,SRB-9001010.001.Pw11_vs_DMSO,-2.3965601588903302,0.3360574517011792,1.0,0,Pw11
5523,PG_00037,G_00037,SRB-9001010.001.Pw11_vs_DMSO,1.297804042512122,0.5866402451001659,1.0,0,Pw11
5525,PG_00038,G_00038,SRB-9001010.001.Pw11_vs_DMSO,0.782929728277176,0.4300795294955233,0.4372266605679634,0,Pw11
5527,PG_00039,G_00039,SRB-9001010.001.Pw11_vs_DMSO,-0.43128442930762984,0.9041359800107457,1.0,0,Pw11
5529,PG_00040,G_00040,SRB-9001010.001.Pw11_vs_DMSO,-0.3003251494966649,0.5069441795769359,1.0,0,Pw11
5531,PG_00041,G_00041,SRB-9001010.001.Pw11_vs_DMSO,-1.936416728168539,0.4002346970206514,1.0,0,Pw11
5533,PG_00042,G_00042,SRB-9001010.001.Pw11_vs_DMSO,-3.543619845603952,0.3546280486568536,1.0,0,Pw11
5535,PG_00043,G_00043,SRB-9001010.001.Pw11_vs_DMSO,2.478969551810173,0.1820415753334494,0.8658448456095603,0,Pw11
5537,PG_00044,G_00044,SRB-9001010.001.Pw11_vs_DMSO,0.6147617273401211,0.9259915140073471,1.0,0,Pw11
5539,PG_00045,G_00045,SRB-9001010.001.Pw11_vs_DMSO,0.604523270476449,0.4298449727195185,1.0,0,Pw11
5541,PG_00046,G_00046,SRB-9001010.001.Pw11_vs_DMSO,-1.0264813349864694,0.9143252945414155,1.0,0,Pw11
5543,PG_00047,G_00047,SRB-9001010.001.Pw11_vs_DMSO,-1.4562159031780402,0.33739003438549503,0.9706317855789253,0,Pw11
5545,PG_00048,G_00048,SRB-9001010.001.Pw11_vs_DMSO,2.808908350769413,0.08305595743425341,0.2543322995773005,0,Pw11
5547,PG_00049,G_00049,SRB-9001010.001.Pw11_vs_DMSO,-0.829119947152863,0.2100257052458429,0.36195663026255404,0,Pw11
5549,PG_00050,G_00050,SRB-9001010.001.Pw11_vs_DMSO,-2.1110636416605786,0.7092200688172018,1.0,0,Pw11
5551,PG_00051,G_00051,SRB-9001010.001.Pw11_vs_DMSO,0.9541091969211125,0.8998172553612006,1.0,0,Pw11
5553,PG_00052,G_00052,SRB-9001010.001.Pw11_vs_DMSO,0.6002757283533299,0.7103898208363656,1.0,0,Pw11
5555,PG_00053,G_00053,SRB-9001010.001.Pw11_vs_DMSO,-0.977938055919816,0.3350304733266825,0.8207032538128557,0,Pw11
5557,PG_00054,G_00054,SRB-9001010.001.Pw11_vs_DMSO,-1.395337861055639,0.012040650017132684,0.047333997376355304,1,Pw11
5559,PG_00055,G_00055,SRB-9001010.001.Pw11_vs_DMSO,1.1405472517433424,0.5427287821042331,1.0,0,Pw11
5561,PG_00056,G_00056,SRB-9001010.001.Pw11_vs_DMSO,-2.001140055977868,0.30931457801705753,1.0,0,Pw11
5563,PG_00057,G_00057,SRB-9001010.001.Pw11_vs_DMSO,1.5170864930060666,0.3903788520729582,0.9165321927944616,0,Pw11
5565,PG_00058,G_00058,SRB-9001010.001.Pw11_vs_DMSO,-1.4380455339821185,0.5439390115354754,0.7766709358071867,0,Pw11
5567,PG_00059,G_00059,SRB-9001010.001.Pw11_vs_DMSO,1.5793197404895092,0.9517762650378753,1.0,0,Pw11
5569,PG_00000,G_00000,SRB-9001011.001.Pw10_vs_DMSO,1.9676487238530787,0.16112048861546188,0.5278269594825317,0,Pw10
5571,PG_00001,G_00001,SRB-9001011.001.Pw10_vs_DMSO,-0.4891681108238638,0.8787331380737282,1.0,0,Pw10
5573,PG_00002,G_00002,SRB-9001011.001.Pw10_vs_DMSO,-0.2043774111357801,0.2550659963412636,1.0,0,Pw10
5575,PG_00003,G_00003,SRB-9001011.001.Pw10_vs_DMSO,-0.25776834479844907,0.4868450334286478,0.6252805073594979,0,Pw10
5577,PG_00004,G_00004,SRB-9001011.001.Pw10_vs_DMSO,0.5536681722392973,0.8648582306750645,1.0,0,Pw10
5579,PG_00005,G_00005,SRB-9001011.001.Pw10_vs_DMSO,-1.4054674895815435,0.3194307596147667,1.0,0,Pw10
5581,PG_00006,G_00006,SRB-9001011.001.Pw10_vs_DMSO,-0.2592928422867423,0.7049854250154887,0.7993806972077944,0,Pw10
5583,PG_00007,G_00007,SRB-9001011.001.Pw10_vs_DMSO,-2.8502497834611438,0.8776157068364926,1.0,0,Pw10
5585,PG_00008,G_00008,SRB-9001011.001.Pw10_vs_DMSO,0.17459509791231134,0.3463373658863136,1.0,0,Pw10
5587,PG_00009,G_00009,SRB-9001011.001.Pw10_vs_DMSO,1.627783819380349,0.3461228998704268,1.0,0,Pw10
5589,PG_00010,G_00010,SRB-9001011.001.Pw10_vs_DMSO,1.0163990898411737,0.7660986754125325,0.8799423962369196,0,Pw10
5591,PG_00011,G_00011,SRB-9001011.001.Pw10_vs_DMSO,2.031018604663624,0.543271593189745,1.0,0,Pw10
5593,PG_00012,G_00012,SRB-9001011.001.Pw10_vs_DMSO,-2.4047083416785524,0.5724255127766017,1.0,0,Pw10
5595,PG_00013,G_00013,SRB-9001011.001.Pw10_vs_DMSO,1.9567171827205359,0.23996850049244442,0.36061136543704697,0,Pw10
5597,PG_00014,G_00014,SRB-9001011.001.Pw10_vs_DMSO,1.2957534513413034,0.8885919001559789,1.0,0,Pw10
5599,PG_00015,G_00015,SRB-9001011.001.Pw10_vs_DMSO,-1.024697900782162,0.8006256052475336,1.0,0,Pw10
5601,PG_00016,G_00016,SRB-9001011.001.Pw10_vs_DMSO,3.0235852416436164,0.8639123705686291,1.0,0,Pw10
5603,PG_00017,G_00017,SRB-9001011.001.Pw10_vs_DMSO,0.08261710632087914,0.6968005270612452,1.0,0,Pw10
5605,PG_00018,G_00018,SRB-9001011.001.Pw10_vs_DMSO,1.1502890647296686,0.7747411445368929,1.0,0,Pw10
5607,PG_00019,G_00019,SRB-9001011.001.Pw10_vs_DMSO,1.932955162044815,0.9438355963019488,1.0,0,Pw10
5609,PG_00020,G_00020,SRB-9001011.001.Pw10_vs_DMSO,0.5856340729602145,0.556536298808417,1.0,0,Pw10
5611,PG_00021,G_00021,SRB-9001011.001.Pw10_vs_DMSO,-0.3001997990233773,0.31046840235592166,1.0,0,Pw10
5613,PG_00022,G_00022,SRB-9001011.001.Pw10_vs_DMSO,2.4622976936985337,0.8240369773435622,1.0,0,Pw10
5615,PG_00023,G_00023,SRB-9001011.001.Pw10_vs_DMSO,0.13087012509330298,0.7025977866456776,1.0,0,Pw10
5617,PG_00024,G_00024,SRB-9001011.001.Pw10_vs_DMSO,1.2458893817959624,0.4815324367693303,1.0,0,Pw10
5619,PG_00025,G_00025,SRB-9001011.001.Pw10_vs_DMSO,-1.0536852483416381,0.28161454879530357,1.0,0,Pw10
5621,PG_00026,G_00026,SRB-9001011.001.Pw10_vs_DMSO,-0.64901286491897,0.9972918097323448,1.0,0,Pw10
5623,PG_00027,G_00027,SRB-9001011.001.Pw10_vs_DMSO,-0.49471232734132153,0.8078156194966124,1.0,0,Pw10
5625,PG_00028,G_00028,SRB-9001011.001.Pw10_vs_DMSO,-0.5164888967468791,0.8396102035229464,1.0,0,Pw10
5627,PG_00029,G_00029,SRB-9001011.001.Pw10_vs_DMSO,1.3756612671116273,0.05308540292806864,0.17469713437731108,0,Pw10
5629,PG_00030,G_00030,SRB-9001011.001.Pw10_vs_DMSO,-1.087548482399174,0.5480545503800113,0.865966991822856,0,Pw10
5631,PG_00031,G_00031,SRB-9001011.001.Pw10_vs_DMSO,-0.7582557873718375,0.8044161742201347,1.0,0,Pw10
5633,PG_00032,G_00032,SRB-9001011.001.Pw10_vs_DMSO,0.8749199231928073,0.440964635150172,0.857892272575904,0,Pw10
5635,PG_00033,G_00033,SRB-9001011.001.Pw10_vs_DMSO,-2.014838290334626,0.6646378310048183,1.0,0,Pw10
5637,PG_00034,G_00034,SRB-9001011.001.Pw10_vs_DMSO,-2.1860397888969976,0.29486675828052217,1.0,0,Pw10
5639,PG_00035,G_00035,SRB-9001011.001.Pw10_vs_DMSO,1.16622007469403,0.7124114151706412,1.0,0,Pw10
5641,PG_00036,G_00036,SRB-9001011.001.Pw10_vs_DMSO,0.5226030931283463,0.9278692205818796,1.0,0,Pw10
5643,PG_00037,G_00037,SRB-9001011.001.Pw10_vs_DMSO,-0.9068605284244582,0.9709291869557032,1.0,0,Pw10
5645,PG_00038,G_00038,SRB-9001011.001.Pw10_vs_DMSO,-2.9502949498671747,0.10879468224178725,0.5269883246908369,0,Pw10
5647,PG_00039,G_00039,SRB-9001011.001.Pw10_vs_DMSO,3.2588971420064183,0.7183205920830126,1.0,0,Pw10
5649,PG_00040,G_00040,SRB-9001011.001.Pw10_vs_DMSO,-0.34114602755588397,0.7260712556619972,1.0,0,Pw10
5651,PG_00041,G_00041,SRB-9001011.001.Pw10_vs_DMSO,1.2712130036227216,0.052026665803715275,0.2576582146159684,0,Pw10
5653,PG_00042,G_00042,SRB-9001011.001.Pw10_vs_DMSO,0.6202668929975577,0.1208176353666735,0.5616439830308179,0,Pw10
5655,PG_00043,G_00043,SRB-9001011.001.Pw10_vs_DMSO,-2.984768905224231,0.3161248808399312,1.0,0,Pw10
5657,PG_00044,G_00044,SRB-9001011.001.Pw10_vs_DMSO,1.0602472153603444,0.26528760627265974,0.8439411299783283,0,Pw10
5659,PG_00045,G_00045,SRB-9001011.001.Pw10_vs_DMSO,2.5264439205748372,0.17635586433713252,0.31611285390790056,0,Pw10
5661,PG_00046,G_00046,SRB-9001011.001.Pw10_vs_DMSO,-2.0228365717307204,0.35888791506970785,1.0,0,Pw10
5663,PG_00047,G_00047,SRB-9001011.001.Pw10_vs_DMSO,-1.7597807315868124,0.24449764275119856,0.8923778862364087,0,Pw10
5665,PG_00048,G_00048,SRB-9001011.001.Pw10_vs_DMSO,-0.763497732946574,0.8364251416753858,1.0,0,Pw10
5667,PG_00049,G_00049,SRB-9001011.001.Pw10_vs_DMSO,-2.3621904195215095,0.20004047208513265,0.952761164293906,0,Pw10
5669,PG_00050,G_00050,SRB-9001011.001.Pw10_vs_DMSO,0.15401494323527548,0.13192430819290826,0.5952787174529035,0,Pw10
5671,PG_00051,G_00051,SRB-9001011.001.Pw10_vs_DMSO,0.49201351264319215,0.2629786225621902,0.5645797750122293,0,Pw10
5673,PG_00052,G_00052,SRB-9001011.001.Pw10_vs_DMSO,3.2493881540175886,0.8749215586758843,1.0,0,Pw10
5675,PG_00053,G_00053,SRB-9001011.001.Pw10_vs_DMSO,0.6032471869611568,0.22688821673926923,1.0,0,Pw10
5677,PG_00054,G_00054,SRB-9001011.001.Pw10_vs_DMSO,-1.619287598787011,0.9580247417109888,1.0,0,Pw10
5679,PG_00055,G_00055,SRB-9001011.001.Pw10_vs_DMSO,2.2360164739213158,0.9245003726190304,1.0,0,Pw10
5681,PG_00056,G_00056,SRB-9001011.001.Pw10_vs_DMSO,-2.275714797721563,0.6374072132018122,1.0,0,Pw10
5683,PG_00057,G_00057,SRB-9001011.001.Pw10_vs_DMSO,-1.6727545466157692,0.9315403586915695,1.0,0,Pw10
5685,PG_00058,G_00058,SRB-9001011.001.Pw10_vs_DMSO,0.3766103502458237,0.7831973037757407,1.0,0,Pw10
5687,PG_00059,G_00059,SRB-9001011.001.Pw10_vs_DMSO,-1.2104242049246523,0.684382892260469,1.0,0,Pw10
5689,PG_00000,G_00000,SRB-9001011.001.Pw11_vs_DMSO,-0.28767126806736115,0.5805096099274439,1.0,0,Pw11
5691,PG_00001,G_00001,SRB-9001011.001.Pw11_vs_DMSO,-1.2772518425961528,0.08174094494479303,0.24729414700414004,0,Pw11
5693,PG_00002,G_00002,SRB-9001011.001.Pw11_vs_DMSO,-0.5553795005081607,0.8940877801794427,1.0,0,Pw11
5695,PG_00003,G_00003,SRB-9001011.001.Pw11_vs_DMSO,-1.1208103614083424,0.39939889519063165,0.7682052234356239,0,Pw11
5697,PG_00004,G_00004,SRB-9001011.001.Pw11_vs_DMSO,1.561608598324828,0.42266970277385635,1.0,0,Pw11
5699,PG_00005,G_00005,SRB-9001011.001.Pw11_vs_DMSO,-2.5707755613364434,0.6474848947892511,1.0,0,Pw11
5701,PG_00006,G_00006,SRB-9001011.001.Pw11_vs_DMSO,-0.22223154595793138,0.7892585812209777,1.0,0,Pw11
5703,PG_00007,G_00007,SRB-9001011.001.Pw11_vs_DMSO,-0.9960970765697277,0.6829168634813824,1.0,0,Pw11
5705,PG_00008,G_00008,SRB-9001011.001.Pw11_vs_DMSO,-1.9306067393362436,0.5896875337134393,1.0,0,Pw11
5707,PG_00009,G_00009,SRB-9001011.001.Pw11_vs_DMSO,-0.5071751783572842,0.33062311132871264,1.0,0,Pw11
5709,PG_00010,G_00010,SRB-9001011.001.Pw11_vs_DMSO,0.39971869492831746,0.029424413432331507,0.11080900747873973,0,Pw11
5711,PG_00011,G_00011,SRB-9001011.001.Pw11_vs_DMSO,-0.897097395506332,0.8747032638717067,1.0,0,Pw11
5713,PG_00012,G_00012,SRB-9001011.001.Pw11_vs_DMSO,0.9933075393855593,0.246195946370627,0.6688621298345001,0,Pw11
5715,PG_00013,G_00013,SRB-9001011.001.Pw11_vs_DMSO,-0.26695885888818643,0.6841732748414248,0.9668037274889251,0,Pw11
5717,PG_00014,G_00014,SRB-9001011.001.Pw11_vs_DMSO,0.6560219493682711,0.8626959470086765,1.0,0,Pw11
5719,PG_00015,G_00015,SRB-9001011.001.Pw11_vs_DMSO,-3.120064092988145,0.2829166572289402,0.7010925119598468,0,Pw11
5721,PG_00016,G_00016,SRB-9001011.001.Pw11_vs_DMSO,0.5732807106545426,0.5309109557641744,0.9781935352771111,0,Pw11
5723,PG_00017,G_00017,SRB-9001011.001.Pw11_vs_DMSO,0.7164112824268091,0.8760992569107731,1.0,0,Pw11
5725,PG_00018,G_00018,SRB-9001011.001.Pw11_vs_DMSO,-1.5812132553928895,0.4878520257653092,0.9323637362495614,0,Pw11
5727,PG_00019,G_00019,SRB-9001011.001.Pw11_vs_DMSO,-0.5660008668155119,0.03680407187606146,0.15741343677611336,0,Pw11
5729,PG_00020,G_00020,SRB-9001011.001.Pw11_vs_DMSO,1.2418031758059558,0.46047325010868256,1.0,0,Pw11
5731,PG_00021,G_00021,SRB-9001011.001.Pw11_vs_DMSO,-2.762122220327151,0.4028197122201828,0.5274956966679945,0,Pw11
5733,PG_00022,G_00022,SRB-9001011.001.Pw11_vs_DMSO,-1.0488564986434081,0.5412477108593932,1.0,0,Pw11
5735,PG_00023,G_00023,SRB-9001011.001.Pw11_vs_DMSO,1.1931057533068128,0.14757290846980858,0.15106298731412846,0,Pw11
5737,PG_00024,G_00024,SRB-9001011.001.Pw11_vs_DMSO,-1.1285231917995922,0.6374296760927637,1.0,0,Pw11
5739,PG_00025,G_00025,SRB-9001011.001.Pw11_vs_DMSO,-1.006729704842376,0.39812066903835985,1.0,0,Pw11
5741,PG_00026,G_00026,SRB-9001011.001.Pw11_vs_DMSO,2.417403044990592,0.1212046765345266,0.45659254077866485,0,Pw11
5743,PG_00027,G_00027,SRB-9001011.001.Pw11_vs_DMSO,-0.5491033669204914,0.9668185745769277,1.0,0,Pw11
5745,PG_00028,G_00028,SRB-9001011.001.Pw11_vs_DMSO,-0.858008800679481,0.33060823815861967,1.0,0,Pw11
5747,PG_00029,G_00029,SRB-9001011.001.Pw11_vs_DMSO,-1.3829475977523837,0.738957235293075,0.9139729830104635,0,Pw11
5749,PG_00030,G_00030,SRB-9001011.001.Pw11_vs_DMSO,-1.8523833813722907,0.47566553713059984,0.5769860054846307,0,Pw11
5751,PG_00031,G_00031,SRB-9001011.001.Pw11_vs_DMSO,0.6616616303828712,0.7629808087378027,1.0,0,Pw11
5753,PG_00032,G_00032,SRB-9001011.001.Pw11_vs_DMSO,0.5169436649364506,0.02423083569587808,0.10227167972484084,0,Pw11
5755,PG_00033,G_00033,SRB-9001011.001.Pw11_vs_DMSO,-0.5854975315548163,0.33158238562805437,0.6340961149301606,0,Pw11
5757,PG_00034,G_00034,SRB-9001011.001.Pw11_vs_DMSO,1.0035320619208612,0.04883333816138047,0.11438152102256537,1,Pw11
5759,PG_00035,G_00035,SRB-9001011.001.Pw11_vs_DMSO,-1.0881178984713258,0.41240701154426096,1.0,0,Pw11
5761,PG_00036,G_00036,SRB-9001011.001.Pw11_vs_DMSO,0.4422825159719618,0.5932545691931033,1.0,0,Pw11
5763,PG_00037,G_00037,SRB-9001011.001.Pw11_vs_DMSO,-1.42840435967062,0.4783843136166301,1.0,0,Pw11
5765,PG_00038,G_00038,SRB-9001011.001.Pw11_vs_DMSO,-1.5560432535940323,0.7446223409716233,0.9796162681998914,0,Pw11
5767,PG_00039,G_00039,SRB-9001011.001.Pw11_vs_DMSO,-1.1028084744373146,0.30715116318377644,0.7655041634517074,0,Pw11
5769,PG_00040,G_00040,SRB-9001011.001.Pw11_vs_DMSO,0.29555085367174205,0.7551003749073554,1.0,0,Pw11
5771,PG_00041,G_00041,SRB-9001011.001.Pw11_vs_DMSO,-1.6983495759666134,0.4347262262191307,1.0,0,Pw11
5773,PG_00042,G_00042,SRB-9001011.001.Pw11_vs_DMSO,-0.2753186488076261,0.944505867748572,1.0,0,Pw11
5775,PG_00043,G_00043,SRB-9001011.001.Pw11_vs_DMSO,0.33339119203204837,0.627267126569534,1.0,0,Pw11
5777,PG_00044,G_00044,SRB-9001011.001.Pw11_vs_DMSO,-1.6122393654699017,0.9007903830212172,1.0,0,Pw11
5779,PG_00045,G_00045,SRB-9001011.001.Pw11_vs_DMSO,-0.9879221913369916,0.015012946845120565,0.03300644443962833,0,Pw11
5781,PG_00046,G_00046,SRB-9001011.001.Pw11_vs_DMSO,-0.18097126630342833,0.00710732102390691,0.02220639668166247,0,Pw11
5783,PG_00047,G_00047,SRB-9001011.001.Pw11_vs_DMSO,0.8529168228645211,0.5774139465721493,1.0,0,Pw11
5785,PG_00048,G_00048,SRB-9001011.001.Pw11_vs_DMSO,1.194040360163101,0.2218139221060781,1.0,0,Pw11
5787,PG_00049,G_00049,SRB-9001011.001.Pw11_vs_DMSO,-2.4534486226169854,0.688437142503837,1.0,0,Pw11
5789,PG_00050,G_00050,SRB-9001011.001.Pw11_vs_DMSO,0.9377492543424816,0.8610942768909751,1.0,0,Pw11
5791,PG_00051,G_00051,SRB-9001011.001.Pw11_vs_DMSO,0.9661989094576693,0.277134725014031,1.0,0,Pw11
5793,PG_00052,G_00052,SRB-9001011.001.Pw11_vs_DMSO,1.3357974322029846,0.9078653362667922,1.0,0,Pw11
5795,PG_00053,G_00053,SRB-9001011.001.Pw11_vs_DMSO,0.7636028322251619,0.7917935010428724,1.0,0,Pw11
5797,PG_00054,G_00054,SRB-9001011.001.Pw11_vs_DMSO,-0.11401701632410047,0.7829774112136242,1.0,0,Pw11
5799,PG_00055,G_00055,SRB-9001011.001.Pw11_vs_DMSO,-2.6506062458839494,0.2569346196657752,0.29493287329649215,0,Pw11
5801,PG_00056,G_00056,SRB-9001011.001.Pw11_vs_DMSO,-0.23968207565164884,0.2378101956322457,0.30946802081808716,0,Pw11
5803,PG_00057,G_00057,SRB-9001011.001.Pw11_vs_DMSO,-1.4202476056554894,0.07076135168116499,0.34241717463329724,0,Pw11
5805,PG_00058,G_00058,SRB-9001011.001.Pw11_vs_DMSO,1.2050287117871952,0.8450476633774512,1.0,0,Pw11
5807,PG_00059,G_00059,SRB-9001011.001.Pw11_vs_DMSO,-0.8406447658704781,0.3049005879481812,0.7155574888082394,0,Pw11
